formula,gap_ev,basis,n_reports,values,sources
Ag(AuS)2,0.0,consensus of 1 report,1,0,Zhuo 2018
Ag(W3Br7)2,0.0,consensus of 1 report,1,0,Zhuo 2018
Ag0.5Ge1Pb1.75S4,1.83,consensus of 1 report,1,1.83,Zhuo 2018
Ag0.5Ge1Pb1.75Se4,1.51,consensus of 1 report,1,1.51,Zhuo 2018
Ag2BBr,0.0,consensus of 1 report,1,0,Zhuo 2018
Ag2BiO3,0.0,consensus of 1 report,1,0,Zhuo 2018
Ag2GeS3,1.98,Borlido 2019,2,1.98; 1.98,Borlido 2019; Zhuo 2018
Ag2GeSe3,0.905,consensus of 2 reports,2,0.9; 0.91,Zhuo 2018
Ag2GeTe3,0.16,consensus of 2 reports,2,0.07; 0.25,Zhuo 2018
Ag2HgI4,2.47,consensus of 1 report,1,2.47,Zhuo 2018
Ag2Mo(I2O7)2,3.06,consensus of 1 report,1,3.06,Zhuo 2018
Ag2MoO4,3.4,Borlido 2019,1,3.4,Borlido 2019
Ag2O,1.3,Borlido 2019,6,1.3; 1.4; 1.5; 1.57; 1.59; 1.6,Borlido 2019; Zhuo 2018
Ag2PdO2,0.18,Borlido 2019,2,0.18; 0.18,Borlido 2019; Zhuo 2018
Ag2S,0.85,Borlido 2019,5,0.85; 0.87; 1; 1.03; 1.23,Borlido 2019; Zhuo 2018
Ag2Se,0.15,Borlido 2019,1,0.15,Borlido 2019
Ag2SnS3,1.37,consensus of 3 reports,3,1.26; 1.37; 1.43,Zhuo 2018
Ag2SnSe3,0.81,consensus of 3 reports,3,0.7; 0.81; 0.84,Zhuo 2018
Ag3AsO4,0.0,consensus of 1 report,1,0,Zhuo 2018
Ag3AsS3,2.13,Borlido 2019,9,1.86; 1.98; 2; 2.03; 2.1; 2.13; 2.18; 2.2; 2.24,Borlido 2019; Zhuo 2018
Ag3AsSe3,2.1,consensus of 7 reports,7,1.86; 1.98; 2.07; 2.1; 2.18; 2.2; 2.24,Zhuo 2018
Ag3Pd,0.0,consensus of 1 report,1,0,Zhuo 2018
Ag3RuO4,0.0,consensus of 1 report,1,0,Zhuo 2018
Ag3SbS3,1.93,Borlido 2019,13,1.75; 1.77; 1.81; 1.93; 2.02; 2.05; 2.08; 2.1; 2.13; 2.17; 2.17; 2.2; 2.33,Borlido 2019; Zhuo 2018
Ag5IO6,1.4,Borlido 2019,2,1.4; 1.4,Borlido 2019; Zhuo 2018
Ag7(SI)2,0.0,consensus of 1 report,1,0,Zhuo 2018
Ag7AsS6,1.0,consensus of 1 report,1,1,Zhuo 2018
Ag7AsSe6,1.0,consensus of 1 report,1,1,Zhuo 2018
Ag7NO11,0.0,consensus of 1 report,1,0,Zhuo 2018
Ag8GeS6,1.18,consensus of 1 report,1,1.18,Zhuo 2018
Ag8SnSe6,0.71,consensus of 1 report,1,0.71,Zhuo 2018
Ag9(PbO3)4,0.0,consensus of 1 report,1,0,Zhuo 2018
Ag9Ge2IO8,0.0,consensus of 1 report,1,0,Zhuo 2018
AgAsS2,2.2,consensus of 2 reports,2,2.14; 2.26,Zhuo 2018
AgAsSe2,1.4,consensus of 1 report,1,1.4,Zhuo 2018
AgAu3,0.0,consensus of 1 report,1,0,Zhuo 2018
AgBi(PS3)2,1.7,Borlido 2019,2,1.7; 1.7,Borlido 2019; Zhuo 2018
AgBi(PSe3)2,1.4,Borlido 2019,2,1.4; 1.4,Borlido 2019; Zhuo 2018
AgBiPbS3,1.2,consensus of 1 report,1,1.2,Zhuo 2018
AgBiPbSe3,0.13,consensus of 1 report,1,0.13,Zhuo 2018
AgBiS2,0.9,consensus of 1 report,1,0.9,Zhuo 2018
AgBiSe2,0.34,consensus of 1 report,1,0.34,Zhuo 2018
AgBr,2.71,Borlido 2019,2,2.52; 2.71,Borlido 2019; Zhuo 2018
AgCl,3.25,Borlido 2019,2,3.25; 5.13,Borlido 2019; Zhuo 2018
AgF,2.8,Borlido 2019,2,2.8; 2.8,Borlido 2019; Zhuo 2018
AgGeO3,0.0,consensus of 1 report,1,0,Zhuo 2018
AgI,2.965,Borlido 2019,8,2.8; 2.82; 2.91; 2.92; 3.01; 3.02; 3.02; 3.02,Borlido 2019; Zhuo 2018
AgN3,3.67,consensus of 2 reports,2,3.44; 3.9,Zhuo 2018
AgO,1.57,consensus of 1 report,1,1.57,Zhuo 2018
AgP15,1.47,consensus of 1 report,1,1.47,Zhuo 2018
AgPd(IO3)3,1.5,consensus of 1 report,1,1.5,Zhuo 2018
AgPdO2,0.0,consensus of 1 report,1,0,Zhuo 2018
AgPt3,0.0,consensus of 1 report,1,0,Zhuo 2018
AgS,1.25,consensus of 6 reports,6,0.9; 1; 1.2; 1.3; 1.34; 1.4,Zhuo 2018
AgSO4,0.18,consensus of 1 report,1,0.18,Zhuo 2018
AgSbS2,1.9,consensus of 3 reports,3,1.88; 1.9; 1.99,Zhuo 2018
AgSbSe2,0.67,consensus of 5 reports,5,0.58; 0.62; 0.67; 0.74; 0.85,Zhuo 2018
AgSbTe2,0.48,consensus of 3 reports,3,0.35; 0.48; 0.6,Zhuo 2018
AgTe,0.79,consensus of 2 reports,2,0.73; 0.85,Zhuo 2018
AgTe2As,0.8,consensus of 1 report,1,0.8,Zhuo 2018
Al(Ni10B7)2,0.0,consensus of 1 report,1,0,Zhuo 2018
Al(NiS2)2,0.0,consensus of 1 report,1,0,Zhuo 2018
Al0.01Cd0.99Sb0.01Te0.99,1.6,consensus of 1 report,1,1.6,Zhuo 2018
Al0.01Ga0.99P1,2.27,consensus of 1 report,1,2.27,Zhuo 2018
Al0.01In0.99P1,1.3,consensus of 1 report,1,1.3,Zhuo 2018
Al0.05Cd0.95Sb0.05Te0.95,1.37,consensus of 1 report,1,1.37,Zhuo 2018
Al0.15Ga0.85As1,1.6,consensus of 1 report,1,1.6,Zhuo 2018
Al0.1Cd0.9Sb0.1Te0.9,1.36,consensus of 1 report,1,1.36,Zhuo 2018
Al0.1In0.9P1,1.5,consensus of 1 report,1,1.5,Zhuo 2018
Al0.2Ga0.8P1,2.3,consensus of 1 report,1,2.3,Zhuo 2018
Al0.2In0.8P1,1.7,consensus of 1 report,1,1.7,Zhuo 2018
Al0.35Ga0.65As1,2.0,consensus of 1 report,1,2,Zhuo 2018
Al0.3Ga0.7As1,1.81,consensus of 1 report,1,1.81,Zhuo 2018
Al0.3In0.7P1,1.9,consensus of 1 report,1,1.9,Zhuo 2018
Al0.45Cd0.55Sb0.45Te0.55,1.93,consensus of 1 report,1,1.93,Zhuo 2018
Al0.4Cd0.6Sb0.4Te0.6,1.8,consensus of 1 report,1,1.8,Zhuo 2018
Al0.4Ga0.6P1,2.35,consensus of 1 report,1,2.35,Zhuo 2018
Al0.4In0.6P1,2.12,consensus of 1 report,1,2.12,Zhuo 2018
Al0.5Ga0.5As1,2.12,consensus of 1 report,1,2.12,Zhuo 2018
Al0.5In0.5P1,2.35,consensus of 2 reports,2,2.3; 2.4,Zhuo 2018
Al0.6Ga0.4As1,2.3,consensus of 1 report,1,2.3,Zhuo 2018
Al0.6Ga0.4P1,2.4,consensus of 1 report,1,2.4,Zhuo 2018
Al0.6In0.4P1,2.3,consensus of 1 report,1,2.3,Zhuo 2018
Al0.75Ga0.25As1,2.42,consensus of 1 report,1,2.42,Zhuo 2018
Al0.7In0.3P1,2.3,consensus of 1 report,1,2.3,Zhuo 2018
Al0.8Ga0.2P1,2.43,consensus of 1 report,1,2.43,Zhuo 2018
Al0.99Cd0.01Sb0.99Te0.01,2.21,consensus of 1 report,1,2.21,Zhuo 2018
Al0.99Ga0.01P1,2.49,consensus of 1 report,1,2.49,Zhuo 2018
Al0.99In0.01P1,2.4,consensus of 1 report,1,2.4,Zhuo 2018
Al10V,0.0,consensus of 1 report,1,0,Zhuo 2018
Al13Ru4,0.0,consensus of 1 report,1,0,Zhuo 2018
Al2(CuSe2)3,0.0,consensus of 1 report,1,0,Zhuo 2018
Al21Pt8,0.0,consensus of 1 report,1,0,Zhuo 2018
Al2CdS4,3.58,Borlido 2019,1,3.58,Borlido 2019
Al2CoIr,0.0,consensus of 1 report,1,0,Zhuo 2018
Al2Cr2O7,0.0,consensus of 1 report,1,0,Zhuo 2018
Al2CrS4,0.0,consensus of 1 report,1,0,Zhuo 2018
Al2Cu,0.0,consensus of 1 report,1,0,Zhuo 2018
Al2FeNi,0.0,consensus of 1 report,1,0,Zhuo 2018
Al2O3,8.8,Borlido 2019,1,8.8,Borlido 2019
Al2Ru,0.0,consensus of 1 report,1,0,Zhuo 2018
Al2S3,4.1,consensus of 1 report,1,4.1,Zhuo 2018
Al2Se3,3.125,consensus of 2 reports,2,3.1; 3.15,Zhuo 2018
Al2Te3,2.35,consensus of 2 reports,2,2.2; 2.5,Zhuo 2018
Al2ZnS4,3.5,Borlido 2019,1,3.5,Borlido 2019
Al4Cu2O7,0.0,consensus of 1 report,1,0,Zhuo 2018
Al4Cu9,0.0,consensus of 1 report,1,0,Zhuo 2018
Al5Rh2,0.0,consensus of 1 report,1,0,Zhuo 2018
Al6Fe,0.0,consensus of 1 report,1,0,Zhuo 2018
Al6Ru,0.0,consensus of 1 report,1,0,Zhuo 2018
Al7(CN)3,0.0,consensus of 1 report,1,0,Zhuo 2018
Al9Co2,0.0,consensus of 1 report,1,0,Zhuo 2018
Al9Ir2,0.0,consensus of 1 report,1,0,Zhuo 2018
Al9Rh2,0.0,consensus of 1 report,1,0,Zhuo 2018
AlAgO2,2.95,Borlido 2019,2,2.95; 3.6,Borlido 2019; Zhuo 2018
AlAgS2,3.13,Borlido 2019,2,3.13; 3.13,Borlido 2019; Zhuo 2018
AlAgSe2,2.55,Borlido 2019,2,2.55; 2.55,Borlido 2019; Zhuo 2018
AlAgTe2,2.35,Borlido 2019,3,1.8; 1.9; 2.35,Borlido 2019; Zhuo 2018
AlAs,2.23,Borlido 2019,2,0; 2.23,Borlido 2019; Zhuo 2018
AlB12,1.96,consensus of 3 reports,3,1.9; 1.96; 2.2,Zhuo 2018
AlB2,0.0,consensus of 1 report,1,0,Zhuo 2018
AlBi,0.4,consensus of 1 report,1,0.4,Zhuo 2018
AlCoO3,0.0,consensus of 1 report,1,0,Zhuo 2018
AlCu3,0.0,consensus of 1 report,1,0,Zhuo 2018
AlCu7O12,0.0,consensus of 1 report,1,0,Zhuo 2018
AlCuO2,2.99,Borlido 2019,1,2.99,Borlido 2019
AlCuS2,3.45,Borlido 2019,2,3.45; 3.5,Borlido 2019; Zhuo 2018
AlCuSe2,2.68,Borlido 2019,3,2.5; 2.68; 2.7,Borlido 2019; Zhuo 2018
AlCuTe2,2.06,consensus of 1 report,1,2.06,Zhuo 2018
AlFe2Si,0.0,consensus of 1 report,1,0,Zhuo 2018
AlFe4(CuO4)3,0.0,consensus of 1 report,1,0,Zhuo 2018
AlIr,0.0,consensus of 1 report,1,0,Zhuo 2018
AlN,6.11,Borlido 2019 + curated literature,7,5.9; 6.03; 6.09; 6.11; 6.11; 6.2; 6.28,Borlido 2019; Zhuo 2018; curated literature
AlNi2,0.0,consensus of 1 report,1,0,Zhuo 2018
AlP,2.45,Borlido 2019,12,2.42; 2.43; 2.45; 2.5; 2.51; 2.51; 2.52; 2.53; 3; 3.1; 3.62; 3.63,Borlido 2019; Zhuo 2018
AlPO4,7.89,Borlido 2019,1,7.89,Borlido 2019
AlPd5I2,0.0,consensus of 1 report,1,0,Zhuo 2018
AlSb,1.69,Borlido 2019 + curated literature,17,1.32; 1.49; 1.5; 1.52; 1.6; 1.62; 1.63; 1.65; 1.67; 1.68; 1.69; 1.69; 1.69; 1.7; 1.7; 1.8; 2.22,Borlido 2019; Zhuo 2018; curated literature
AlSn,0.0,consensus of 1 report,1,0,Zhuo 2018
AlV(TeO4)2,2.9,consensus of 1 report,1,2.9,Zhuo 2018
AlVCo2,0.0,consensus of 1 report,1,0,Zhuo 2018
Ar,14.15,Borlido 2019,1,14.15,Borlido 2019
As2Ir,1.0,consensus of 1 report,1,1,Zhuo 2018
As2O3,4.0,consensus of 1 report,1,4,Zhuo 2018
As2Os,0.92,Borlido 2019,3,0.9; 0.92; 0.92,Borlido 2019; Zhuo 2018
As2Pt,0.55,consensus of 3 reports,3,0.5; 0.55; 0.8,Zhuo 2018
As2Rh,1.15,consensus of 1 report,1,1.15,Zhuo 2018
As2Ru,0.8,consensus of 1 report,1,0.8,Zhuo 2018
As2S3,2.6,Borlido 2019,25,1.89; 2; 2.06; 2.1; 2.2; 2.21; 2.23; 2.32; 2.35; 2.36; 2.36; 2.37; 2.43; 2.45; 2.48; 2.5; 2.56; 2.57; 2.6; 2.6; 2.64; 2.74; 2.78; 2.8; 3,Borlido 2019; Zhuo 2018
As2S5,2.48,consensus of 1 report,1,2.48,Zhuo 2018
As2Se3,2.15,Borlido 2019,8,1.7; 1.73; 1.77; 1.8; 1.81; 1.84; 1.85; 2.15,Borlido 2019; Zhuo 2018
AsAu3,0.0,consensus of 1 report,1,0,Zhuo 2018
AsBr3,2.6,consensus of 1 report,1,2.6,Zhuo 2018
AsI3,2.47,Borlido 2019,4,2.29; 2.47; 2.47; 2.54,Borlido 2019; Zhuo 2018
AsOsS,1.3,consensus of 1 report,1,1.3,Zhuo 2018
AsP,0.23,consensus of 1 report,1,0.23,Zhuo 2018
AsPPd,0.45,consensus of 1 report,1,0.45,Zhuo 2018
AsPPt,0.4,consensus of 1 report,1,0.4,Zhuo 2018
AsPRu,0.8,consensus of 1 report,1,0.8,Zhuo 2018
AsPd3Pb2,0.0,consensus of 1 report,1,0,Zhuo 2018
AsRuS,1.2,consensus of 1 report,1,1.2,Zhuo 2018
AsS,2.4,consensus of 1 report,1,2.4,Zhuo 2018
AsSI,2.05,consensus of 1 report,1,2.05,Zhuo 2018
AsSeBr,0.0,consensus of 1 report,1,0,Zhuo 2018
AsSeI,1.76,consensus of 1 report,1,1.76,Zhuo 2018
Au3S,0.0,consensus of 1 report,1,0,Zhuo 2018
AuBrO2,0.0,consensus of 1 report,1,0,Zhuo 2018
B,2.0,Borlido 2019,1,2,Borlido 2019
B2Mo(PbO2)6,2.9,consensus of 1 report,1,2.9,Zhuo 2018
B2Se2O7,4.64,consensus of 1 report,1,4.64,Zhuo 2018
B3H2Pb2O7.5,4.42,consensus of 1 report,1,4.42,Zhuo 2018
B3Pb10Br3O13,3.25,consensus of 1 report,1,3.25,Zhuo 2018
B3Pb3NO10,3.64,consensus of 1 report,1,3.64,Zhuo 2018
B4C,1.64,consensus of 1 report,1,1.64,Zhuo 2018
B4H2Pb6O13,3.24,consensus of 1 report,1,3.24,Zhuo 2018
B4W,0.0,consensus of 1 report,1,0,Zhuo 2018
B5Mo2,0.0,consensus of 1 report,1,0,Zhuo 2018
B6As,1.51,consensus of 1 report,1,1.51,Zhuo 2018
B6P,3.35,Borlido 2019,3,3.3; 3.3; 3.35,Borlido 2019; Zhuo 2018
BAs,1.455,consensus of 2 reports,2,1.45; 1.46,Zhuo 2018
BH(PbO2)2,3.76,consensus of 1 report,1,3.76,Zhuo 2018
BMo,0.0,consensus of 1 report,1,0,Zhuo 2018
BN,6.16,Borlido 2019,2,5.96; 6.36,Borlido 2019
BP,2.1,Borlido 2019,2,2.1; 4.2,Borlido 2019; Zhuo 2018
BPb2ClO3,3.99,consensus of 1 report,1,3.99,Zhuo 2018
BPb6BrO7,2.84,consensus of 1 report,1,2.84,Zhuo 2018
BPb7Br3O7,2.62,consensus of 1 report,1,2.62,Zhuo 2018
BRh2,0.0,consensus of 1 report,1,0,Zhuo 2018
BSb,2.6,consensus of 1 report,1,2.6,Zhuo 2018
BSbPbS4,1.8,consensus of 1 report,1,1.8,Zhuo 2018
BSe2Cl,0.0,consensus of 1 report,1,0,Zhuo 2018
BTe2As,0.0,consensus of 1 report,1,0,Zhuo 2018
Ba(AsPd)2,0.0,consensus of 1 report,1,0,Zhuo 2018
Ba(AsRh)2,0.0,consensus of 1 report,1,0,Zhuo 2018
Ba(BO2)2,6.43,consensus of 3 reports,3,6.2; 6.43; 6.7,Zhuo 2018
Ba(BRh)2,0.0,consensus of 1 report,1,0,Zhuo 2018
Ba(CuS)2,2.1,Borlido 2019,1,2.1,Borlido 2019
Ba(FeS2)2,0.0,consensus of 1 report,1,0,Zhuo 2018
Ba(GaS2)2,4.13,consensus of 1 report,1,4.13,Zhuo 2018
Ba(GaSe2)2,3.16,consensus of 1 report,1,3.16,Zhuo 2018
Ba(InS2)2,3.06,consensus of 1 report,1,3.06,Zhuo 2018
Ba(InSe2)2,2.63,consensus of 1 report,1,2.63,Zhuo 2018
Ba(NiP2)2,0.0,consensus of 1 report,1,0,Zhuo 2018
Ba(PdO2)2,0.0,consensus of 1 report,1,0,Zhuo 2018
Ba(SnO2)4,0.0,consensus of 1 report,1,0,Zhuo 2018
Ba(ZnAs)2,0.23,Borlido 2019,2,0.23; 0.23,Borlido 2019; Zhuo 2018
Ba1.88Ta15O32,0.13,consensus of 1 report,1,0.13,Zhuo 2018
Ba12In4S19,2.56,consensus of 1 report,1,2.56,Zhuo 2018
Ba14Ir8(PdO11)3,0.0,consensus of 1 report,1,0,Zhuo 2018
Ba14Na8CaN6,0.0,consensus of 1 report,1,0,Zhuo 2018
Ba23Ga8(SbS19)2,2.84,consensus of 1 report,1,2.84,Zhuo 2018
Ba2B4H2O9,5.12,consensus of 1 report,1,5.12,Zhuo 2018
Ba2B6H4O13,6.53,consensus of 1 report,1,6.53,Zhuo 2018
Ba2B6O11,5.17,consensus of 1 report,1,5.17,Zhuo 2018
Ba2CaOsO6,0.0,consensus of 1 report,1,0,Zhuo 2018
Ba2CaReO6,0.0,consensus of 1 report,1,0,Zhuo 2018
Ba2Ce2O5,0.0,consensus of 1 report,1,0,Zhuo 2018
Ba2CeInTe5,1.35,consensus of 1 report,1,1.35,Zhuo 2018
Ba2CoWO6,0.0,consensus of 1 report,1,0,Zhuo 2018
Ba2Cu5F14,0.0,consensus of 1 report,1,0,Zhuo 2018
Ba2DyCu3O7,0.0,consensus of 1 report,1,0,Zhuo 2018
Ba2DyGaSe5,2.35,consensus of 1 report,1,2.35,Zhuo 2018
Ba2DyGaTe5,1.13,consensus of 1 report,1,1.13,Zhuo 2018
Ba2DyInSe5,2.27,consensus of 1 report,1,2.27,Zhuo 2018
Ba2DyInTe5,1.35,consensus of 1 report,1,1.35,Zhuo 2018
Ba2ErGaSe5,1.95,consensus of 1 report,1,1.95,Zhuo 2018
Ba2ErGaTe5,1.15,consensus of 1 report,1,1.15,Zhuo 2018
Ba2ErInSe5,2.29,consensus of 1 report,1,2.29,Zhuo 2018
Ba2ErInTe5,1.35,consensus of 1 report,1,1.35,Zhuo 2018
Ba2FeMoO6,0.0,consensus of 1 report,1,0,Zhuo 2018
Ba2FeReO6,0.0,consensus of 1 report,1,0,Zhuo 2018
Ba2Ga8GeS16,3.0,consensus of 1 report,1,3,Zhuo 2018
Ba2Ga8SiS16,3.4,consensus of 1 report,1,3.4,Zhuo 2018
Ba2GaAsSe5,1.39,consensus of 1 report,1,1.39,Zhuo 2018
Ba2GaBiS5,2.38,consensus of 1 report,1,2.38,Zhuo 2018
Ba2GaBiSe5,2.21,consensus of 1 report,1,2.21,Zhuo 2018
Ba2GaBiTe5,1.43,consensus of 1 report,1,1.43,Zhuo 2018
Ba2GaS4,2.55,consensus of 1 report,1,2.55,Zhuo 2018
Ba2GaSbSe5,2.51,consensus of 1 report,1,2.51,Zhuo 2018
Ba2GaSbTe5,1.66,consensus of 1 report,1,1.66,Zhuo 2018
Ba2GaSe4,1.63,consensus of 1 report,1,1.63,Zhuo 2018
Ba2GdGaSe5,1.87,consensus of 1 report,1,1.87,Zhuo 2018
Ba2GdGaTe5,1.12,consensus of 1 report,1,1.12,Zhuo 2018
Ba2GdInSe5,2.24,consensus of 1 report,1,2.24,Zhuo 2018
Ba2GdInTe5,1.36,consensus of 1 report,1,1.36,Zhuo 2018
Ba2HgS5,2.4,consensus of 1 report,1,2.4,Zhuo 2018
Ba2In2S5,2.47,consensus of 1 report,1,2.47,Zhuo 2018
Ba2In2Se5,2.12,consensus of 1 report,1,2.12,Zhuo 2018
Ba2InAgS4,2.32,consensus of 1 report,1,2.32,Zhuo 2018
Ba2InBiS5,1.55,Borlido 2019,2,1.55; 1.55,Borlido 2019; Zhuo 2018
Ba2InSbSe5,1.92,consensus of 1 report,1,1.92,Zhuo 2018
Ba2LaIrO6,0.0,consensus of 1 report,1,0,Zhuo 2018
Ba2LiFe2N3,0.0,consensus of 1 report,1,0,Zhuo 2018
Ba2NaCu3S5,0.45,consensus of 1 report,1,0.45,Zhuo 2018
Ba2NdGaS5,2.12,consensus of 1 report,1,2.12,Zhuo 2018
Ba2NdGaSe5,2.18,consensus of 1 report,1,2.18,Zhuo 2018
Ba2NdInSe5,2.2,consensus of 1 report,1,2.2,Zhuo 2018
Ba2NdInTe5,1.37,consensus of 1 report,1,1.37,Zhuo 2018
Ba2ReNiO6,0.0,consensus of 1 report,1,0,Zhuo 2018
Ba2Sb7HO14,2.7,consensus of 1 report,1,2.7,Zhuo 2018
Ba2ScIrO6,0.0,consensus of 1 report,1,0,Zhuo 2018
Ba2ScTaO6,4.19,consensus of 1 report,1,4.19,Zhuo 2018
Ba2SmCu3O7,0.0,consensus of 1 report,1,0,Zhuo 2018
Ba2SmGaSe5,2.27,consensus of 1 report,1,2.27,Zhuo 2018
Ba2SmGaTe5,1.04,consensus of 1 report,1,1.04,Zhuo 2018
Ba2SmInSe5,2.22,consensus of 1 report,1,2.22,Zhuo 2018
Ba2SmInTe5,1.36,consensus of 1 report,1,1.36,Zhuo 2018
Ba2SmTaO6,3.02,consensus of 1 report,1,3.02,Zhuo 2018
Ba2SnSe4,1.9,consensus of 1 report,1,1.9,Zhuo 2018
Ba2SnSe5,1.8,consensus of 1 report,1,1.8,Zhuo 2018
Ba2TaInO6,4.17,Borlido 2019,2,4.17; 4.17,Borlido 2019; Zhuo 2018
Ba2TbIrO6,0.0,consensus of 1 report,1,0,Zhuo 2018
Ba2V2Te2O11,3.16,consensus of 1 report,1,3.16,Zhuo 2018
Ba2V2ZnO8,3.48,consensus of 1 report,1,3.48,Zhuo 2018
Ba2V4(TeO6)3,2.64,consensus of 1 report,1,2.64,Zhuo 2018
Ba2YGaSe5,2.31,consensus of 1 report,1,2.31,Zhuo 2018
Ba2YGaTe5,1.08,consensus of 1 report,1,1.08,Zhuo 2018
Ba2YInSe5,2.31,consensus of 1 report,1,2.31,Zhuo 2018
Ba2YInTe5,1.36,consensus of 1 report,1,1.36,Zhuo 2018
Ba2YReO6,0.0,consensus of 1 report,1,0,Zhuo 2018
Ba2Yb(CuO2)4,0.0,consensus of 1 report,1,0,Zhuo 2018
Ba2Zn0.2B2S5.2,3.54,consensus of 1 report,1,3.54,Zhuo 2018
Ba2ZnSe3,2.75,consensus of 1 report,1,2.75,Zhuo 2018
Ba2ZnTe3,2.1,consensus of 1 report,1,2.1,Zhuo 2018
Ba3(AlGe)2,0.0,consensus of 1 report,1,0,Zhuo 2018
Ba3(LiSn2)4,0.0,consensus of 1 report,1,0,Zhuo 2018
Ba3Ag2(SnS4)2,2.37,consensus of 1 report,1,2.37,Zhuo 2018
Ba3B1.5Sb0.5S6,3.01,consensus of 1 report,1,3.01,Zhuo 2018
Ba3BSbS6,2.62,consensus of 1 report,1,2.62,Zhuo 2018
Ba3BSbSe6,1.89,consensus of 1 report,1,1.89,Zhuo 2018
Ba3Bi0.5B1.5S6,2.43,consensus of 1 report,1,2.43,Zhuo 2018
Ba3Bi2TeO9,2.3,consensus of 1 report,1,2.3,Zhuo 2018
Ba3CaIr2O9,0.0,consensus of 1 report,1,0,Zhuo 2018
Ba3Cd(SnS4)2,2.75,consensus of 1 report,1,2.75,Zhuo 2018
Ba3Co10O17,0.0,consensus of 1 report,1,0,Zhuo 2018
Ba3CrS5,0.0,consensus of 1 report,1,0,Zhuo 2018
Ba3Dy2(PS4)4,3.28,consensus of 1 report,1,3.28,Zhuo 2018
Ba3Er2(PS4)4,3.3,consensus of 1 report,1,3.3,Zhuo 2018
Ba3ErRu2O9,0.0,consensus of 1 report,1,0,Zhuo 2018
Ba3Eu(PO4)3,4.09,consensus of 1 report,1,4.09,Zhuo 2018
Ba3FeS4Br,1.65,consensus of 1 report,1,1.65,Zhuo 2018
Ba3Gd2(PS4)4,3.41,consensus of 1 report,1,3.41,Zhuo 2018
Ba3GeS5,3.0,consensus of 1 report,1,3,Zhuo 2018
Ba3Ho2(PS4)4,3.3,consensus of 1 report,1,3.3,Zhuo 2018
Ba3In2(PO4)4,3.87,consensus of 1 report,1,3.87,Zhuo 2018
Ba3InS4Cl,3.42,consensus of 1 report,1,3.42,Zhuo 2018
Ba3La3(Cu3O7)2,1.8,consensus of 1 report,1,1.8,Zhuo 2018
Ba3MgTa2O9,4.28,Borlido 2019,2,4.28; 4.28,Borlido 2019; Zhuo 2018
Ba3N2,0.0,consensus of 1 report,1,0,Zhuo 2018
Ba3NaIr2O9,0.0,consensus of 1 report,1,0,Zhuo 2018
Ba3NaIrO6,0.0,consensus of 1 report,1,0,Zhuo 2018
Ba3Nb2CoO9,0.0,consensus of 1 report,1,0,Zhuo 2018
Ba3Nb2Se9,1.3,consensus of 1 report,1,1.3,Zhuo 2018
Ba3P3ClO10,6.89,consensus of 1 report,1,6.89,Zhuo 2018
Ba3PN,0.0,consensus of 1 report,1,0,Zhuo 2018
Ba3Sb2S7,2.4,consensus of 1 report,1,2.4,Zhuo 2018
Ba3Sn(SbSe4)2,0.97,consensus of 1 report,1,0.97,Zhuo 2018
Ba3Sn0.87Bi2.13Se8,0.79,consensus of 1 report,1,0.79,Zhuo 2018
Ba3Ta2Se9,1.6,consensus of 1 report,1,1.6,Zhuo 2018
Ba3Ta2ZnO9,4.32,consensus of 1 report,1,4.32,Zhuo 2018
Ba3Ta5NO14,2.8,consensus of 1 report,1,2.8,Zhuo 2018
Ba3Tb2(PS4)4,3.37,consensus of 1 report,1,3.37,Zhuo 2018
Ba3Te,0.0,consensus of 1 report,1,0,Zhuo 2018
Ba3V2(SeO4)4,2.87,consensus of 1 report,1,2.87,Zhuo 2018
Ba3YIr2O9,0.0,consensus of 1 report,1,0,Zhuo 2018
Ba3Yb4O9,0.0,consensus of 1 report,1,0,Zhuo 2018
Ba3ZrRu2O9,0.0,consensus of 1 report,1,0,Zhuo 2018
Ba4B11O20F,7.1,consensus of 1 report,1,7.1,Zhuo 2018
Ba4Ga4GeSe12,2.18,consensus of 1 report,1,2.18,Zhuo 2018
Ba4Ga4SnSe12,2.16,consensus of 1 report,1,2.16,Zhuo 2018
Ba4Ga5AgS12,2.52,consensus of 1 report,1,2.52,Zhuo 2018
Ba4Ga5CuS12,2.82,consensus of 1 report,1,2.82,Zhuo 2018
Ba4Ga5CuSe12,1.45,consensus of 1 report,1,1.45,Zhuo 2018
Ba4Ga5Si18,0.31,consensus of 1 report,1,0.31,Zhuo 2018
Ba4Ge3S9Cl2,2.91,consensus of 1 report,1,2.91,Zhuo 2018
Ba4Ge3Se9Cl2,1.89,consensus of 1 report,1,1.89,Zhuo 2018
Ba4InAgSe6,2.41,consensus of 1 report,1,2.41,Zhuo 2018
Ba4InCuSe6,2.23,consensus of 1 report,1,2.23,Zhuo 2018
Ba4LiGa5Se12,2.65,consensus of 1 report,1,2.65,Zhuo 2018
Ba4Nb14O23,0.0,consensus of 1 report,1,0,Zhuo 2018
Ba4Sb3S8Cl,2.09,consensus of 1 report,1,2.09,Zhuo 2018
Ba4Si20Au3,0.0,consensus of 1 report,1,0,Zhuo 2018
Ba4Si3Se9Cl2,1.76,consensus of 1 report,1,1.76,Zhuo 2018
Ba4Sm2Cu2O9,0.0,consensus of 1 report,1,0,Zhuo 2018
Ba4Yb(CuO3)3,0.0,consensus of 1 report,1,0,Zhuo 2018
Ba5(Ga2Se5)2,2.2,consensus of 1 report,1,2.2,Zhuo 2018
Ba5(GaSe4)2,2.51,consensus of 1 report,1,2.51,Zhuo 2018
Ba5Al2Ge7,0.0,consensus of 1 report,1,0,Zhuo 2018
Ba5Bi3,0.0,consensus of 1 report,1,0,Zhuo 2018
Ba5Cd(Ga2Se5)3,2.6,consensus of 1 report,1,2.6,Zhuo 2018
Ba5Ga6GeP12,1.39,consensus of 1 report,1,1.39,Zhuo 2018
Ba5Ga6SnP12,1.21,consensus of 1 report,1,1.21,Zhuo 2018
Ba5Ge3,0.0,consensus of 1 report,1,0,Zhuo 2018
Ba5In4Bi5,0.0,consensus of 1 report,1,0,Zhuo 2018
Ba5In4Te4S7,2.13,consensus of 1 report,1,2.13,Zhuo 2018
Ba5Sb3,0.0,consensus of 1 report,1,0,Zhuo 2018
Ba5V3O12F,3.85,consensus of 1 report,1,3.85,Zhuo 2018
Ba6Ag2.7Sn4.3S16,1.48,consensus of 2 reports,2,1.38; 1.58,Zhuo 2018
Ba6Al4B14O33,3.44,consensus of 1 report,1,3.44,Zhuo 2018
Ba6Ga2SnSe11,1.99,consensus of 1 report,1,1.99,Zhuo 2018
Ba6In2NF,0.0,consensus of 1 report,1,0,Zhuo 2018
Ba6Sn6Se13,1.52,consensus of 1 report,1,1.52,Zhuo 2018
Ba7(SnS3)5,2.29,consensus of 1 report,1,2.29,Zhuo 2018
Ba7B3O9F5,4.94,consensus of 1 report,1,4.94,Zhuo 2018
Ba7Ga5AgS15,2.6,consensus of 1 report,1,2.6,Zhuo 2018
Ba7Ru4Br2O15,0.0,consensus of 1 report,1,0,Zhuo 2018
Ba8Al10B12O41,3.1,consensus of 1 report,1,3.1,Zhuo 2018
Ba8Hg4Se7S5,1.98,consensus of 1 report,1,1.98,Zhuo 2018
Ba8Sn4S15,2.31,consensus of 1 report,1,2.31,Zhuo 2018
Ba8Ta7O24,0.0,consensus of 1 report,1,0,Zhuo 2018
BaAg,0.0,consensus of 1 report,1,0,Zhuo 2018
BaAg2,0.0,consensus of 1 report,1,0,Zhuo 2018
BaAg2GeS4,2.02,Borlido 2019,1,2.02,Borlido 2019
BaAg2SnS4,1.77,Borlido 2019,1,1.77,Borlido 2019
BaAgSbS3,2.2,consensus of 1 report,1,2.2,Zhuo 2018
BaAl2,0.0,consensus of 1 report,1,0,Zhuo 2018
BaAl4Se7,3.4,consensus of 1 report,1,3.4,Zhuo 2018
BaAlCu4O7,0.0,consensus of 1 report,1,0,Zhuo 2018
BaAu(IO3)5,2.32,consensus of 1 report,1,2.32,Zhuo 2018
BaAu2,0.0,consensus of 1 report,1,0,Zhuo 2018
BaBClF4,6.89,consensus of 1 report,1,6.89,Zhuo 2018
BaBSbS4,2.7,Borlido 2019,2,2.34; 2.7,Borlido 2019; Zhuo 2018
BaBiBS4,2.34,Borlido 2019,1,2.34,Borlido 2019
BaBiClO2,3.71,Borlido 2019,2,3.71; 3.71,Borlido 2019; Zhuo 2018
BaCaB2O5,5.6,consensus of 1 report,1,5.6,Zhuo 2018
BaCaSn3,0.0,consensus of 1 report,1,0,Zhuo 2018
BaCdSnS4,2.3,consensus of 1 report,1,2.3,Zhuo 2018
BaCl2,7.0,Borlido 2019,1,7,Borlido 2019
BaCu2GeS4,2.47,Borlido 2019,1,2.47,Borlido 2019
BaCu2SnSe4,1.72,Borlido 2019,2,0.48; 1.72,Borlido 2019; Zhuo 2018
BaCuSbS3,2.0,consensus of 1 report,1,2,Zhuo 2018
BaCuSbSe3,1.6,consensus of 1 report,1,1.6,Zhuo 2018
BaCuTeF,2.3,Borlido 2019,2,2.3; 2.3,Borlido 2019; Zhuo 2018
BaDy2CuO5,0.0,consensus of 1 report,1,0,Zhuo 2018
BaEu2Mn2O7,0.0,consensus of 1 report,1,0,Zhuo 2018
BaF2,9.1,Borlido 2019,5,9.06; 9.1; 9.1; 9.2; 9.21,Borlido 2019; Zhuo 2018
BaGa2GeS6,3.245,consensus of 2 reports,2,3.23; 3.26,Zhuo 2018
BaGa2GeSe6,2.515,consensus of 2 reports,2,2.22; 2.81,Zhuo 2018
BaGa2SiS6,3.75,consensus of 1 report,1,3.75,Zhuo 2018
BaGa2SiSe6,2.88,consensus of 1 report,1,2.88,Zhuo 2018
BaGa2SnSe6,1.775,consensus of 2 reports,2,1.6; 1.95,Zhuo 2018
BaGa4S7,3.54,consensus of 1 report,1,3.54,Zhuo 2018
BaGa4Se7,2.64,consensus of 1 report,1,2.64,Zhuo 2018
BaGe2,0.97,Borlido 2019,2,0.97; 1,Borlido 2019; Zhuo 2018
BaGe3Pt,0.0,consensus of 1 report,1,0,Zhuo 2018
BaGe4(IrS3)2,1.54,consensus of 1 report,1,1.54,Zhuo 2018
BaGe4(IrSe3)2,1.33,consensus of 1 report,1,1.33,Zhuo 2018
BaGe4(RhSe3)2,1.09,consensus of 1 report,1,1.09,Zhuo 2018
BaHgS2,1.93,Borlido 2019,2,1.93; 1.93,Borlido 2019; Zhuo 2018
BaHgSe2,1.56,consensus of 1 report,1,1.56,Zhuo 2018
BaIn2(P2O7)2,3.97,consensus of 1 report,1,3.97,Zhuo 2018
BaIn2Ir,0.0,consensus of 1 report,1,0,Zhuo 2018
BaLa2CoS5,0.0,consensus of 1 report,1,0,Zhuo 2018
BaLa2In2S7,1.87,consensus of 1 report,1,1.87,Zhuo 2018
BaLa2In2Se7,1.66,consensus of 1 report,1,1.66,Zhuo 2018
BaLa2Te5O14,3.81,consensus of 1 report,1,3.81,Zhuo 2018
BaLi4,0.0,consensus of 1 report,1,0,Zhuo 2018
BaMn4O7,0.0,consensus of 1 report,1,0,Zhuo 2018
BaMn4ZnO8,0.0,consensus of 1 report,1,0,Zhuo 2018
BaNa2GeS4,3.7,consensus of 1 report,1,3.7,Zhuo 2018
BaNa2GeSe4,2.25,consensus of 1 report,1,2.25,Zhuo 2018
BaNa2SnS4,3.27,consensus of 1 report,1,3.27,Zhuo 2018
BaNa2SnSe4,2.46,consensus of 1 report,1,2.46,Zhuo 2018
BaNaB5O9,4.78,consensus of 1 report,1,4.78,Zhuo 2018
BaNb4O6,0.0,consensus of 1 report,1,0,Zhuo 2018
BaO,4.8,Borlido 2019,2,4.8; 4.8,Borlido 2019; Zhuo 2018
BaPd(IO3)4,1.97,consensus of 1 report,1,1.97,Zhuo 2018
BaPdSe6,2.15,consensus of 1 report,1,2.15,Zhuo 2018
BaPrO3,2.0,consensus of 1 report,1,2,Zhuo 2018
BaPt5,0.0,consensus of 1 report,1,0,Zhuo 2018
BaReH9,3.44,consensus of 1 report,1,3.44,Zhuo 2018
BaS,3.81,Borlido 2019,3,3.81; 3.88; 3.9,Borlido 2019; Zhuo 2018
BaSe,3.42,Borlido 2019,4,3.42; 3.58; 3.6; 3.7,Borlido 2019; Zhuo 2018
BaSi,0.0,consensus of 1 report,1,0,Zhuo 2018
BaSi2,1.15,Borlido 2019,2,1.15; 1.3,Borlido 2019; Zhuo 2018
BaSn2S5,2.35,consensus of 1 report,1,2.35,Zhuo 2018
BaSn3,0.0,consensus of 1 report,1,0,Zhuo 2018
BaSnO3,3.7,Borlido 2019,2,3.1; 3.7,Borlido 2019; Zhuo 2018
BaTaNO2,1.78,consensus of 1 report,1,1.78,Zhuo 2018
BaTbMn2O6,0.0,consensus of 1 report,1,0,Zhuo 2018
BaTe,3.4,Borlido 2019,2,3.4; 3.4,Borlido 2019; Zhuo 2018
BaTeMo2O9,2.95,Borlido 2019,2,2.95; 3.12,Borlido 2019; Zhuo 2018
BaTi14O28,0.0,consensus of 1 report,1,0,Zhuo 2018
BaTi4O7,0.0,consensus of 1 report,1,0,Zhuo 2018
BaTi4O8,0.0,consensus of 1 report,1,0,Zhuo 2018
BaTiO3,3.06,consensus of 5 reports,5,2.96; 3.04; 3.06; 3.1; 3.13,Zhuo 2018
BaTl(MoO3)2,0.0,consensus of 1 report,1,0,Zhuo 2018
BaTl3,0.0,consensus of 1 report,1,0,Zhuo 2018
BaV2SeO8,2.13,consensus of 1 report,1,2.13,Zhuo 2018
BaYb2O4,0.0,consensus of 1 report,1,0,Zhuo 2018
BaYbSn3,0.0,consensus of 1 report,1,0,Zhuo 2018
BaZn(MoO2)4,0.0,consensus of 1 report,1,0,Zhuo 2018
BaZn5,0.0,consensus of 1 report,1,0,Zhuo 2018
BaZnGeSe4,2.46,consensus of 1 report,1,2.46,Zhuo 2018
BaZnSO,3.9,Borlido 2019,2,3.9; 3.9,Borlido 2019; Zhuo 2018
BaZnSiSe4,2.71,consensus of 1 report,1,2.71,Zhuo 2018
Be12Pt,0.0,consensus of 1 report,1,0,Zhuo 2018
Be22Re,0.0,consensus of 1 report,1,0,Zhuo 2018
Be2HgTe,0.0,consensus of 1 report,1,0,Zhuo 2018
Be2W,0.0,consensus of 1 report,1,0,Zhuo 2018
Be3N2,3.8,consensus of 1 report,1,3.8,Zhuo 2018
Be3Sb2,0.67,consensus of 1 report,1,0.67,Zhuo 2018
BeAlB,0.0,consensus of 1 report,1,0,Zhuo 2018
BeCu,0.0,consensus of 1 report,1,0,Zhuo 2018
BeFe2Si,0.0,consensus of 1 report,1,0,Zhuo 2018
BeGaO3,0.0,consensus of 1 report,1,0,Zhuo 2018
BeGaRh2,0.0,consensus of 1 report,1,0,Zhuo 2018
BeO,10.59,Borlido 2019,2,10.39; 10.59,Borlido 2019; Zhuo 2018
BePd2,0.0,consensus of 1 report,1,0,Zhuo 2018
BePd3,0.0,consensus of 1 report,1,0,Zhuo 2018
BeS,4.17,consensus of 1 report,1,4.17,Zhuo 2018
BeSe,5.5,Borlido 2019,2,4; 5.5,Borlido 2019; Zhuo 2018
BeSiOs2,0.0,consensus of 1 report,1,0,Zhuo 2018
BeSiRu2,0.0,consensus of 1 report,1,0,Zhuo 2018
BeTe,2.8,Borlido 2019,2,2.8; 2.89,Borlido 2019; Zhuo 2018
Bi0.002Te0.003Pb0.999Se0.999,0.79,consensus of 1 report,1,0.79,Zhuo 2018
Bi0.04Te0.06Pb0.98Se0.98,0.28,consensus of 1 report,1,0.28,Zhuo 2018
Bi0.2Sb1.8Te3,0.28,consensus of 1 report,1,0.28,Zhuo 2018
Bi0.2Te0.3Pb0.9Se0.9,0.25,consensus of 1 report,1,0.25,Zhuo 2018
Bi0.4Sb1.6Te3,0.21,consensus of 1 report,1,0.21,Zhuo 2018
Bi0.4Te0.6Pb0.8Se0.8,0.22,consensus of 1 report,1,0.22,Zhuo 2018
Bi0.6Sb1.4Te3,0.2,consensus of 1 report,1,0.2,Zhuo 2018
Bi1.4Sb0.6Te3,0.17,consensus of 1 report,1,0.17,Zhuo 2018
Bi1.6Sb0.4Te3,0.16,consensus of 1 report,1,0.16,Zhuo 2018
Bi1.8Sb0.2Te3,0.15,consensus of 1 report,1,0.15,Zhuo 2018
Bi1.98Sb0.02Te3,0.14,consensus of 1 report,1,0.14,Zhuo 2018
Bi12PO20,3.25,consensus of 1 report,1,3.25,Zhuo 2018
Bi12Rh12O41,0.0,consensus of 1 report,1,0,Zhuo 2018
Bi1Sb0.15,0.02,consensus of 1 report,1,0.02,Zhuo 2018
Bi2(BO3)3,0.0,consensus of 1 report,1,0,Zhuo 2018
Bi2(MoO4)3,2.9,consensus of 1 report,1,2.9,Zhuo 2018
Bi2(PO4)3,0.0,consensus of 1 report,1,0,Zhuo 2018
Bi24BO39,2.91,consensus of 1 report,1,2.91,Zhuo 2018
Bi2AsClO4,3.43,consensus of 1 report,1,3.43,Zhuo 2018
Bi2CO5,3.42,Borlido 2019,2,3.42; 3.42,Borlido 2019; Zhuo 2018
Bi2I4O13,3.3,consensus of 1 report,1,3.3,Zhuo 2018
Bi2Mo2Se2O13,3.15,consensus of 1 report,1,3.15,Zhuo 2018
Bi2O3,2.39,Borlido 2019,6,2.28; 2.5; 2.8; 2.85; 2.86; 2.91,Borlido 2019; Zhuo 2018
Bi2O5,0.0,consensus of 1 report,1,0,Zhuo 2018
Bi2Pd3S2,0.0,consensus of 1 report,1,0,Zhuo 2018
Bi2Pt,0.0,consensus of 1 report,1,0,Zhuo 2018
Bi2S3,1.45,Borlido 2019,6,1.2; 1.25; 1.3; 1.4; 1.45; 1.45,Borlido 2019; Zhuo 2018
Bi2SI2O11,3.74,consensus of 1 report,1,3.74,Zhuo 2018
Bi2Se3,0.22,Borlido 2019,3,0.22; 0.35; 0.4,Borlido 2019; Zhuo 2018
Bi2SeI2O11,3.7,consensus of 1 report,1,3.7,Zhuo 2018
Bi2Te0.03Se2.97,0.27,consensus of 1 report,1,0.27,Zhuo 2018
Bi2Te0.1Se2.9,0.78,consensus of 1 report,1,0.78,Zhuo 2018
Bi2Te0.3Se2.7,0.24,consensus of 1 report,1,0.24,Zhuo 2018
Bi2Te0.45Se2.55,0.2,consensus of 1 report,1,0.2,Zhuo 2018
Bi2Te0.4Se2.6,0.7,consensus of 1 report,1,0.7,Zhuo 2018
Bi2Te0.6Se2.4,0.28,consensus of 1 report,1,0.28,Zhuo 2018
Bi2Te0.9Se2.1,0.28,consensus of 1 report,1,0.28,Zhuo 2018
Bi2Te1.2Se1.8,0.28,consensus of 1 report,1,0.28,Zhuo 2018
Bi2Te1.5Se1.5,0.29,consensus of 1 report,1,0.29,Zhuo 2018
Bi2Te2.1Se0.9,0.295,consensus of 2 reports,2,0.29; 0.3,Zhuo 2018
Bi2Te2.4Se0.6,0.26,consensus of 2 reports,2,0.25; 0.27,Zhuo 2018
Bi2Te2.7Se0.3,0.205,consensus of 2 reports,2,0.2; 0.21,Zhuo 2018
Bi2Te2.97Se0.03,0.155,consensus of 2 reports,2,0.15; 0.16,Zhuo 2018
Bi2Te2SO10,3.6,consensus of 1 report,1,3.6,Zhuo 2018
Bi2Te2Se,0.3,consensus of 1 report,1,0.3,Zhuo 2018
Bi2Te3,0.15,Borlido 2019,2,0.15; 0.25,Borlido 2019; Zhuo 2018
Bi3BTeO9,2.6,consensus of 1 report,1,2.6,Zhuo 2018
Bi3I4O13F3,3.7,consensus of 1 report,1,3.7,Zhuo 2018
Bi3Se2NO11,3.59,consensus of 1 report,1,3.59,Zhuo 2018
Bi4I,0.0,consensus of 1 report,1,0,Zhuo 2018
Bi4Pb7Se13,0.29,consensus of 1 report,1,0.29,Zhuo 2018
Bi4Pd(SeO3)4,2.06,consensus of 1 report,1,2.06,Zhuo 2018
Bi5IO7,2.76,consensus of 1 report,1,2.76,Zhuo 2018
Bi7O5F11,4.05,consensus of 1 report,1,4.05,Zhuo 2018
Bi8Te7S5,0.4,consensus of 1 report,1,0.4,Zhuo 2018
Bi9S6O7.5,1.27,consensus of 1 report,1,1.27,Zhuo 2018
BiAs2Os,0.0,consensus of 1 report,1,0,Zhuo 2018
BiBPbO4,3.2,consensus of 1 report,1,3.2,Zhuo 2018
BiBr3,2.66,consensus of 1 report,1,2.66,Zhuo 2018
BiBrO,2.92,Borlido 2019,2,2.92; 2.92,Borlido 2019; Zhuo 2018
BiClO,3.46,Borlido 2019,2,3.46; 3.46,Borlido 2019; Zhuo 2018
BiF3,3.94,Borlido 2019,1,3.94,Borlido 2019
BiI3,1.67,Borlido 2019,8,1.67; 1.8; 1.81; 1.92; 1.93; 2; 2.03; 2.03,Borlido 2019; Zhuo 2018
BiIO,1.89,Borlido 2019,3,1.89; 1.89; 2.12,Borlido 2019; Zhuo 2018
BiIO3F2,3.97,consensus of 1 report,1,3.97,Zhuo 2018
BiO,0.0,consensus of 1 report,1,0,Zhuo 2018
BiP3(PbO4)3,3.7,consensus of 1 report,1,3.7,Zhuo 2018
BiPO4,3.85,consensus of 1 report,1,3.85,Zhuo 2018
BiPb2S2I3,1.6,consensus of 1 report,1,1.6,Zhuo 2018
BiPbBrO2,2.385,consensus of 2 reports,2,2.3; 2.47,Zhuo 2018
BiPbClO2,2.45,consensus of 1 report,1,2.45,Zhuo 2018
BiPd,0.0,consensus of 1 report,1,0,Zhuo 2018
BiSBr,1.95,Borlido 2019,3,1.88; 1.92; 1.95,Borlido 2019; Zhuo 2018
BiSCl,1.89,Borlido 2019,3,1.89; 1.89; 1.93,Borlido 2019; Zhuo 2018
BiSI,1.56,Borlido 2019,4,1.56; 1.56; 1.58; 1.64,Borlido 2019; Zhuo 2018
BiSbTe3,0.19,consensus of 1 report,1,0.19,Zhuo 2018
BiSe,0.4,consensus of 1 report,1,0.4,Zhuo 2018
BiSeBr,1.5,Borlido 2019,4,1.5; 1.5; 1.54; 1.96,Borlido 2019; Zhuo 2018
BiSeI,1.3,Borlido 2019,4,1.28; 1.3; 1.3; 1.32,Borlido 2019; Zhuo 2018
BiSeO3F,3.83,consensus of 1 report,1,3.83,Zhuo 2018
BiTeI,0.46,consensus of 1 report,1,0.46,Zhuo 2018
BiTeNO6,3.62,consensus of 1 report,1,3.62,Zhuo 2018
C,5.5,Borlido 2019,1,5.5,Borlido 2019
CBr4,3.7,consensus of 1 report,1,3.7,Zhuo 2018
CI4,2.26,consensus of 1 report,1,2.26,Zhuo 2018
Ca(AgGe)2,0.0,consensus of 1 report,1,0,Zhuo 2018
Ca(Al4Co)2,0.0,consensus of 1 report,1,0,Zhuo 2018
Ca(AlZn)2,0.0,consensus of 1 report,1,0,Zhuo 2018
Ca(BC)2,0.0,consensus of 1 report,1,0,Zhuo 2018
Ca(BIr)2,0.0,consensus of 1 report,1,0,Zhuo 2018
Ca(BiO2)2,3.08,consensus of 1 report,1,3.08,Zhuo 2018
Ca(CoGe)2,0.0,consensus of 1 report,1,0,Zhuo 2018
Ca(CoS2)4,0.0,consensus of 1 report,1,0,Zhuo 2018
Ca(GdS2)2,2.55,consensus of 1 report,1,2.55,Zhuo 2018
Ca(GeRh)2,0.0,consensus of 1 report,1,0,Zhuo 2018
Ca(LaS2)2,2.7,consensus of 1 report,1,2.7,Zhuo 2018
Ca(MnAs)2,0.0,consensus of 1 report,1,0,Zhuo 2018
Ca(NdS2)2,2.7,consensus of 1 report,1,2.7,Zhuo 2018
Ca(Ni2O3)2,0.0,consensus of 1 report,1,0,Zhuo 2018
Ca(PrS2)2,2.9,consensus of 1 report,1,2.9,Zhuo 2018
Ca(SiPd)2,0.0,consensus of 1 report,1,0,Zhuo 2018
Ca(SmS2)2,2.05,consensus of 1 report,1,2.05,Zhuo 2018
Ca(TiS2)4,0.0,consensus of 1 report,1,0,Zhuo 2018
Ca10Ge16(B2O17)3,5.47,consensus of 1 report,1,5.47,Zhuo 2018
Ca11Bi10,0.0,consensus of 1 report,1,0,Zhuo 2018
Ca11Ga7,0.0,consensus of 1 report,1,0,Zhuo 2018
Ca2Bi2O5,3.34,consensus of 1 report,1,3.34,Zhuo 2018
Ca2CdAs2,0.95,consensus of 1 report,1,0.95,Zhuo 2018
Ca2CdPb,0.0,consensus of 1 report,1,0,Zhuo 2018
Ca2Co9O13,0.0,consensus of 1 report,1,0,Zhuo 2018
Ca2CuWO6,0.0,consensus of 1 report,1,0,Zhuo 2018
Ca2Ge,1.0,consensus of 1 report,1,1,Zhuo 2018
Ca2GeN2,0.0,consensus of 1 report,1,0,Zhuo 2018
Ca2Mn9O13,0.0,consensus of 1 report,1,0,Zhuo 2018
Ca2MnAlO5,0.0,consensus of 1 report,1,0,Zhuo 2018
Ca2NiIrO6,0.0,consensus of 1 report,1,0,Zhuo 2018
Ca2Os2O7,0.0,consensus of 1 report,1,0,Zhuo 2018
Ca2Pb,0.46,Borlido 2019,1,0.46,Borlido 2019
Ca2PbAu2,0.0,consensus of 1 report,1,0,Zhuo 2018
Ca2ScSbO6,3.68,consensus of 1 report,1,3.68,Zhuo 2018
Ca2Si,1.9,Borlido 2019,2,1.9; 1.9,Borlido 2019; Zhuo 2018
Ca2SmTaO6,3.45,consensus of 1 report,1,3.45,Zhuo 2018
Ca2Sn,0.9,Borlido 2019,2,0.9; 0.9,Borlido 2019; Zhuo 2018
Ca2Sn2F3,0.0,consensus of 1 report,1,0,Zhuo 2018
Ca2SnS4,2.32,Borlido 2019,2,2.32; 2.32,Borlido 2019; Zhuo 2018
Ca2Ti9O13,0.0,consensus of 1 report,1,0,Zhuo 2018
Ca2TlCd,0.0,consensus of 1 report,1,0,Zhuo 2018
Ca2ZnRh,0.0,consensus of 1 report,1,0,Zhuo 2018
Ca3(BN2)2,4.0,consensus of 2 reports,2,3.9; 4.1,Zhuo 2018
Ca3(GaPt)2,0.0,consensus of 1 report,1,0,Zhuo 2018
Ca3Al2Ge3,0.0,consensus of 1 report,1,0,Zhuo 2018
Ca3Au,0.0,consensus of 1 report,1,0,Zhuo 2018
Ca3Au4,0.0,consensus of 1 report,1,0,Zhuo 2018
Ca3Bi(PO4)3,4.2,consensus of 1 report,1,4.2,Zhuo 2018
Ca3BiAs,0.0,consensus of 1 report,1,0,Zhuo 2018
Ca3BiSb,0.0,consensus of 1 report,1,0,Zhuo 2018
Ca3Cu2(ClO2)2,0.0,consensus of 1 report,1,0,Zhuo 2018
Ca3In,0.0,consensus of 1 report,1,0,Zhuo 2018
Ca3La2(SnS4)3,1.45,consensus of 1 report,1,1.45,Zhuo 2018
Ca3N2,1.55,consensus of 1 report,1,1.55,Zhuo 2018
Ca3PbN,0.0,consensus of 1 report,1,0,Zhuo 2018
Ca3Sb2,1.4,consensus of 1 report,1,1.4,Zhuo 2018
Ca3SbN,0.0,consensus of 1 report,1,0,Zhuo 2018
Ca3Sn2S7,0.0,consensus of 1 report,1,0,Zhuo 2018
Ca3Ti2(SiO4)3,1.65,consensus of 1 report,1,1.65,Zhuo 2018
Ca3TlN,0.0,consensus of 1 report,1,0,Zhuo 2018
Ca3Zr17O37,0.0,consensus of 1 report,1,0,Zhuo 2018
Ca4Al3O10,0.0,consensus of 1 report,1,0,Zhuo 2018
Ca4Bi6O13,2.76,consensus of 1 report,1,2.76,Zhuo 2018
Ca5(Bi7O13)2,2.6,consensus of 1 report,1,2.6,Zhuo 2018
Ca5Au2,0.0,consensus of 1 report,1,0,Zhuo 2018
Ca5B3O9F,6.53,consensus of 1 report,1,6.53,Zhuo 2018
Ca5Ir,0.0,consensus of 1 report,1,0,Zhuo 2018
Ca5Sb3,0.0,consensus of 1 report,1,0,Zhuo 2018
Ca5Sn4S13,0.0,consensus of 1 report,1,0,Zhuo 2018
Ca6Ag16N,0.0,consensus of 1 report,1,0,Zhuo 2018
Ca6Cu2Sn7,0.0,consensus of 1 report,1,0,Zhuo 2018
CaAgF5,0.0,consensus of 1 report,1,0,Zhuo 2018
CaAu5,0.0,consensus of 1 report,1,0,Zhuo 2018
CaB6,1.15,Borlido 2019,1,1.15,Borlido 2019
CaCO3,6.0,Borlido 2019,1,6,Borlido 2019
CaCdPd2,0.0,consensus of 1 report,1,0,Zhuo 2018
CaCdSi,0.0,consensus of 1 report,1,0,Zhuo 2018
CaCl2,6.9,Borlido 2019,1,6.9,Borlido 2019
CaCu5,0.0,consensus of 1 report,1,0,Zhuo 2018
CaEu2O3,0.0,consensus of 1 report,1,0,Zhuo 2018
CaEuO2,0.0,consensus of 1 report,1,0,Zhuo 2018
CaF2,12.1,Borlido 2019,3,9.92; 10; 12.1,Borlido 2019; Zhuo 2018
CaGa3Ni2,0.0,consensus of 1 report,1,0,Zhuo 2018
CaGaAu3,0.0,consensus of 1 report,1,0,Zhuo 2018
CaGaGe,0.0,consensus of 1 report,1,0,Zhuo 2018
CaGe2,0.0,consensus of 1 report,1,0,Zhuo 2018
CaH2,4.4,Borlido 2019,1,4.4,Borlido 2019
CaHfZn,0.0,consensus of 1 report,1,0,Zhuo 2018
CaHg2,0.0,consensus of 1 report,1,0,Zhuo 2018
CaI2,5.98,consensus of 1 report,1,5.98,Zhuo 2018
CaIn2Ir,0.0,consensus of 1 report,1,0,Zhuo 2018
CaIn4Ir,0.0,consensus of 1 report,1,0,Zhuo 2018
CaInAu,0.0,consensus of 1 report,1,0,Zhuo 2018
CaInPt,0.0,consensus of 1 report,1,0,Zhuo 2018
CaIrO3,0.0,consensus of 1 report,1,0,Zhuo 2018
CaMg2N2,3.25,Borlido 2019,2,3.25; 3.25,Borlido 2019; Zhuo 2018
CaMgSn,0.0,consensus of 1 report,1,0,Zhuo 2018
CaMnSn,0.0,consensus of 1 report,1,0,Zhuo 2018
CaNi5,0.0,consensus of 1 report,1,0,Zhuo 2018
CaO,6.88,Borlido 2019,6,6.88; 6.93; 6.97; 7; 7.03; 7.09,Borlido 2019; Zhuo 2018
CaOsO3,0.0,consensus of 1 report,1,0,Zhuo 2018
CaPb,0.0,consensus of 1 report,1,0,Zhuo 2018
CaPd3C,0.0,consensus of 1 report,1,0,Zhuo 2018
CaPrZn2,0.0,consensus of 1 report,1,0,Zhuo 2018
CaS,4.43,Borlido 2019,4,4.43; 5.38; 5.4; 6,Borlido 2019; Zhuo 2018
CaSe,3.85,Borlido 2019,3,3.85; 4.87; 5,Borlido 2019; Zhuo 2018
CaSnO3,4.4,Borlido 2019,2,4.4; 4.4,Borlido 2019; Zhuo 2018
CaTaNO2,2.4,consensus of 1 report,1,2.4,Zhuo 2018
CaTi4O8,0.0,consensus of 1 report,1,0,Zhuo 2018
CaTiO2,0.0,consensus of 1 report,1,0,Zhuo 2018
CaVO2,0.0,consensus of 1 report,1,0,Zhuo 2018
CaYbInSe4,0.0,consensus of 1 report,1,0,Zhuo 2018
CaZn2,0.0,consensus of 1 report,1,0,Zhuo 2018
CaZn3,0.0,consensus of 1 report,1,0,Zhuo 2018
CaZn3Ni2,0.0,consensus of 1 report,1,0,Zhuo 2018
CaZn5,0.0,consensus of 1 report,1,0,Zhuo 2018
CaZnSO,3.7,Borlido 2019,2,3.7; 3.7,Borlido 2019; Zhuo 2018
Cd(GaS2)2,3.31,Borlido 2019,3,3.31; 3.4; 3.44,Borlido 2019; Zhuo 2018
Cd(GaSe2)2,2.16,Borlido 2019,10,2.1; 2.16; 2.2; 2.25; 2.27; 2.41; 2.43; 2.48; 2.5; 2.75,Borlido 2019; Zhuo 2018
Cd(GaTe2)2,1.45,Borlido 2019,1,1.45,Borlido 2019
Cd(In15Te23)2,1.17,consensus of 1 report,1,1.17,Zhuo 2018
Cd(InS2)2,2.44,Borlido 2019,6,2; 2.2; 2.3; 2.44; 2.6; 2.7,Borlido 2019; Zhuo 2018
Cd(InSe2)2,1.505,Borlido 2019,7,1.3; 1.45; 1.46; 1.55; 1.57; 1.72; 2,Borlido 2019; Zhuo 2018
Cd(InTe2)2,1.17,consensus of 5 reports,5,0.9; 1.12; 1.17; 1.28; 1.44,Zhuo 2018
Cd(PS2)2,3.76,consensus of 1 report,1,3.76,Zhuo 2018
Cd0.01Ga0.99Sb0.99Te0.01,0.72,consensus of 1 report,1,0.72,Zhuo 2018
Cd0.01Hg0.99Se1,1.72,consensus of 1 report,1,1.72,Zhuo 2018
Cd0.01In0.99Te0.01As0.99,0.76,consensus of 1 report,1,0.76,Zhuo 2018
Cd0.02In0.98Te0.02As0.98,0.73,consensus of 1 report,1,0.73,Zhuo 2018
Cd0.03In0.97Te0.03As0.97,0.71,consensus of 1 report,1,0.71,Zhuo 2018
Cd0.04In0.96Te0.04As0.96,0.69,consensus of 1 report,1,0.69,Zhuo 2018
Cd0.05Ga0.95Sb0.95Te0.05,0.74,consensus of 1 report,1,0.74,Zhuo 2018
Cd0.05In0.95Te0.05As0.95,0.68,consensus of 1 report,1,0.68,Zhuo 2018
Cd0.06In0.94Te0.06As0.94,0.68,consensus of 1 report,1,0.68,Zhuo 2018
Cd0.07In0.93Te0.07As0.93,0.68,consensus of 1 report,1,0.68,Zhuo 2018
Cd0.1Ga0.9Sb0.9Te0.1,0.78,consensus of 1 report,1,0.78,Zhuo 2018
Cd0.1Hg0.9Se1,1.32,consensus of 3 reports,3,1.3; 1.32; 1.5,Zhuo 2018
Cd0.1In0.9Te0.1As0.9,0.69,consensus of 1 report,1,0.69,Zhuo 2018
Cd0.204Hg0.796Te1,0.06,consensus of 1 report,1,0.06,Zhuo 2018
Cd0.23Hg0.77Te1,0.165,consensus of 2 reports,2,0.12; 0.21,Zhuo 2018
Cd0.28Hg0.72Te1,0.21,consensus of 1 report,1,0.21,Zhuo 2018
Cd0.2Ga0.8Sb0.8Te0.2,0.8,consensus of 1 report,1,0.8,Zhuo 2018
Cd0.2Hg0.8Se1,1.1,consensus of 3 reports,3,0.95; 1.1; 1.3,Zhuo 2018
Cd0.2In2.4Ag0.4Te4,0.42,consensus of 1 report,1,0.42,Zhuo 2018
Cd0.35Hg0.65Te1,0.28,consensus of 1 report,1,0.28,Zhuo 2018
Cd0.37Hg0.63Te1,0.35,consensus of 1 report,1,0.35,Zhuo 2018
Cd0.3Hg0.7Se1,1.1,consensus of 1 report,1,1.1,Zhuo 2018
Cd0.3Hg0.7Te1,0.31,consensus of 2 reports,2,0.27; 0.35,Zhuo 2018
Cd0.4Hg0.6Se1,0.95,consensus of 1 report,1,0.95,Zhuo 2018
Cd0.5Hg0.5Se1,0.8,consensus of 1 report,1,0.8,Zhuo 2018
Cd0.5In2.25Ag0.25Te4,0.39,consensus of 1 report,1,0.39,Zhuo 2018
Cd0.5In2.2Ag0.4Te4,0.19,consensus of 1 report,1,0.19,Zhuo 2018
Cd0.6Hg0.4Se1,0.7,consensus of 1 report,1,0.7,Zhuo 2018
Cd0.75In2.1Ag0.2Te4,0.54,consensus of 1 report,1,0.54,Zhuo 2018
Cd0.7Hg0.3Se1,0.55,consensus of 1 report,1,0.55,Zhuo 2018
Cd0.8Hg0.2Se1,0.45,consensus of 1 report,1,0.45,Zhuo 2018
Cd0.8In2.1Ag0.1Te4,0.29,consensus of 1 report,1,0.29,Zhuo 2018
Cd0.99Ga0.01Sb0.01Te0.99,1.35,consensus of 1 report,1,1.35,Zhuo 2018
Cd0.99Hg0.01Se1,0.29,consensus of 1 report,1,0.29,Zhuo 2018
Cd0.9Hg0.1Se1,0.35,consensus of 1 report,1,0.35,Zhuo 2018
Cd12Ge17(B4O29)2,4.29,consensus of 1 report,1,4.29,Zhuo 2018
Cd13I28,0.0,consensus of 1 report,1,0,Zhuo 2018
Cd1Hg6.5As4Cl6,1.955,consensus of 2 reports,2,1.86; 2.05,Zhuo 2018
Cd1Se0.01S0.99,2.4,consensus of 1 report,1,2.4,Zhuo 2018
Cd1Se0.2S0.8,2.23,consensus of 1 report,1,2.23,Zhuo 2018
Cd1Se0.35S0.65,2.13,consensus of 1 report,1,2.13,Zhuo 2018
Cd1Se0.45S0.55,2.05,consensus of 1 report,1,2.05,Zhuo 2018
Cd1Se0.65S0.35,1.93,consensus of 1 report,1,1.93,Zhuo 2018
Cd1Se0.99S0.01,1.68,consensus of 1 report,1,1.68,Zhuo 2018
Cd2AgRh,0.0,consensus of 1 report,1,0,Zhuo 2018
Cd2InAgTe3,0.47,consensus of 1 report,1,0.47,Zhuo 2018
Cd2InCuTe3,0.7,consensus of 1 report,1,0.7,Zhuo 2018
Cd2InCuTe4,0.85,consensus of 1 report,1,0.85,Zhuo 2018
Cd2PbO4,0.0,consensus of 1 report,1,0,Zhuo 2018
Cd3AgPS6,2.56,consensus of 1 report,1,2.56,Zhuo 2018
Cd3As2,0.155,consensus of 8 reports,8,0.11; 0.12; 0.13; 0.14; 0.17; 0.19; 0.24; 0.43,Zhuo 2018
Cd3Bi(PO4)3,3.9,consensus of 1 report,1,3.9,Zhuo 2018
Cd3Bi2,0.2,consensus of 1 report,1,0.2,Zhuo 2018
Cd3In2(Te2S)2,1.23,consensus of 1 report,1,1.23,Zhuo 2018
Cd3P2,0.555,consensus of 9 reports,10,0.5; 0.52; 0.53; 0.54; 0.55; 0.56; 0.58; 0.59; 0.59; 0.6,Zhuo 2018
Cd3Sb2,0.3,consensus of 1 report,1,0.3,Zhuo 2018
Cd3Te2MoO10,3.81,consensus of 1 report,1,3.81,Zhuo 2018
Cd4As2Br3,1.88,consensus of 3 reports,3,1.78; 1.88; 1.93,Zhuo 2018
Cd4As2I3,2.095,consensus of 2 reports,2,1.89; 2.3,Zhuo 2018
Cd4P2Br3,2.19,consensus of 1 report,1,2.19,Zhuo 2018
Cd4P2Cl3,2.205,consensus of 2 reports,2,2.17; 2.24,Zhuo 2018
Cd4P2I3,2.17,consensus of 1 report,1,2.17,Zhuo 2018
Cd4Sb2I3,1.83,consensus of 1 report,1,1.83,Zhuo 2018
Cd4Sb3,1.25,consensus of 1 report,1,1.25,Zhuo 2018
Cd5Ga2(Te3S)2,1.29,consensus of 1 report,1,1.29,Zhuo 2018
Cd6P7,0.85,consensus of 1 report,1,0.85,Zhuo 2018
Cd8B5O15F,3.14,consensus of 1 report,1,3.14,Zhuo 2018
CdAg,0.0,consensus of 1 report,1,0,Zhuo 2018
CdAg2(PS3)2,2.49,consensus of 1 report,1,2.49,Zhuo 2018
CdAg2GeS4,2.32,consensus of 1 report,1,2.32,Zhuo 2018
CdAs2,1.0,Borlido 2019,7,0.89; 1; 1; 1.04; 1.13; 1.14; 1.2,Borlido 2019; Zhuo 2018
CdAsPd5,0.0,consensus of 1 report,1,0,Zhuo 2018
CdAuO2,0.0,consensus of 1 report,1,0,Zhuo 2018
CdBiClO2,3.08,consensus of 1 report,1,3.08,Zhuo 2018
CdBr2,4.47,consensus of 1 report,1,4.47,Zhuo 2018
CdCl2,5.75,consensus of 2 reports,2,5.7; 5.8,Zhuo 2018
CdCu(SeO3)2,3.33,consensus of 1 report,1,3.33,Zhuo 2018
CdCu2GeS4,2.05,Borlido 2019,2,2.05; 2.05,Borlido 2019; Zhuo 2018
CdCu2GeSe4,1.2,Borlido 2019,2,1.2; 1.2,Borlido 2019; Zhuo 2018
CdCu2SnS4,1.385,consensus of 2 reports,2,1.37; 1.4,Zhuo 2018
CdCu2SnSe4,0.96,consensus of 1 report,1,0.96,Zhuo 2018
CdF2,6.0,consensus of 1 report,1,6,Zhuo 2018
CdGeAs2,0.67,Borlido 2019,10,0.41; 0.5; 0.53; 0.56; 0.61; 0.65; 0.67; 0.72; 0.85; 1.1,Borlido 2019; Zhuo 2018
CdGeP2,1.73,Borlido 2019,4,1.65; 1.73; 1.73; 1.8,Borlido 2019; Zhuo 2018
CdHIO4,4.35,consensus of 1 report,1,4.35,Zhuo 2018
CdHg4(AsI2)2,1.45,Borlido 2019,2,1.45; 1.45,Borlido 2019; Zhuo 2018
CdHg6(As2Br3)2,1.915,consensus of 2 reports,2,1.89; 1.94,Zhuo 2018
CdI2,3.47,Borlido 2019,2,3.47; 3.8,Borlido 2019; Zhuo 2018
CdIClO3,4.3,consensus of 1 report,1,4.3,Zhuo 2018
CdIn,0.6,consensus of 1 report,1,0.6,Zhuo 2018
CdIn8Te13,1.02,consensus of 1 report,1,1.02,Zhuo 2018
CdInCuSe3,1.66,consensus of 1 report,1,1.66,Zhuo 2018
CdO,2.3,consensus of 1 report,1,2.3,Zhuo 2018
CdP2,2.12,consensus of 4 reports,4,2.02; 2.11; 2.13; 2.15,Zhuo 2018
CdP4,1.15,Borlido 2019,7,0.9; 0.91; 0.99; 1; 1.05; 1.15; 1.15,Borlido 2019; Zhuo 2018
CdP4PbO12,4.86,consensus of 2 reports,2,4.85; 4.87,Zhuo 2018
CdPd,0.0,consensus of 1 report,1,0,Zhuo 2018
CdPt,0.0,consensus of 1 report,1,0,Zhuo 2018
CdRhF6,0.0,consensus of 1 report,1,0,Zhuo 2018
CdS,2.48,Borlido 2019,28,2.39; 2.4; 2.41; 2.42; 2.43; 2.44; 2.48; 2.49; 2.5; 2.5; 2.52; 2.52; 2.53; 2.53; 2.55; 2.57; 2.58; 2.58; 2.58; 2.58; 2.58; 2.59; 2.6; 2.6; 2.6; 2.64; 2.66; 2.66,Borlido 2019; Zhuo 2018
CdSb,0.46,Borlido 2019,18,0.42; 0.43; 0.43; 0.45; 0.46; 0.46; 0.46; 0.47; 0.47; 0.48; 0.49; 0.53; 0.54; 0.54; 0.56; 0.57; 0.58; 0.59,Borlido 2019; Zhuo 2018
CdSb2Se3Br2,1.4,Borlido 2019,2,1.4; 1.4,Borlido 2019; Zhuo 2018
CdSb4MoO10,3.4,consensus of 1 report,1,3.4,Zhuo 2018
CdSe,1.735,Borlido 2019,27,1.67; 1.7; 1.73; 1.73; 1.74; 1.74; 1.75; 1.75; 1.77; 1.8; 1.82; 1.82; 1.82; 1.83; 1.83; 1.84; 1.84; 1.84; 1.85; 1.86; 1.87; 1.87; 1.87; 1.9; 2.18; 2.26; 2.27,Borlido 2019; Zhuo 2018
CdSiAs2,1.55,Borlido 2019,6,1.47; 1.5; 1.51; 1.52; 1.55; 1.62,Borlido 2019; Zhuo 2018
CdSiP2,2.09,Borlido 2019,7,1.8; 2.09; 2.1; 2.16; 2.2; 2.25; 2.4,Borlido 2019; Zhuo 2018
CdSnAs2,0.26,Borlido 2019,7,0.26; 0.26; 0.3; 0.31; 0.4; 0.41; 0.5,Borlido 2019; Zhuo 2018
CdSnO3,3.1,Borlido 2019,2,3; 3.1,Borlido 2019; Zhuo 2018
CdSnP2,1.23,Borlido 2019,5,1.16; 1.17; 1.23; 1.4; 1.5,Borlido 2019; Zhuo 2018
CdTe,1.48,Borlido 2019,17,1.43; 1.44; 1.45; 1.48; 1.49; 1.5; 1.52; 1.53; 1.56; 1.58; 1.59; 1.59; 1.6; 1.6; 1.61; 1.65; 1.66,Borlido 2019; Zhuo 2018
CdTeO3,3.73,consensus of 2 reports,2,3.55; 3.91,Zhuo 2018
Ce(AlZn)2,0.0,consensus of 1 report,1,0,Zhuo 2018
Ce(BC)2,0.0,consensus of 1 report,1,0,Zhuo 2018
Ce(CoAs)2,0.0,consensus of 1 report,1,0,Zhuo 2018
Ce(CoB)4,0.0,consensus of 1 report,1,0,Zhuo 2018
Ce(CuSb)2,0.0,consensus of 1 report,1,0,Zhuo 2018
Ce(HO)3,0.0,consensus of 1 report,1,0,Zhuo 2018
Ce(InS2)3,1.11,consensus of 1 report,1,1.11,Zhuo 2018
Ce(MnGe)2,0.0,consensus of 1 report,1,0,Zhuo 2018
Ce(MnSi)2,0.0,consensus of 1 report,1,0,Zhuo 2018
Ce(PPt2)2,0.0,consensus of 1 report,1,0,Zhuo 2018
Ce(SiAu)2,0.0,consensus of 1 report,1,0,Zhuo 2018
Ce(SiNi)2,0.0,consensus of 1 report,1,0,Zhuo 2018
Ce(SiPd)2,0.0,consensus of 1 report,1,0,Zhuo 2018
Ce1.3Lu0.7S3,1.25,consensus of 1 report,1,1.25,Zhuo 2018
Ce10Se14O,1.93,consensus of 1 report,1,1.93,Zhuo 2018
Ce15B8N25,3.5,consensus of 1 report,1,3.5,Zhuo 2018
Ce1Mn0.5Se1O1,2.01,consensus of 1 report,1,2.01,Zhuo 2018
Ce2(SbPd3)3,0.0,consensus of 1 report,1,0,Zhuo 2018
Ce2(SnSe3)3,0.3,consensus of 1 report,1,0.3,Zhuo 2018
Ce2Al2Co15,0.0,consensus of 1 report,1,0,Zhuo 2018
Ce2Co5B2,0.0,consensus of 1 report,1,0,Zhuo 2018
Ce2CrN3,0.0,consensus of 1 report,1,0,Zhuo 2018
Ce2Cu(NO)2,0.0,consensus of 1 report,1,0,Zhuo 2018
Ce2Fe(SeO)2,0.64,consensus of 1 report,1,0.64,Zhuo 2018
Ce2Fe17,0.0,consensus of 1 report,1,0,Zhuo 2018
Ce2Ge2Se7,1.1,consensus of 1 report,1,1.1,Zhuo 2018
Ce2GeSe5,1.7,consensus of 1 report,1,1.7,Zhuo 2018
Ce2S2O,0.0,consensus of 1 report,1,0,Zhuo 2018
Ce2S3,1.12,consensus of 1 report,1,1.12,Zhuo 2018
Ce2Sb,0.0,consensus of 1 report,1,0,Zhuo 2018
Ce2Se3,1.75,consensus of 1 report,1,1.75,Zhuo 2018
Ce2SiSeO4,0.0,consensus of 1 report,1,0,Zhuo 2018
Ce2Te3,1.31,consensus of 2 reports,2,1.22; 1.4,Zhuo 2018
Ce2Ti2O7,0.0,consensus of 1 report,1,0,Zhuo 2018
Ce2ZnNi2,0.0,consensus of 1 report,1,0,Zhuo 2018
Ce3(Al3Ru)4,0.0,consensus of 1 report,1,0,Zhuo 2018
Ce3Al,0.0,consensus of 1 report,1,0,Zhuo 2018
Ce3AlC,0.0,consensus of 1 report,1,0,Zhuo 2018
Ce3B2(ClO2)3,0.0,consensus of 1 report,1,0,Zhuo 2018
Ce3In3Ru2,0.0,consensus of 1 report,1,0,Zhuo 2018
Ce3LuSe6,1.1,consensus of 1 report,1,1.1,Zhuo 2018
Ce3MnAlS7,0.0,consensus of 1 report,1,0,Zhuo 2018
Ce3MoO7,2.0,consensus of 1 report,1,2,Zhuo 2018
Ce3NbS3O4,0.0,consensus of 1 report,1,0,Zhuo 2018
Ce3Pd5,0.0,consensus of 1 report,1,0,Zhuo 2018
Ce3SiPt5,0.0,consensus of 1 report,1,0,Zhuo 2018
Ce3Ta(ClO2)3,0.0,consensus of 1 report,1,0,Zhuo 2018
Ce3TaO7,0.0,consensus of 1 report,1,0,Zhuo 2018
Ce4(GeS4)3,2.3,consensus of 1 report,1,2.3,Zhuo 2018
Ce4Bi3,0.0,consensus of 1 report,1,0,Zhuo 2018
Ce4FeSe6O,0.0,consensus of 1 report,1,0,Zhuo 2018
Ce4InSbSe9,1.69,consensus of 1 report,1,1.69,Zhuo 2018
Ce4Si3Rh4,0.0,consensus of 1 report,1,0,Zhuo 2018
Ce4Te7,0.5,consensus of 1 report,1,0.5,Zhuo 2018
Ce5(SiN3)3,0.0,consensus of 1 report,1,0,Zhuo 2018
Ce5CuSe8,0.0,consensus of 1 report,1,0,Zhuo 2018
Ce5Ge3,0.0,consensus of 1 report,1,0,Zhuo 2018
Ce5Si3,0.0,consensus of 1 report,1,0,Zhuo 2018
Ce6B2(CBr)3,0.0,consensus of 1 report,1,0,Zhuo 2018
Ce8Sb2S15,1.99,consensus of 1 report,1,1.99,Zhuo 2018
Ce9SmO20,0.0,consensus of 1 report,1,0,Zhuo 2018
CeAgSn,0.0,consensus of 1 report,1,0,Zhuo 2018
CeAl2Pd5,0.0,consensus of 1 report,1,0,Zhuo 2018
CeAl2Pt3,0.0,consensus of 1 report,1,0,Zhuo 2018
CeAl3Ni2,0.0,consensus of 1 report,1,0,Zhuo 2018
CeAlO3,0.0,consensus of 1 report,1,0,Zhuo 2018
CeAlSi2,0.0,consensus of 1 report,1,0,Zhuo 2018
CeAsPd,0.0,consensus of 1 report,1,0,Zhuo 2018
CeAsSe,0.0,consensus of 1 report,1,0,Zhuo 2018
CeB2Ir3,0.0,consensus of 1 report,1,0,Zhuo 2018
CeBC,0.0,consensus of 1 report,1,0,Zhuo 2018
CeBiW2O9,2.34,consensus of 1 report,1,2.34,Zhuo 2018
CeCd2Ag,0.0,consensus of 1 report,1,0,Zhuo 2018
CeCdAu2,0.0,consensus of 1 report,1,0,Zhuo 2018
CeCoGeH,0.0,consensus of 1 report,1,0,Zhuo 2018
CeF3,4.85,consensus of 1 report,1,4.85,Zhuo 2018
CeGaO3,0.0,consensus of 1 report,1,0,Zhuo 2018
CeHSe,0.0,consensus of 1 report,1,0,Zhuo 2018
CeHg,0.0,consensus of 1 report,1,0,Zhuo 2018
CeInIr,0.0,consensus of 1 report,1,0,Zhuo 2018
CeIr5,0.0,consensus of 1 report,1,0,Zhuo 2018
CeLu3,0.0,consensus of 1 report,1,0,Zhuo 2018
CeMg2Ag,0.0,consensus of 1 report,1,0,Zhuo 2018
CeMgAg2,0.0,consensus of 1 report,1,0,Zhuo 2018
CeMgNi4,0.0,consensus of 1 report,1,0,Zhuo 2018
CeMgPt,0.0,consensus of 1 report,1,0,Zhuo 2018
CeMgZn2,0.0,consensus of 1 report,1,0,Zhuo 2018
CeMoO4F,2.52,consensus of 1 report,1,2.52,Zhuo 2018
CeN,0.7,consensus of 1 report,1,0.7,Zhuo 2018
CeNbO4,0.0,consensus of 1 report,1,0,Zhuo 2018
CeO2,3.41,consensus of 1 report,1,3.41,Zhuo 2018
CeOs2,0.0,consensus of 1 report,1,0,Zhuo 2018
CePd5,0.0,consensus of 1 report,1,0,Zhuo 2018
CePrO2,0.0,consensus of 1 report,1,0,Zhuo 2018
CeRh,0.0,consensus of 1 report,1,0,Zhuo 2018
CeSI,0.0,consensus of 1 report,1,0,Zhuo 2018
CeSbO3,0.0,consensus of 1 report,1,0,Zhuo 2018
CeScO3,3.2,consensus of 1 report,1,3.2,Zhuo 2018
CeSi2Ni,0.0,consensus of 1 report,1,0,Zhuo 2018
CeSi2Pt,0.0,consensus of 1 report,1,0,Zhuo 2018
CeSiI,0.0,consensus of 1 report,1,0,Zhuo 2018
CeSiIr,0.0,consensus of 1 report,1,0,Zhuo 2018
CeSiOs,0.0,consensus of 1 report,1,0,Zhuo 2018
CeTaN2O,1.9,consensus of 1 report,1,1.9,Zhuo 2018
CeTl2P2S7,2.4,consensus of 1 report,1,2.4,Zhuo 2018
CeTl3,0.0,consensus of 1 report,1,0,Zhuo 2018
CeTlZn,0.0,consensus of 1 report,1,0,Zhuo 2018
CeZnPO,0.0,consensus of 1 report,1,0,Zhuo 2018
Co(PO3)4,0.0,consensus of 1 report,1,0,Zhuo 2018
Co(WO4)2,0.0,consensus of 1 report,1,0,Zhuo 2018
Co1Te1.88,0.2,consensus of 1 report,1,0.2,Zhuo 2018
Co2B4Mo,0.0,consensus of 1 report,1,0,Zhuo 2018
Co2Ge,0.0,consensus of 1 report,1,0,Zhuo 2018
Co2O3,0.0,consensus of 1 report,1,0,Zhuo 2018
Co2Te3O8,3.6,consensus of 1 report,1,3.6,Zhuo 2018
Co3H,0.0,consensus of 1 report,1,0,Zhuo 2018
Co3Se4,0.0,consensus of 1 report,1,0,Zhuo 2018
Co3W,0.0,consensus of 1 report,1,0,Zhuo 2018
Co5Ge7,0.0,consensus of 1 report,1,0,Zhuo 2018
Co5RuO8,0.0,consensus of 1 report,1,0,Zhuo 2018
Co7Mo6,0.0,consensus of 1 report,1,0,Zhuo 2018
Co7Re17O48,0.0,consensus of 1 report,1,0,Zhuo 2018
CoAs3,0.4,consensus of 1 report,1,0.4,Zhuo 2018
CoAsRh,0.0,consensus of 1 report,1,0,Zhuo 2018
CoAsS,0.6,consensus of 1 report,1,0.6,Zhuo 2018
CoAsSe,0.2,consensus of 1 report,1,0.2,Zhuo 2018
CoCu2Sn,0.0,consensus of 1 report,1,0,Zhuo 2018
CoGe,0.0,consensus of 1 report,1,0,Zhuo 2018
CoH2(SN)4,0.0,consensus of 1 report,1,0,Zhuo 2018
CoMoP2,0.0,consensus of 1 report,1,0,Zhuo 2018
CoN,0.0,consensus of 1 report,1,0,Zhuo 2018
CoOF,0.0,consensus of 1 report,1,0,Zhuo 2018
CoP2,0.35,consensus of 1 report,1,0.35,Zhuo 2018
CoP3,0.45,consensus of 1 report,1,0.45,Zhuo 2018
CoPS,0.4,consensus of 1 report,1,0.4,Zhuo 2018
CoPbO3,0.14,consensus of 2 reports,2,0; 0.28,Zhuo 2018
CoSb2,0.185,consensus of 2 reports,2,0.17; 0.2,Zhuo 2018
CoSb3,0.495,consensus of 2 reports,2,0.49; 0.5,Zhuo 2018
CoSbS,0.305,consensus of 2 reports,2,0.11; 0.5,Zhuo 2018
Cr(AgO2)2,1.75,Borlido 2019,1,1.75,Borlido 2019
Cr(FeSe2)2,0.0,consensus of 1 report,1,0,Zhuo 2018
Cr(MoS2)2,0.0,consensus of 1 report,1,0,Zhuo 2018
Cr10Sb3Te7,0.0,consensus of 1 report,1,0,Zhuo 2018
Cr2CuS4,0.0,consensus of 1 report,1,0,Zhuo 2018
Cr2CuTe4,0.0,consensus of 1 report,1,0,Zhuo 2018
Cr2GeC,0.0,consensus of 1 report,1,0,Zhuo 2018
Cr2HO4,0.0,consensus of 1 report,1,0,Zhuo 2018
Cr2HgSe4,0.0,consensus of 1 report,1,0,Zhuo 2018
Cr2NiS4,0.0,consensus of 1 report,1,0,Zhuo 2018
Cr2O3,3.4,consensus of 1 report,1,3.4,Zhuo 2018
Cr2P3O11,0.0,consensus of 1 report,1,0,Zhuo 2018
Cr2S3,1.0,consensus of 2 reports,2,0.9; 1.1,Zhuo 2018
Cr2SbTe,0.0,consensus of 1 report,1,0,Zhuo 2018
Cr3N2,0.0,consensus of 1 report,1,0,Zhuo 2018
Cr3Ni(PO4)6,0.0,consensus of 1 report,1,0,Zhuo 2018
Cr3P,0.0,consensus of 1 report,1,0,Zhuo 2018
Cr3Se4,1.59,consensus of 1 report,1,1.59,Zhuo 2018
Cr4As3,0.0,consensus of 1 report,1,0,Zhuo 2018
Cr4Cu3Te8,0.0,consensus of 1 report,1,0,Zhuo 2018
Cr7C3,0.0,consensus of 1 report,1,0,Zhuo 2018
CrAs,0.0,consensus of 1 report,1,0,Zhuo 2018
CrB2(PbO2)6,1.8,consensus of 1 report,1,1.8,Zhuo 2018
CrBi2I2O11,2.4,consensus of 1 report,1,2.4,Zhuo 2018
CrCo2Bi,0.0,consensus of 1 report,1,0,Zhuo 2018
CrCoGe,0.0,consensus of 1 report,1,0,Zhuo 2018
CrCoPt2,0.0,consensus of 1 report,1,0,Zhuo 2018
CrCu2Si,0.0,consensus of 1 report,1,0,Zhuo 2018
CrFe2Sb,0.0,consensus of 1 report,1,0,Zhuo 2018
CrFeP,0.0,consensus of 1 report,1,0,Zhuo 2018
CrH9(CN2)3,0.0,consensus of 1 report,1,0,Zhuo 2018
CrIrO4,0.0,consensus of 1 report,1,0,Zhuo 2018
CrIrO6,0.0,consensus of 1 report,1,0,Zhuo 2018
CrNi3,0.0,consensus of 1 report,1,0,Zhuo 2018
CrNiAs,0.0,consensus of 1 report,1,0,Zhuo 2018
CrNiP2O9,0.0,consensus of 1 report,1,0,Zhuo 2018
CrO2,0.23,consensus of 1 report,1,0.23,Zhuo 2018
CrO3,1.4,consensus of 1 report,1,1.4,Zhuo 2018
CrPbO4,2.25,Borlido 2019,2,2.25; 2.25,Borlido 2019; Zhuo 2018
CrSb2,0.15,consensus of 2 reports,2,0.14; 0.16,Zhuo 2018
CrSi2,0.35,Borlido 2019,2,0.35; 1.3,Borlido 2019; Zhuo 2018
CrTe2,0.17,consensus of 1 report,1,0.17,Zhuo 2018
Cs(AsRu)2,0.0,consensus of 1 report,1,0,Zhuo 2018
Cs(MoO3)3,0.0,consensus of 1 report,1,0,Zhuo 2018
Cs0.4K0.6P1Se6,2.1,consensus of 1 report,1,2.1,Zhuo 2018
Cs1.13Cd1.13Bi2.87Se6,1.0,consensus of 1 report,1,1,Zhuo 2018
Cs1.43Cd1.43Bi2.57S6,1.28,consensus of 1 report,1,1.28,Zhuo 2018
Cs10Cd4Sn4S17,3.16,consensus of 1 report,1,3.16,Zhuo 2018
Cs2AgBiBr6,2.19,Borlido 2019,2,2.19; 2.19,Borlido 2019; Zhuo 2018
Cs2AgBiCl6,2.77,Borlido 2019,2,2.77; 2.77,Borlido 2019; Zhuo 2018
Cs2Al2B2O7,4.13,consensus of 1 report,1,4.13,Zhuo 2018
Cs2Ba3(P2O7)2,6.31,consensus of 1 report,1,6.31,Zhuo 2018
Cs2Cd(PSe3)2,2.63,consensus of 1 report,1,2.63,Zhuo 2018
Cs2Cd0.25Hg5.75S7,1.66,consensus of 1 report,1,1.66,Zhuo 2018
Cs2Cd1.35Hg4.65S7,1.84,consensus of 1 report,1,1.84,Zhuo 2018
Cs2Cd2Bi2S5,1.7,consensus of 1 report,1,1.7,Zhuo 2018
Cs2Cd3(B4O7)4,4.76,consensus of 1 report,1,4.76,Zhuo 2018
Cs2Cd3Te4,2.48,Borlido 2019,2,2.48; 2.48,Borlido 2019; Zhuo 2018
Cs2CrCl4,0.0,consensus of 1 report,1,0,Zhuo 2018
Cs2Cu(PS3)3,2.4,consensus of 1 report,1,2.4,Zhuo 2018
Cs2Cu2Sb2S5,1.6,consensus of 1 report,1,1.6,Zhuo 2018
Cs2DyCu3Te4,1.38,consensus of 1 report,1,1.38,Zhuo 2018
Cs2Ga2S5,3.26,consensus of 1 report,1,3.26,Zhuo 2018
Cs2Ga2Se5,1.95,consensus of 1 report,1,1.95,Zhuo 2018
Cs2Hg(ICl)2,2.15,consensus of 1 report,1,2.15,Zhuo 2018
Cs2Hg3I8,2.56,Borlido 2019,2,2.56; 2.56,Borlido 2019; Zhuo 2018
Cs2Hg3S4,2.8,consensus of 1 report,1,2.8,Zhuo 2018
Cs2Hg6S7,1.63,consensus of 1 report,1,1.63,Zhuo 2018
Cs2La1.19Bi8.81S16,1.0,consensus of 1 report,1,1,Zhuo 2018
Cs2Li3(BO2)5,7.3,consensus of 1 report,1,7.3,Zhuo 2018
Cs2MgGe3Se8,2.04,consensus of 1 report,1,2.04,Zhuo 2018
Cs2MgSn3Se8,1.92,consensus of 1 report,1,1.92,Zhuo 2018
Cs2Mo15S19,0.0,consensus of 1 report,1,0,Zhuo 2018
Cs2NaCoF6,0.0,consensus of 1 report,1,0,Zhuo 2018
Cs2NaMgF6,0.0,consensus of 1 report,1,0,Zhuo 2018
Cs2NaMnF6,0.0,consensus of 1 report,1,0,Zhuo 2018
Cs2NbCuSe4,2.19,consensus of 1 report,1,2.19,Zhuo 2018
Cs2P2PdSe6,1.6,consensus of 1 report,1,1.6,Zhuo 2018
Cs2PdSe8,1.5,consensus of 1 report,1,1.5,Zhuo 2018
Cs2Pt(IO3)6,2.4,consensus of 1 report,1,2.4,Zhuo 2018
Cs2SCl6F,0.0,consensus of 1 report,1,0,Zhuo 2018
Cs2Sb,0.62,consensus of 1 report,1,0.62,Zhuo 2018
Cs2SeClF6,0.0,consensus of 1 report,1,0,Zhuo 2018
Cs2SiB4O9,6.53,consensus of 1 report,1,6.53,Zhuo 2018
Cs2Sn(PSe3)2,2.06,consensus of 1 report,1,2.06,Zhuo 2018
Cs2Sn3(SbS5)2,2.34,consensus of 1 report,1,2.34,Zhuo 2018
Cs2SnBr6,2.7,Borlido 2019,1,2.7,Borlido 2019
Cs2SnCl6,3.9,Borlido 2019,1,3.9,Borlido 2019
Cs2SnI6,1.6,curated literature,1,1.6,curated literature
Cs2Te,3.5,consensus of 1 report,1,3.5,Zhuo 2018
Cs2TeBr6,2.2,Borlido 2019,2,2.12; 2.2,Borlido 2019; Zhuo 2018
Cs2TeI6,1.52,Borlido 2019,2,1.5; 1.52,Borlido 2019; Zhuo 2018
Cs2Ti(AgS2)2,2.44,Borlido 2019,2,2.44; 2.44,Borlido 2019; Zhuo 2018
Cs2VAgS4,1.77,Borlido 2019,2,1.77; 1.77,Borlido 2019; Zhuo 2018
Cs2Zn3(SeO3)4,4.3,consensus of 1 report,1,4.3,Zhuo 2018
Cs2ZnGe3S8,3.33,consensus of 1 report,1,3.33,Zhuo 2018
Cs2ZnGe3Se8,2.31,consensus of 1 report,1,2.31,Zhuo 2018
Cs2ZnGe3Te8,1.07,consensus of 1 report,1,1.07,Zhuo 2018
Cs2ZnSn3Se8,2.12,consensus of 1 report,1,2.12,Zhuo 2018
Cs39Ga53(Se16Cl)6,2.74,consensus of 1 report,1,2.74,Zhuo 2018
Cs3As,0.6,consensus of 1 report,1,0.6,Zhuo 2018
Cs3Bi,0.625,consensus of 2 reports,2,0.55; 0.7,Zhuo 2018
Cs3Bi2Br9,2.5,Borlido 2019,2,2.5; 2.5,Borlido 2019; Zhuo 2018
Cs3Bi2I9,1.8,Borlido 2019,3,1.8; 1.8; 1.9,Borlido 2019; Zhuo 2018
Cs3Li4(BO2)7,6.53,consensus of 1 report,1,6.53,Zhuo 2018
Cs3NaZn2Ge21,0.3,consensus of 1 report,1,0.3,Zhuo 2018
Cs3Nb2AsSe11,1.35,consensus of 1 report,1,1.35,Zhuo 2018
Cs3Nb9(TeO8)4,3.22,consensus of 1 report,1,3.22,Zhuo 2018
Cs3PW3O13,3.27,consensus of 1 report,1,3.27,Zhuo 2018
Cs3Sb,1.6,Borlido 2019,2,1.6; 1.6,Borlido 2019; Zhuo 2018
Cs3Sb2Br9,2.3,Borlido 2019,2,2.3; 2.3,Borlido 2019; Zhuo 2018
Cs3Sb2I9,1.89,Borlido 2019,2,1.89; 1.89,Borlido 2019; Zhuo 2018
Cs3Sn3Cl7F2,2.96,consensus of 1 report,1,2.96,Zhuo 2018
Cs3V2Cl9,0.0,consensus of 1 report,1,0,Zhuo 2018
Cs4Ag9(SbS3)4,2.0,consensus of 1 report,1,2,Zhuo 2018
Cs4BiAs3Se7,1.02,consensus of 1 report,1,1.02,Zhuo 2018
Cs4Cu3Bi9S17,0.75,consensus of 2 reports,2,0.6; 0.9,Zhuo 2018
Cs4Ga4Si19,1.14,consensus of 1 report,1,1.14,Zhuo 2018
Cs4Ge(PSe3)4,2.0,consensus of 1 report,1,2,Zhuo 2018
Cs4Ge5(PbS4)4,1.95,consensus of 1 report,1,1.95,Zhuo 2018
Cs4In8GeSe16,2.2,consensus of 1 report,1,2.2,Zhuo 2018
Cs4Zr3S14,2.35,consensus of 1 report,1,2.35,Zhuo 2018
Cs5Bi(PSe3)4,1.85,consensus of 1 report,1,1.85,Zhuo 2018
Cs5Mo21Se23,0.0,consensus of 1 report,1,0,Zhuo 2018
Cs5P5Se12,2.17,consensus of 1 report,1,2.17,Zhuo 2018
Cs6.4Na1.6Ga8Ge38,0.22,consensus of 1 report,1,0.22,Zhuo 2018
CsAg2AsS3,2.7,consensus of 1 report,1,2.7,Zhuo 2018
CsAg2TeS6,2.04,consensus of 1 report,1,2.04,Zhuo 2018
CsAg5Te3,0.65,consensus of 1 report,1,0.65,Zhuo 2018
CsAgCl3,0.0,consensus of 1 report,1,0,Zhuo 2018
CsAgSb4S7,2.04,consensus of 1 report,1,2.04,Zhuo 2018
CsAsSe2,1.93,consensus of 2 reports,2,1.86; 2,Zhuo 2018
CsAu,2.5,Borlido 2019,2,2.3; 2.5,Borlido 2019; Zhuo 2018
CsAuBr3,1.6,Borlido 2019,1,1.6,Borlido 2019
CsAuCl3,2.04,Borlido 2019,1,2.04,Borlido 2019
CsAuI3,1.31,Borlido 2019,1,1.31,Borlido 2019
CsB3O5,7.42,consensus of 1 report,1,7.42,Zhuo 2018
CsBi2,0.55,consensus of 1 report,1,0.55,Zhuo 2018
CsBi3Se5,0.43,consensus of 1 report,1,0.43,Zhuo 2018
CsBiS2,1.4,consensus of 3 reports,3,1.39; 1.4; 1.46,Zhuo 2018
CsBiSe2,1.07,consensus of 1 report,1,1.07,Zhuo 2018
CsBr,6.99,consensus of 2 reports,2,6.8; 7.18,Zhuo 2018
CsCaBO3,4.065,consensus of 2 reports,2,3.93; 4.2,Zhuo 2018
CsCaO3,0.0,consensus of 1 report,1,0,Zhuo 2018
CsCd4Ga5S12,3.09,consensus of 1 report,1,3.09,Zhuo 2018
CsCd4Ga5Se12,2.21,consensus of 1 report,1,2.21,Zhuo 2018
CsCd4Ga5Te12,1.67,consensus of 1 report,1,1.67,Zhuo 2018
CsCd4In5Se12,1.62,consensus of 1 report,1,1.62,Zhuo 2018
CsCd4In5Te12,1.42,consensus of 1 report,1,1.42,Zhuo 2018
CsCdBO3,2.58,consensus of 1 report,1,2.58,Zhuo 2018
CsCdInSe3,2.4,consensus of 1 report,1,2.4,Zhuo 2018
CsCeCdSe3,2.4,consensus of 1 report,1,2.4,Zhuo 2018
CsCeHgSe3,1.94,consensus of 1 report,1,1.94,Zhuo 2018
CsCl,7.95,consensus of 2 reports,2,7.8; 8.1,Zhuo 2018
CsCu(SbS2)2,1.7,consensus of 1 report,1,1.7,Zhuo 2018
CsCu2AsS3,2.3,consensus of 1 report,1,2.3,Zhuo 2018
CsCu2SbS3,1.63,consensus of 1 report,1,1.63,Zhuo 2018
CsDy9(Cd2Se9)2,1.99,consensus of 1 report,1,1.99,Zhuo 2018
CsEr9(Cd2Se9)2,2.09,consensus of 1 report,1,2.09,Zhuo 2018
CsErZnSe3,2.595,consensus of 2 reports,2,2.56; 2.63,Zhuo 2018
CsEuF3,0.0,consensus of 1 report,1,0,Zhuo 2018
CsGa(SnSe3)2,1.87,consensus of 1 report,1,1.87,Zhuo 2018
CsGa7,0.0,consensus of 1 report,1,0,Zhuo 2018
CsGaS3,3.0,consensus of 1 report,1,3,Zhuo 2018
CsGaSnSe4,1.97,consensus of 1 report,1,1.97,Zhuo 2018
CsGdO3,0.0,consensus of 1 report,1,0,Zhuo 2018
CsGdZnTe3,2.13,consensus of 1 report,1,2.13,Zhuo 2018
CsGe5BO12,4.89,consensus of 1 report,1,4.89,Zhuo 2018
CsGeB3O7,5.76,consensus of 1 report,1,5.76,Zhuo 2018
CsGeI3,1.6,consensus of 1 report,1,1.6,Zhuo 2018
CsH3(SeO3)2,4.77,consensus of 1 report,1,4.77,Zhuo 2018
CsHo9(Cd2Se9)2,2.06,consensus of 1 report,1,2.06,Zhuo 2018
CsI,6.37,consensus of 3 reports,3,6.3; 6.37; 6.4,Zhuo 2018
CsIn(SnSe3)2,1.78,consensus of 1 report,1,1.78,Zhuo 2018
CsInGeS4,2.25,consensus of 2 reports,2,2.1; 2.4,Zhuo 2018
CsInGeSe4,2.32,consensus of 1 report,1,2.32,Zhuo 2018
CsInHgS3,2.3,consensus of 1 report,1,2.3,Zhuo 2018
CsInI3,0.0,consensus of 1 report,1,0,Zhuo 2018
CsInS2,3.4,consensus of 1 report,1,3.4,Zhuo 2018
CsInSe2,2.81,consensus of 1 report,1,2.81,Zhuo 2018
CsInSnS4,2.9,consensus of 1 report,1,2.9,Zhuo 2018
CsInTe2,2.16,consensus of 1 report,1,2.16,Zhuo 2018
CsInTe3O8,3.9,consensus of 1 report,1,3.9,Zhuo 2018
CsIr,0.0,consensus of 1 report,1,0,Zhuo 2018
CsIrO3,0.0,consensus of 1 report,1,0,Zhuo 2018
CsK(PSe4)2,2.36,consensus of 1 report,1,2.36,Zhuo 2018
CsK2Sb,1.0,Borlido 2019,3,1; 1; 1.2,Borlido 2019; Zhuo 2018
CsLaHgSe3,2.46,Borlido 2019,3,2.46; 2.46; 2.51,Borlido 2019; Zhuo 2018
CsLi(B3O5)2,6.89,consensus of 1 report,1,6.89,Zhuo 2018
CsLiCO3,6.19,consensus of 1 report,1,6.19,Zhuo 2018
CsLu7S11,1.86,consensus of 1 report,1,1.86,Zhuo 2018
CsLu7Se11,1.78,consensus of 1 report,1,1.78,Zhuo 2018
CsLuCoS3,1.34,consensus of 2 reports,2,1.18; 1.5,Zhuo 2018
CsMg149,0.0,consensus of 1 report,1,0,Zhuo 2018
CsMn4Ga5Te12,1.55,consensus of 1 report,1,1.55,Zhuo 2018
CsMn4In5Se12,1.79,consensus of 1 report,1,1.79,Zhuo 2018
CsMn4In5Te12,1.48,consensus of 1 report,1,1.48,Zhuo 2018
CsMnSb,0.0,consensus of 1 report,1,0,Zhuo 2018
CsNa2Sb,0.8,consensus of 1 report,1,0.8,Zhuo 2018
CsNa8(B7O12)3,4.67,consensus of 1 report,1,4.67,Zhuo 2018
CsNb6I11,0.0,consensus of 1 report,1,0,Zhuo 2018
CsNbSe2O7,4.2,consensus of 1 report,1,4.2,Zhuo 2018
CsNi2F6,0.0,consensus of 1 report,1,0,Zhuo 2018
CsPPbO4,4.39,consensus of 1 report,1,4.39,Zhuo 2018
CsPSe4,2.44,consensus of 1 report,1,2.44,Zhuo 2018
CsPSe6,1.9,consensus of 1 report,1,1.9,Zhuo 2018
CsPbBr3,2.315,Borlido 2019 + curated literature,2,2.31; 2.32,Borlido 2019; curated literature
CsPbCl3,2.99,curated literature,1,2.99,curated literature
CsPbI3,1.72,curated literature,1,1.72,curated literature
CsRb(PSe4)2,2.41,consensus of 1 report,1,2.41,Zhuo 2018
CsRb2Sb,1.5,consensus of 1 report,1,1.5,Zhuo 2018
CsRbP,0.0,consensus of 1 report,1,0,Zhuo 2018
CsSb,0.705,consensus of 2 reports,2,0.61; 0.8,Zhuo 2018
CsSb(SO4)2,4.68,consensus of 1 report,1,4.68,Zhuo 2018
CsSbS2,2.8,consensus of 1 report,1,2.8,Zhuo 2018
CsSbSe2,1.7,consensus of 1 report,1,1.7,Zhuo 2018
CsSbTe2,0.43,consensus of 1 report,1,0.43,Zhuo 2018
CsSc(SeO3)2,5.2,consensus of 1 report,1,5.2,Zhuo 2018
CsScBr3,0.0,consensus of 1 report,1,0,Zhuo 2018
CsSmCdSe3,2.46,consensus of 2 reports,2,2.45; 2.47,Zhuo 2018
CsSmHgSe3,2.37,consensus of 1 report,1,2.37,Zhuo 2018
CsSmZnSe3,2.53,consensus of 2 reports,2,2.43; 2.63,Zhuo 2018
CsSn3,0.0,consensus of 1 report,1,0,Zhuo 2018
CsSnBr3,1.75,Borlido 2019 + curated literature,2,1.75; 1.75,Borlido 2019; curated literature
CsSnCl3,2.84,Borlido 2019 + curated literature,2,2.8; 2.88,Borlido 2019; curated literature
CsSnI3,1.28,Borlido 2019 + curated literature,2,1.25; 1.31,Borlido 2019; curated literature
CsTa3(SeO6)2,3.88,consensus of 1 report,1,3.88,Zhuo 2018
CsTaPSe6,2.335,consensus of 2 reports,2,2.29; 2.38,Zhuo 2018
CsTb9(Cd2Se9)2,1.95,consensus of 1 report,1,1.95,Zhuo 2018
CsTbZnTe3,2.12,consensus of 1 report,1,2.12,Zhuo 2018
CsTiCl3,0.0,consensus of 1 report,1,0,Zhuo 2018
CsTiF4,0.0,consensus of 1 report,1,0,Zhuo 2018
CsTm9(Cd2Se9)2,2.16,consensus of 1 report,1,2.16,Zhuo 2018
CsVP2S7,0.0,consensus of 1 report,1,0,Zhuo 2018
CsWCl6,0.0,consensus of 1 report,1,0,Zhuo 2018
CsYCdSe3,2.48,Borlido 2019,3,2.48; 2.54; 2.58,Borlido 2019; Zhuo 2018
CsYHgSe3,2.54,Borlido 2019,2,2.54; 2.54,Borlido 2019; Zhuo 2018
CsYTe3O8,3.4,consensus of 1 report,1,3.4,Zhuo 2018
CsYZnSe3,2.29,Borlido 2019,3,2.29; 2.29; 2.41,Borlido 2019; Zhuo 2018
CsYbCoSe3,0.95,consensus of 1 report,1,0.95,Zhuo 2018
CsYbMnSe3,1.595,consensus of 2 reports,2,1.59; 1.6,Zhuo 2018
CsYbZnSe3,2.035,consensus of 2 reports,2,1.97; 2.1,Zhuo 2018
CsZn2B3O7,5.69,consensus of 1 report,1,5.69,Zhuo 2018
CsZn4In5Se12,1.61,consensus of 1 report,1,1.61,Zhuo 2018
CsZn4In5Te12,1.61,consensus of 1 report,1,1.61,Zhuo 2018
CsZrPSe6,2.0,consensus of 1 report,1,2,Zhuo 2018
Cu(IrS2)2,0.0,consensus of 1 report,1,0,Zhuo 2018
Cu(NO3)2,0.0,consensus of 1 report,1,0,Zhuo 2018
Cu0.5Ge1Pb1.75S4,1.48,consensus of 1 report,1,1.48,Zhuo 2018
Cu0.96Bi2Se3I1,0.68,consensus of 1 report,1,0.68,Zhuo 2018
Cu1.8S1,2.3,consensus of 1 report,1,2.3,Zhuo 2018
Cu10Sb3,0.0,consensus of 1 report,1,0,Zhuo 2018
Cu11Sb4S13,0.0,consensus of 1 report,1,0,Zhuo 2018
Cu15Si4,0.0,consensus of 1 report,1,0,Zhuo 2018
Cu18S11,0.0,consensus of 1 report,1,0,Zhuo 2018
Cu23(Sb4S13)2,0.0,consensus of 1 report,1,0,Zhuo 2018
Cu25Se26,0.0,consensus of 1 report,1,0,Zhuo 2018
Cu2GeS3,1.53,Borlido 2019,2,0.53; 1.53,Borlido 2019; Zhuo 2018
Cu2GeSe3,0.8,Borlido 2019,4,0.78; 0.82; 0.85; 1.1,Borlido 2019; Zhuo 2018
Cu2Hg2SF6,0.0,consensus of 1 report,1,0,Zhuo 2018
Cu2HgGeSe4,0.0,consensus of 1 report,1,0,Zhuo 2018
Cu2O,2.17,Borlido 2019,4,2.17; 2.58; 2.59; 2.67,Borlido 2019; Zhuo 2018
Cu2OF2,0.0,consensus of 1 report,1,0,Zhuo 2018
Cu2PHO5,0.0,consensus of 1 report,1,0,Zhuo 2018
Cu2S,1.125,Borlido 2019,2,1.04; 1.21,Borlido 2019
Cu2Sb,0.0,consensus of 1 report,1,0,Zhuo 2018
Cu2Se,1.2,Borlido 2019,6,1.1; 1.2; 1.23; 1.29; 1.3; 1.5,Borlido 2019; Zhuo 2018
Cu2SnS3,0.86,Borlido 2019,1,0.86,Borlido 2019
Cu2SnSe3,0.84,Borlido 2019,3,0.7; 0.83; 0.84,Borlido 2019; Zhuo 2018
Cu2Te,0.9,Borlido 2019,5,0.9; 1.02; 1.04; 1.08; 1.15,Borlido 2019; Zhuo 2018
Cu2Te3O8,2.64,consensus of 1 report,1,2.64,Zhuo 2018
Cu2WSe4,1.65,consensus of 1 report,1,1.65,Zhuo 2018
Cu3(BiI4)4,0.0,consensus of 1 report,1,0,Zhuo 2018
Cu3(P2O7)2,0.0,consensus of 1 report,1,0,Zhuo 2018
Cu3AsS4,1.24,Borlido 2019,3,1.24; 1.24; 1.48,Borlido 2019; Zhuo 2018
Cu3AsSe4,0.88,Borlido 2019,3,0.65; 0.88; 0.88,Borlido 2019; Zhuo 2018
Cu3Bi6S10I,0.72,consensus of 1 report,1,0.72,Zhuo 2018
Cu3Hg2(Te3O8)2,2.56,consensus of 1 report,1,2.56,Zhuo 2018
Cu3PS4,2.35,Borlido 2019,1,2.35,Borlido 2019
Cu3PSe4,1.4,Borlido 2019,1,1.4,Borlido 2019
Cu3Pd,0.0,consensus of 1 report,1,0,Zhuo 2018
Cu3SbS4,0.88,Borlido 2019,4,0.75; 0.8; 0.88; 1,Borlido 2019; Zhuo 2018
Cu3SbSe4,0.29,Borlido 2019,3,0.29; 0.31; 0.4,Borlido 2019; Zhuo 2018
Cu4H10SO12,0.0,consensus of 1 report,1,0,Zhuo 2018
Cu4Pd,0.0,consensus of 1 report,1,0,Zhuo 2018
Cu4Sn7S16,0.8,consensus of 1 report,1,0.8,Zhuo 2018
Cu4W(SCl)4,0.0,consensus of 1 report,1,0,Zhuo 2018
Cu5(Si2O7)2,0.0,consensus of 1 report,1,0,Zhuo 2018
Cu6PbO8,0.0,consensus of 1 report,1,0,Zhuo 2018
Cu7Hg6,0.0,consensus of 1 report,1,0,Zhuo 2018
Cu8O,0.0,consensus of 1 report,1,0,Zhuo 2018
Cu9O13,0.0,consensus of 1 report,1,0,Zhuo 2018
Cu9S5,0.0,consensus of 1 report,1,0,Zhuo 2018
Cu9Se4(Cl3O7)2,0.0,consensus of 1 report,1,0,Zhuo 2018
CuBS2,3.61,Borlido 2019,2,3.61; 3.61,Borlido 2019; Zhuo 2018
CuBi(PSe3)2,1.2,Borlido 2019,2,1.2; 1.2,Borlido 2019; Zhuo 2018
CuBiPbS3,0.12,consensus of 1 report,1,0.12,Zhuo 2018
CuBiPbSe3,0.07,consensus of 1 report,1,0.07,Zhuo 2018
CuBiSO,1.07,consensus of 1 report,1,1.07,Zhuo 2018
CuBiSeO,0.82,Borlido 2019,2,0.82; 0.82,Borlido 2019; Zhuo 2018
CuBr,3.07,Borlido 2019,9,2.9; 2.91; 2.94; 2.99; 3.02; 3.07; 3.07; 3.08; 3.08,Borlido 2019; Zhuo 2018
CuCN2,0.0,consensus of 1 report,1,0,Zhuo 2018
CuCl,3.4,Borlido 2019,15,3.2; 3.2; 3.2; 3.21; 3.22; 3.22; 3.24; 3.27; 3.27; 3.28; 3.28; 3.29; 3.31; 3.4; 3.4,Borlido 2019; Zhuo 2018
CuClO2,0.0,consensus of 1 report,1,0,Zhuo 2018
CuF,0.0,consensus of 1 report,1,0,Zhuo 2018
CuHg(SeO3)2,3.25,consensus of 1 report,1,3.25,Zhuo 2018
CuI,3.12,Borlido 2019,6,2.8; 3.05; 3.07; 3.1; 3.12; 3.12,Borlido 2019; Zhuo 2018
CuN3,4.17,consensus of 1 report,1,4.17,Zhuo 2018
CuNi(CN)4,2.7,consensus of 1 report,1,2.7,Zhuo 2018
CuP2,1.45,consensus of 3 reports,3,1.4; 1.45; 1.51,Zhuo 2018
CuP2(HO3)2,0.0,consensus of 1 report,1,0,Zhuo 2018
CuPO4F,0.0,consensus of 1 report,1,0,Zhuo 2018
CuPS3,2.2,consensus of 1 report,1,2.2,Zhuo 2018
CuPd,0.0,consensus of 1 report,1,0,Zhuo 2018
CuPtO2,0.0,consensus of 1 report,1,0,Zhuo 2018
CuSbPbS3,1.3,Borlido 2019,2,1.3; 1.31,Borlido 2019; Zhuo 2018
CuSbS2,1.55,curated literature,3,1.38; 1.4; 1.55,Zhuo 2018; curated literature
CuSbSe2,1.04,Borlido 2019,2,1.04; 1.05,Borlido 2019; Zhuo 2018
Dy(Al2Cu)4,0.0,consensus of 1 report,1,0,Zhuo 2018
Dy(CoGe)2,0.0,consensus of 1 report,1,0,Zhuo 2018
Dy(CuSe)3,0.2,consensus of 1 report,1,0.2,Zhuo 2018
Dy(CuSi)2,0.0,consensus of 1 report,1,0,Zhuo 2018
Dy(CuTe)3,0.34,consensus of 1 report,1,0.34,Zhuo 2018
Dy(GeRu)2,0.0,consensus of 1 report,1,0,Zhuo 2018
Dy(InS2)3,1.22,consensus of 1 report,1,1.22,Zhuo 2018
Dy12C6I17,0.0,consensus of 1 report,1,0,Zhuo 2018
Dy12Co7,0.0,consensus of 1 report,1,0,Zhuo 2018
Dy1Te1.4,0.6,consensus of 1 report,1,0.6,Zhuo 2018
Dy1Te1.45,0.6,consensus of 1 report,1,0.6,Zhuo 2018
Dy1Te1.7,0.35,consensus of 1 report,1,0.35,Zhuo 2018
Dy2(GePt3)3,0.0,consensus of 1 report,1,0,Zhuo 2018
Dy2(MoO4)3,1.92,consensus of 1 report,1,1.92,Zhuo 2018
Dy2AlCo2,0.0,consensus of 1 report,1,0,Zhuo 2018
Dy2C,0.0,consensus of 1 report,1,0,Zhuo 2018
Dy2CdPd2,0.0,consensus of 1 report,1,0,Zhuo 2018
Dy2CuOs,0.0,consensus of 1 report,1,0,Zhuo 2018
Dy2MgIn,0.0,consensus of 1 report,1,0,Zhuo 2018
Dy2MgTl,0.0,consensus of 1 report,1,0,Zhuo 2018
Dy2Ni12P7,0.0,consensus of 1 report,1,0,Zhuo 2018
Dy2O3,5.0,consensus of 1 report,1,5,Zhuo 2018
Dy2S3,2.955,consensus of 2 reports,2,2.91; 3,Zhuo 2018
Dy2Sn5,0.0,consensus of 1 report,1,0,Zhuo 2018
Dy2Te3,0.69,consensus of 1 report,1,0.69,Zhuo 2018
Dy2Ti3Si4,0.0,consensus of 1 report,1,0,Zhuo 2018
Dy2TlCd,0.0,consensus of 1 report,1,0,Zhuo 2018
Dy2ZnIn,0.0,consensus of 1 report,1,0,Zhuo 2018
Dy3(CuGe)4,0.0,consensus of 1 report,1,0,Zhuo 2018
Dy3Al0.5Si1S7,2.22,consensus of 1 report,1,2.22,Zhuo 2018
Dy3Ga,0.0,consensus of 1 report,1,0,Zhuo 2018
Dy3GaS6,2.81,consensus of 1 report,1,2.81,Zhuo 2018
Dy3InC,0.0,consensus of 1 report,1,0,Zhuo 2018
Dy3MnB7,0.0,consensus of 1 report,1,0,Zhuo 2018
Dy4CdRh,0.0,consensus of 1 report,1,0,Zhuo 2018
Dy4GaSbS9,2.58,consensus of 1 report,1,2.58,Zhuo 2018
Dy4Sb3,0.0,consensus of 1 report,1,0,Zhuo 2018
Dy4Te3S4,1.43,consensus of 1 report,1,1.43,Zhuo 2018
Dy5Pb3,0.0,consensus of 1 report,1,0,Zhuo 2018
Dy5Sn3,0.0,consensus of 1 report,1,0,Zhuo 2018
Dy6FeTe2,0.0,consensus of 1 report,1,0,Zhuo 2018
Dy7In(CoGe3)4,0.0,consensus of 1 report,1,0,Zhuo 2018
DyAg,0.0,consensus of 1 report,1,0,Zhuo 2018
DyAgGe,0.0,consensus of 1 report,1,0,Zhuo 2018
DyAgHg2,0.0,consensus of 1 report,1,0,Zhuo 2018
DyAs,1.0,consensus of 1 report,1,1,Zhuo 2018
DyB2Rh2C,0.0,consensus of 1 report,1,0,Zhuo 2018
DyBPd3,0.0,consensus of 1 report,1,0,Zhuo 2018
DyBiPd,0.0,consensus of 1 report,1,0,Zhuo 2018
DyBiPt,0.0,consensus of 1 report,1,0,Zhuo 2018
DyCd2,0.0,consensus of 1 report,1,0,Zhuo 2018
DyCoSi2,0.0,consensus of 1 report,1,0,Zhuo 2018
DyFeSi,0.0,consensus of 1 report,1,0,Zhuo 2018
DyGe,0.0,consensus of 1 report,1,0,Zhuo 2018
DyInAu,0.0,consensus of 1 report,1,0,Zhuo 2018
DyInCu2,0.0,consensus of 1 report,1,0,Zhuo 2018
DyInPt2,0.0,consensus of 1 report,1,0,Zhuo 2018
DyIr2,0.0,consensus of 1 report,1,0,Zhuo 2018
DyMn2,0.0,consensus of 1 report,1,0,Zhuo 2018
DyN,2.35,consensus of 2 reports,2,2.1; 2.6,Zhuo 2018
DyNiGe2,0.0,consensus of 1 report,1,0,Zhuo 2018
DyNiSn,0.0,consensus of 1 report,1,0,Zhuo 2018
DyPO4,6.38,consensus of 1 report,1,6.38,Zhuo 2018
DyRh,0.0,consensus of 1 report,1,0,Zhuo 2018
DyS2,0.0,consensus of 1 report,1,0,Zhuo 2018
DySiIr,0.0,consensus of 1 report,1,0,Zhuo 2018
DySn3,0.0,consensus of 1 report,1,0,Zhuo 2018
DySnRu2,0.0,consensus of 1 report,1,0,Zhuo 2018
DyYAg2,0.0,consensus of 1 report,1,0,Zhuo 2018
DyZnGa,0.0,consensus of 1 report,1,0,Zhuo 2018
DyZnRh2,0.0,consensus of 1 report,1,0,Zhuo 2018
DyZrRu2,0.0,consensus of 1 report,1,0,Zhuo 2018
DyZrSb,0.0,consensus of 1 report,1,0,Zhuo 2018
Er(Al10Cr)2,0.0,consensus of 1 report,1,0,Zhuo 2018
Er(CrSi)2,0.0,consensus of 1 report,1,0,Zhuo 2018
Er(CuGe)2,0.0,consensus of 1 report,1,0,Zhuo 2018
Er(CuTe)3,0.24,consensus of 1 report,1,0.24,Zhuo 2018
Er(InS2)3,1.28,consensus of 1 report,1,1.28,Zhuo 2018
Er(ReO4)2,0.0,consensus of 1 report,1,0,Zhuo 2018
Er(SiPd)2,0.0,consensus of 1 report,1,0,Zhuo 2018
Er2(Ga3Co)3,0.0,consensus of 1 report,1,0,Zhuo 2018
Er2(MoO4)3,1.0,consensus of 2 reports,2,0.96; 1.04,Zhuo 2018
Er2C3,0.0,consensus of 1 report,1,0,Zhuo 2018
Er2Fe14B,0.0,consensus of 1 report,1,0,Zhuo 2018
Er2Mg3Ru,0.0,consensus of 1 report,1,0,Zhuo 2018
Er2MnC4,0.0,consensus of 1 report,1,0,Zhuo 2018
Er2O3,5.42,consensus of 1 report,1,5.42,Zhuo 2018
Er2Se3,1.66,consensus of 1 report,1,1.66,Zhuo 2018
Er2SnAu2,0.0,consensus of 1 report,1,0,Zhuo 2018
Er2Te3,0.9,consensus of 1 report,1,0.9,Zhuo 2018
Er3Al3NiGe2,0.0,consensus of 1 report,1,0,Zhuo 2018
Er3SnC,0.0,consensus of 1 report,1,0,Zhuo 2018
Er3Te4,0.9,consensus of 1 report,1,0.9,Zhuo 2018
Er4NiB13,0.0,consensus of 1 report,1,0,Zhuo 2018
Er5Bi3,0.0,consensus of 1 report,1,0,Zhuo 2018
Er5NiPb3,0.0,consensus of 1 report,1,0,Zhuo 2018
Er5Si3,0.0,consensus of 1 report,1,0,Zhuo 2018
Er6MnBi2,0.0,consensus of 1 report,1,0,Zhuo 2018
ErAgSn,0.0,consensus of 1 report,1,0,Zhuo 2018
ErAl9(Fe2Si3)2,0.0,consensus of 1 report,1,0,Zhuo 2018
ErAlGe,0.0,consensus of 1 report,1,0,Zhuo 2018
ErB2Ir3,0.0,consensus of 1 report,1,0,Zhuo 2018
ErB2Ru3,0.0,consensus of 1 report,1,0,Zhuo 2018
ErB6,3.5,consensus of 1 report,1,3.5,Zhuo 2018
ErBPd3,0.0,consensus of 1 report,1,0,Zhuo 2018
ErBiW2O9,3.26,consensus of 1 report,1,3.26,Zhuo 2018
ErCu,0.0,consensus of 1 report,1,0,Zhuo 2018
ErCuPb,0.0,consensus of 1 report,1,0,Zhuo 2018
ErFeC2,0.0,consensus of 1 report,1,0,Zhuo 2018
ErHg2,0.0,consensus of 1 report,1,0,Zhuo 2018
ErLu3,0.0,consensus of 1 report,1,0,Zhuo 2018
ErMg2,0.0,consensus of 1 report,1,0,Zhuo 2018
ErN,3.0,consensus of 1 report,1,3,Zhuo 2018
ErNi4Au,0.0,consensus of 1 report,1,0,Zhuo 2018
ErNi4B,0.0,consensus of 1 report,1,0,Zhuo 2018
ErNiSn,0.0,consensus of 1 report,1,0,Zhuo 2018
ErPbAu,0.0,consensus of 1 report,1,0,Zhuo 2018
ErRu3,0.0,consensus of 1 report,1,0,Zhuo 2018
ErSe2,1.07,consensus of 1 report,1,1.07,Zhuo 2018
ErSiPd,0.0,consensus of 1 report,1,0,Zhuo 2018
ErSnAu,0.0,consensus of 1 report,1,0,Zhuo 2018
ErTe,0.9,consensus of 1 report,1,0.9,Zhuo 2018
ErTlPd,0.0,consensus of 1 report,1,0,Zhuo 2018
ErZn12,0.0,consensus of 1 report,1,0,Zhuo 2018
Eu(AlAu)2,0.0,consensus of 1 report,1,0,Zhuo 2018
Eu(AsPd)2,0.0,consensus of 1 report,1,0,Zhuo 2018
Eu(BiSe2)2,1.02,consensus of 1 report,1,1.02,Zhuo 2018
Eu(BiTe2)2,0.44,consensus of 1 report,1,0.44,Zhuo 2018
Eu(CdSb)2,0.0,consensus of 1 report,1,0,Zhuo 2018
Eu(ClO4)3,0.0,consensus of 1 report,1,0,Zhuo 2018
Eu(DySe2)2,1.8,consensus of 1 report,1,1.8,Zhuo 2018
Eu(ErSe2)2,1.7,consensus of 1 report,1,1.7,Zhuo 2018
Eu(FeSi)2,0.0,consensus of 1 report,1,0,Zhuo 2018
Eu(GaS2)2,2.25,consensus of 1 report,1,2.25,Zhuo 2018
Eu(GaSe2)2,2.16,consensus of 1 report,1,2.16,Zhuo 2018
Eu(GaTe2)2,1.7,consensus of 1 report,1,1.7,Zhuo 2018
Eu(HoSe2)2,1.8,consensus of 1 report,1,1.8,Zhuo 2018
Eu(InAs)2,0.0,consensus of 1 report,1,0,Zhuo 2018
Eu(InS2)2,1.5,consensus of 1 report,1,1.5,Zhuo 2018
Eu(InSe2)2,1.31,consensus of 1 report,1,1.31,Zhuo 2018
Eu(InTe2)2,1.22,consensus of 1 report,1,1.22,Zhuo 2018
Eu(LuSe2)2,1.7,consensus of 1 report,1,1.7,Zhuo 2018
Eu(MgBi)2,0.0,consensus of 1 report,1,0,Zhuo 2018
Eu(MnGe)2,0.0,consensus of 1 report,1,0,Zhuo 2018
Eu(Ni2B)6,0.0,consensus of 1 report,1,0,Zhuo 2018
Eu(NiAs)2,0.0,consensus of 1 report,1,0,Zhuo 2018
Eu(POs)2,0.0,consensus of 1 report,1,0,Zhuo 2018
Eu(SbS2)2,1.2,consensus of 1 report,1,1.2,Zhuo 2018
Eu(SbSe2)2,0.95,consensus of 1 report,1,0.95,Zhuo 2018
Eu(TmSe2)2,1.8,consensus of 1 report,1,1.8,Zhuo 2018
Eu(ZnGe)2,0.0,consensus of 1 report,1,0,Zhuo 2018
Eu(ZnSi)2,0.0,consensus of 1 report,1,0,Zhuo 2018
Eu1.75Ag0.5Ge1S4,2.14,consensus of 1 report,1,2.14,Zhuo 2018
Eu1.83Ta15O32,0.23,consensus of 1 report,1,0.23,Zhuo 2018
Eu2(Ga3Rh)3,0.0,consensus of 1 report,1,0,Zhuo 2018
Eu2C(NO)2,0.0,consensus of 1 report,1,0,Zhuo 2018
Eu2CuO4,0.0,consensus of 1 report,1,0,Zhuo 2018
Eu2Ga2GeS7,2.3,consensus of 1 report,1,2.3,Zhuo 2018
Eu2Ge(BO4)2,0.0,consensus of 1 report,1,0,Zhuo 2018
Eu2O3,4.5,consensus of 1 report,1,4.5,Zhuo 2018
Eu2PBr,0.0,consensus of 1 report,1,0,Zhuo 2018
Eu2ReO5,0.0,consensus of 1 report,1,0,Zhuo 2018
Eu2Se3,1.02,consensus of 1 report,1,1.02,Zhuo 2018
Eu2SnSe5,1.07,consensus of 1 report,1,1.07,Zhuo 2018
Eu2TeO2,0.0,consensus of 1 report,1,0,Zhuo 2018
Eu3(InP2)2,0.45,consensus of 1 report,1,0.45,Zhuo 2018
Eu3As2,0.6,consensus of 1 report,1,0.6,Zhuo 2018
Eu3BWO9,0.0,consensus of 1 report,1,0,Zhuo 2018
Eu3Bi4S9,1.18,consensus of 1 report,1,1.18,Zhuo 2018
Eu3P2,1.2,consensus of 1 report,1,1.2,Zhuo 2018
Eu3S4,1.7,consensus of 1 report,1,1.7,Zhuo 2018
Eu3Sb4S9,1.2,consensus of 1 report,1,1.2,Zhuo 2018
Eu3Sb4Se9,1.08,consensus of 1 report,1,1.08,Zhuo 2018
Eu3Se4,0.58,consensus of 1 report,1,0.58,Zhuo 2018
Eu3Sn,0.0,consensus of 1 report,1,0,Zhuo 2018
Eu4Te7,0.31,consensus of 1 report,1,0.31,Zhuo 2018
Eu7(Ga3Sb4)2,0.6,consensus of 1 report,1,0.6,Zhuo 2018
EuAgSb,0.0,consensus of 1 report,1,0,Zhuo 2018
EuAl2O4,2.74,consensus of 1 report,1,2.74,Zhuo 2018
EuAlO3,0.0,consensus of 1 report,1,0,Zhuo 2018
EuB(SbO4)2,3.46,consensus of 1 report,1,3.46,Zhuo 2018
EuBi3,0.0,consensus of 1 report,1,0,Zhuo 2018
EuBiW2O9,3.63,consensus of 1 report,1,3.63,Zhuo 2018
EuCd11,0.0,consensus of 1 report,1,0,Zhuo 2018
EuCo8P5,0.0,consensus of 1 report,1,0,Zhuo 2018
EuCu2SnS4,1.85,consensus of 1 report,1,1.85,Zhuo 2018
EuCu9Sn4,0.0,consensus of 1 report,1,0,Zhuo 2018
EuCuSeF,0.0,consensus of 1 report,1,0,Zhuo 2018
EuCuSeO,0.0,consensus of 1 report,1,0,Zhuo 2018
EuGe3Pt,0.0,consensus of 1 report,1,0,Zhuo 2018
EuH2,1.85,consensus of 1 report,1,1.85,Zhuo 2018
EuIn2(GeIr)4,0.26,consensus of 1 report,1,0.26,Zhuo 2018
EuN,1.25,consensus of 1 report,1,1.25,Zhuo 2018
EuNiGe3,0.0,consensus of 1 report,1,0,Zhuo 2018
EuO,1.12,consensus of 1 report,3,1.12; 1.12; 1.12,Zhuo 2018
EuPPt,0.0,consensus of 1 report,1,0,Zhuo 2018
EuPd,0.0,consensus of 1 report,1,0,Zhuo 2018
EuRhO3,0.0,consensus of 1 report,1,0,Zhuo 2018
EuS,1.65,consensus of 2 reports,3,1.65; 1.65; 1.69,Zhuo 2018
EuSb4S7,0.98,consensus of 1 report,1,0.98,Zhuo 2018
EuSb4Te7,0.54,consensus of 1 report,1,0.54,Zhuo 2018
EuSbO3,0.0,consensus of 1 report,1,0,Zhuo 2018
EuScO3,0.0,consensus of 1 report,1,0,Zhuo 2018
EuSe,3.1,consensus of 1 report,1,3.1,Zhuo 2018
EuSeClO3,0.0,consensus of 1 report,1,0,Zhuo 2018
EuSn3,0.0,consensus of 1 report,1,0,Zhuo 2018
EuSnAu2,0.0,consensus of 1 report,1,0,Zhuo 2018
EuSnO3,0.0,consensus of 1 report,1,0,Zhuo 2018
EuSnTe2,0.6,consensus of 1 report,1,0.6,Zhuo 2018
EuTe,2.0,consensus of 3 reports,3,1.96; 2; 2.06,Zhuo 2018
EuTiClO3,0.0,consensus of 1 report,1,0,Zhuo 2018
EuTiO3,0.0,consensus of 1 report,1,0,Zhuo 2018
EuTl,0.0,consensus of 1 report,1,0,Zhuo 2018
EuVO4,3.35,consensus of 2 reports,2,3.26; 3.44,Zhuo 2018
EuZn,0.0,consensus of 1 report,1,0,Zhuo 2018
Fe(PdSe)2,0.0,consensus of 1 report,1,0,Zhuo 2018
Fe10O9F11,0.0,consensus of 1 report,1,0,Zhuo 2018
Fe12As5,0.0,consensus of 1 report,1,0,Zhuo 2018
Fe2B(PO4)3,3.52,consensus of 1 report,1,3.52,Zhuo 2018
Fe2Cu(PO4)3,0.0,consensus of 1 report,1,0,Zhuo 2018
Fe2O2F3,0.0,consensus of 1 report,1,0,Zhuo 2018
Fe2O3,2.2,consensus of 1 report,1,2.2,Zhuo 2018
Fe2S,0.0,consensus of 1 report,1,0,Zhuo 2018
Fe2Te3,0.47,consensus of 2 reports,2,0.34; 0.6,Zhuo 2018
Fe3B,0.0,consensus of 1 report,1,0,Zhuo 2018
Fe3N,0.0,consensus of 1 report,1,0,Zhuo 2018
Fe3Si,0.0,consensus of 1 report,1,0,Zhuo 2018
Fe4H15(IO8)3,2.3,consensus of 1 report,1,2.3,Zhuo 2018
Fe4O7F,0.0,consensus of 1 report,1,0,Zhuo 2018
Fe4Si2Sn7O16,0.0,consensus of 1 report,1,0,Zhuo 2018
Fe6O7F5,0.0,consensus of 1 report,1,0,Zhuo 2018
Fe6W6C,0.0,consensus of 1 report,1,0,Zhuo 2018
Fe9Co7,0.0,consensus of 1 report,1,0,Zhuo 2018
FeAg3(CN)6,0.0,consensus of 1 report,1,0,Zhuo 2018
FeAgSe2,0.23,consensus of 1 report,1,0.23,Zhuo 2018
FeAgTe2,0.305,consensus of 4 reports,4,0.28; 0.3; 0.31; 0.58,Zhuo 2018
FeAs2O7,0.0,consensus of 1 report,1,0,Zhuo 2018
FeAsS,0.23,consensus of 2 reports,2,0.06; 0.4,Zhuo 2018
FeAsSe,0.6,consensus of 1 report,1,0.6,Zhuo 2018
FeBi(SeO3)3,2.54,consensus of 1 report,1,2.54,Zhuo 2018
FeBi25O39,2.8,consensus of 1 report,1,2.8,Zhuo 2018
FeCo2Si,0.0,consensus of 1 report,1,0,Zhuo 2018
FeCoAs,0.0,consensus of 1 report,1,0,Zhuo 2018
FeCuS2,0.5,consensus of 3 reports,3,0.43; 0.5; 0.53,Zhuo 2018
FeCuSe2,0.155,consensus of 2 reports,2,0.15; 0.16,Zhuo 2018
FeCuTe2,0.16,consensus of 1 report,1,0.16,Zhuo 2018
FeOF,0.0,consensus of 1 report,1,0,Zhuo 2018
FeP,0.0,consensus of 1 report,1,0,Zhuo 2018
FeP2,0.37,Borlido 2019,1,0.37,Borlido 2019
FeP4,0.32,consensus of 1 report,1,0.32,Zhuo 2018
FePS,0.25,consensus of 1 report,1,0.25,Zhuo 2018
FePd3,0.0,consensus of 1 report,1,0,Zhuo 2018
FeRhO3,0.0,consensus of 1 report,1,0,Zhuo 2018
FeS2,0.95,Borlido 2019,1,0.95,Borlido 2019
FeSi2,0.9,consensus of 5 reports,5,0.85; 0.88; 0.9; 0.95; 1,Zhuo 2018
FeSn,0.0,consensus of 1 report,1,0,Zhuo 2018
Ga0.001Te1Pb0.999,0.3,consensus of 1 report,1,0.3,Zhuo 2018
Ga0.005Te1Pb0.995,0.37,consensus of 1 report,1,0.37,Zhuo 2018
Ga0.01Te1Pb0.99,0.42,consensus of 1 report,1,0.42,Zhuo 2018
Ga0.04Te1Pb0.96,0.37,consensus of 1 report,1,0.37,Zhuo 2018
Ga0.07Te1Pb0.93,0.34,consensus of 1 report,1,0.34,Zhuo 2018
Ga0.95Hg0.05Sb0.95Te0.05,0.69,consensus of 1 report,1,0.69,Zhuo 2018
Ga0.99Hg0.01Sb0.99Te0.01,0.72,consensus of 1 report,1,0.72,Zhuo 2018
Ga0.9Hg0.1Sb0.9Te0.1,0.65,consensus of 1 report,1,0.65,Zhuo 2018
Ga1.001Sb0.999Se0.003,0.71,consensus of 1 report,1,0.71,Zhuo 2018
Ga1.001Sb0.999Te0.003,0.72,consensus of 1 report,1,0.72,Zhuo 2018
Ga1.002Sb0.998Se0.006,0.7,consensus of 1 report,1,0.7,Zhuo 2018
Ga1.002Sb0.998Te0.006,0.7,consensus of 1 report,1,0.7,Zhuo 2018
Ga1.005Sb0.995Se0.015,0.64,consensus of 1 report,1,0.64,Zhuo 2018
Ga1.005Sb0.995Te0.015,0.68,consensus of 1 report,1,0.68,Zhuo 2018
Ga1.01Cu0.99Se2.01,1.59,consensus of 1 report,1,1.59,Zhuo 2018
Ga1.01Sb0.99Se0.03,0.62,consensus of 1 report,1,0.62,Zhuo 2018
Ga1.01Sb0.99Te0.03,0.68,consensus of 1 report,1,0.68,Zhuo 2018
Ga1.02Sb0.98Se0.06,0.63,consensus of 1 report,1,0.63,Zhuo 2018
Ga1.02Sb0.98Te0.06,0.68,consensus of 1 report,1,0.68,Zhuo 2018
Ga1.05Sb0.95Se0.15,0.66,consensus of 1 report,1,0.66,Zhuo 2018
Ga1.05Sb0.95Te0.15,0.68,consensus of 1 report,1,0.68,Zhuo 2018
Ga1.1Cu0.9Se2.1,1.59,consensus of 1 report,1,1.59,Zhuo 2018
Ga1.1Sb0.9Se0.3,0.67,consensus of 1 report,1,0.67,Zhuo 2018
Ga1.1Sb0.9Te0.3,0.7,consensus of 1 report,1,0.7,Zhuo 2018
Ga1.2Cu0.8Se2.2,1.58,consensus of 1 report,1,1.58,Zhuo 2018
Ga1.5Cu0.5S2.5,2.445,consensus of 2 reports,2,2.43; 2.46,Zhuo 2018
Ga1.5Cu0.5Se2.5,1.76,consensus of 1 report,1,1.76,Zhuo 2018
Ga1.65Cu0.35S2.65,2.55,consensus of 2 reports,2,2.53; 2.57,Zhuo 2018
Ga1.65Cu0.35Se2.65,1.81,consensus of 1 report,1,1.81,Zhuo 2018
Ga1.6Cu0.4S2.6,2.475,consensus of 2 reports,2,2.45; 2.5,Zhuo 2018
Ga1.7Cu0.3S2.7,2.575,consensus of 2 reports,2,2.55; 2.6,Zhuo 2018
Ga1.85Cu0.15Se2.85,1.92,consensus of 1 report,1,1.92,Zhuo 2018
Ga1.8Cu0.2S2.8,2.675,consensus of 2 reports,2,2.65; 2.7,Zhuo 2018
Ga1.8Cu0.2Se2.8,1.86,consensus of 1 report,1,1.86,Zhuo 2018
Ga1.95Cu0.05S2.95,2.67,consensus of 2 reports,2,2.64; 2.7,Zhuo 2018
Ga1.95Cu0.05Se2.95,1.96,consensus of 1 report,1,1.96,Zhuo 2018
Ga1.99Cu0.01Se2.99,1.99,consensus of 1 report,1,1.99,Zhuo 2018
Ga1.9Cu0.1S2.9,2.625,consensus of 2 reports,2,2.6; 2.65,Zhuo 2018
Ga1As0.01P0.99,2.23,consensus of 1 report,1,2.23,Zhuo 2018
Ga1As0.2P0.8,2.2,consensus of 1 report,1,2.2,Zhuo 2018
Ga1As0.3P0.7,2.16,consensus of 1 report,1,2.16,Zhuo 2018
Ga1As0.4P0.6,2.1,consensus of 1 report,1,2.1,Zhuo 2018
Ga1As0.5P0.5,2.0,consensus of 1 report,1,2,Zhuo 2018
Ga1As0.6P0.4,1.91,consensus of 1 report,1,1.91,Zhuo 2018
Ga1As0.7P0.3,1.8,consensus of 1 report,1,1.8,Zhuo 2018
Ga1As0.8P0.2,1.62,consensus of 1 report,1,1.62,Zhuo 2018
Ga1As0.99P0.01,1.37,consensus of 1 report,1,1.37,Zhuo 2018
Ga1As0.9P0.1,1.5,consensus of 1 report,1,1.5,Zhuo 2018
Ga1Sb0.01As0.99,0.7,consensus of 1 report,1,0.7,Zhuo 2018
Ga1Sb0.14As0.86,0.66,consensus of 1 report,1,0.66,Zhuo 2018
Ga1Sb0.25As0.75,0.65,consensus of 1 report,1,0.65,Zhuo 2018
Ga1Sb0.35As0.65,0.68,consensus of 1 report,1,0.68,Zhuo 2018
Ga1Sb0.3As0.7,0.67,consensus of 1 report,1,0.67,Zhuo 2018
Ga1Sb0.85As0.15,1.1,consensus of 1 report,1,1.1,Zhuo 2018
Ga1Sb0.8As0.2,1.02,consensus of 1 report,1,1.02,Zhuo 2018
Ga1Sb0.95As0.05,1.28,consensus of 1 report,1,1.28,Zhuo 2018
Ga1Sb0.99As0.01,1.37,consensus of 1 report,1,1.37,Zhuo 2018
Ga2(TeO3)3,4.145,consensus of 2 reports,2,4.14; 4.15,Zhuo 2018
Ga2Cu1S3.5,2.42,consensus of 1 report,1,2.42,Zhuo 2018
Ga2CuSe4,0.63,consensus of 1 report,1,0.63,Zhuo 2018
Ga2GePbSe6,1.96,consensus of 1 report,1,1.96,Zhuo 2018
Ga2GeTe3,0.845,consensus of 2 reports,2,0.84; 0.85,Zhuo 2018
Ga2HgS4,2.79,Borlido 2019,3,2.79; 2.79; 2.84,Borlido 2019; Zhuo 2018
Ga2HgSe4,1.99,Borlido 2019,2,1.95; 1.99,Borlido 2019; Zhuo 2018
Ga2NiS4,0.0,consensus of 1 report,1,0,Zhuo 2018
Ga2O3,4.47,consensus of 2 reports,2,4.4; 4.54,Zhuo 2018
Ga2PbS4,2.38,consensus of 1 report,1,2.38,Zhuo 2018
Ga2PbSe4,1.83,consensus of 1 report,1,1.83,Zhuo 2018
Ga2S3,3.44,Borlido 2019,4,2.8; 2.84; 2.85; 3.44,Borlido 2019; Zhuo 2018
Ga2Se2O7,4.61,consensus of 1 report,1,4.61,Zhuo 2018
Ga2Se3,2.05,consensus of 3 reports,3,1.86; 2.05; 2.3,Zhuo 2018
Ga2Si(AgS3)2,2.35,consensus of 1 report,1,2.35,Zhuo 2018
Ga2SiPbSe6,2.17,consensus of 1 report,1,2.17,Zhuo 2018
Ga2SnGeS6,2.04,consensus of 1 report,1,2.04,Zhuo 2018
Ga2Te3,1.39,consensus of 4 reports,4,1.32; 1.33; 1.45; 1.5,Zhuo 2018
Ga3CuSe5,1.81,consensus of 3 reports,3,1.75; 1.81; 1.89,Zhuo 2018
Ga3CuTe5,1.09,consensus of 1 report,1,1.09,Zhuo 2018
Ga3Pt2,0.0,consensus of 1 report,1,0,Zhuo 2018
Ga3SiAg3Se8,2.3,consensus of 1 report,1,2.3,Zhuo 2018
Ga4Cu2Te7,1.13,consensus of 2 reports,2,1.08; 1.18,Zhuo 2018
Ga4PbS7,3.08,consensus of 1 report,1,3.08,Zhuo 2018
Ga4SnS7,3.1,consensus of 1 report,1,3.1,Zhuo 2018
Ga4SnSe7,2.55,consensus of 1 report,1,2.55,Zhuo 2018
Ga5Ge(PbS3)4,2.35,consensus of 1 report,1,2.35,Zhuo 2018
Ga5Ge(PbSe3)4,1.91,consensus of 1 report,1,1.91,Zhuo 2018
Ga5Pd13,0.0,consensus of 1 report,1,0,Zhuo 2018
Ga8Cu3Mo2,0.0,consensus of 1 report,1,0,Zhuo 2018
Ga9Rh2,0.0,consensus of 1 report,1,0,Zhuo 2018
GaAgGe3Se8,2.17,consensus of 1 report,1,2.17,Zhuo 2018
GaAgGe5Se12,2.14,consensus of 1 report,1,2.14,Zhuo 2018
GaAgGeS4,3.0,consensus of 1 report,1,3,Zhuo 2018
GaAgO2,2.2,consensus of 1 report,1,2.2,Zhuo 2018
GaAgS2,2.71,Borlido 2019,6,2.56; 2.62; 2.64; 2.71; 2.73; 2.73,Borlido 2019; Zhuo 2018
GaAgSe2,1.81,Borlido 2019,7,1.3; 1.65; 1.66; 1.8; 1.8; 1.81; 1.83,Borlido 2019; Zhuo 2018
GaAgTe2,1.32,Borlido 2019,2,1.1; 1.32,Borlido 2019; Zhuo 2018
GaAs,1.52,Borlido 2019 + curated literature,27,1.4; 1.42; 1.42; 1.43; 1.43; 1.43; 1.43; 1.43; 1.44; 1.46; 1.48; 1.51; 1.51; 1.51; 1.51; 1.51; 1.52; 1.52; 1.52; 1.52; 1.52; 1.52; 1.52; 1.52; 1.52; 1.53; 1.58,Borlido 2019; Zhuo 2018; curated literature
GaAs2W,0.0,consensus of 1 report,1,0,Zhuo 2018
GaBi,0.1,consensus of 1 report,1,0.1,Zhuo 2018
GaBi25O39,2.99,consensus of 1 report,1,2.99,Zhuo 2018
GaCuGeSe4,1.38,consensus of 1 report,1,1.38,Zhuo 2018
GaCuO2,2.55,Borlido 2019,2,1.47; 2.55,Borlido 2019; Zhuo 2018
GaCuS2,2.51,Borlido 2019,8,2.38; 2.4; 2.42; 2.43; 2.44; 2.5; 2.51; 2.53,Borlido 2019; Zhuo 2018
GaCuSe2,1.7,Borlido 2019,7,1.36; 1.6; 1.63; 1.68; 1.7; 1.7; 1.71,Borlido 2019; Zhuo 2018
GaCuTe2,1.23,Borlido 2019,3,1; 1.18; 1.23,Borlido 2019; Zhuo 2018
GaFe3,0.0,consensus of 1 report,1,0,Zhuo 2018
GaFeNi2,0.0,consensus of 1 report,1,0,Zhuo 2018
GaGeTe,1.1,consensus of 1 report,1,1.1,Zhuo 2018
GaHSeO4,5.51,consensus of 1 report,1,5.51,Zhuo 2018
GaN,3.5,Borlido 2019 + curated literature,18,3.21; 3.24; 3.25; 3.3; 3.39; 3.4; 3.44; 3.47; 3.48; 3.48; 3.49; 3.5; 3.5; 3.5; 3.5; 3.5; 3.6; 3.8,Borlido 2019; Zhuo 2018; curated literature
GaP,2.35,Borlido 2019 + curated literature,6,2.35; 2.35; 2.74; 2.75; 2.77; 2.78,Borlido 2019; Zhuo 2018; curated literature
GaS,2.54,Borlido 2019,14,2.38; 2.5; 2.52; 2.53; 2.54; 2.58; 2.58; 2.59; 2.59; 2.59; 2.6; 2.62; 2.7; 2.84,Borlido 2019; Zhuo 2018
GaSb,0.82,Borlido 2019 + curated literature,17,0.67; 0.7; 0.72; 0.73; 0.77; 0.78; 0.8; 0.81; 0.81; 0.81; 0.81; 0.81; 0.81; 0.81; 0.82; 0.82; 0.82,Borlido 2019; Zhuo 2018; curated literature
GaSe,2.1,Borlido 2019,27,1.93; 1.97; 1.98; 2; 2.01; 2.02; 2.04; 2.05; 2.07; 2.07; 2.09; 2.09; 2.1; 2.1; 2.1; 2.11; 2.12; 2.12; 2.12; 2.13; 2.13; 2.13; 2.13; 2.15; 2.16; 2.17; 2.2,Borlido 2019; Zhuo 2018
GaSiAgSe4,2.63,consensus of 1 report,1,2.63,Zhuo 2018
GaSiRu2,0.0,consensus of 1 report,1,0,Zhuo 2018
GaTe,1.8,Borlido 2019,14,1.42; 1.5; 1.52; 1.63; 1.66; 1.67; 1.69; 1.7; 1.74; 1.78; 1.8; 1.8; 1.8; 1.8,Borlido 2019; Zhuo 2018
Gd(CuS)3,1.62,consensus of 1 report,1,1.62,Zhuo 2018
Gd(CuSe)3,0.14,consensus of 1 report,1,0.14,Zhuo 2018
Gd(CuTe)3,0.52,consensus of 1 report,1,0.52,Zhuo 2018
Gd(InS2)3,1.13,consensus of 1 report,1,1.13,Zhuo 2018
Gd(NiGe)2,0.0,consensus of 1 report,1,0,Zhuo 2018
Gd(SiRu)2,0.0,consensus of 1 report,1,0,Zhuo 2018
Gd1.05Sc0.95Se3,1.2,consensus of 1 report,1,1.2,Zhuo 2018
Gd1.47Mn2.04In0.49S5,1.75,consensus of 1 report,1,1.75,Zhuo 2018
Gd1.87Lu2.13Se6,1.56,consensus of 1 report,1,1.56,Zhuo 2018
Gd1Mn1.95In1.05S5,1.66,consensus of 1 report,1,1.66,Zhuo 2018
Gd2(MoO4)3,4.12,consensus of 2 reports,2,4.06; 4.18,Zhuo 2018
Gd2(Zn2Ge)3,0.0,consensus of 1 report,1,0,Zhuo 2018
Gd2AlCo2,0.0,consensus of 1 report,1,0,Zhuo 2018
Gd2Mn4S7,1.44,consensus of 1 report,1,1.44,Zhuo 2018
Gd2O3,5.3,consensus of 1 report,1,5.3,Zhuo 2018
Gd2S3,2.55,consensus of 1 report,1,2.55,Zhuo 2018
Gd2Se3,2.2,consensus of 1 report,1,2.2,Zhuo 2018
Gd2Te3,0.74,consensus of 1 report,1,0.74,Zhuo 2018
Gd2Zn17,0.0,consensus of 1 report,1,0,Zhuo 2018
Gd2ZrS5,1.88,consensus of 1 report,1,1.88,Zhuo 2018
Gd3(AlNi3)2,0.0,consensus of 1 report,1,0,Zhuo 2018
Gd3.04Sc0.96S6,1.5,consensus of 1 report,1,1.5,Zhuo 2018
Gd3Al0.74Si0.7S7,2.34,consensus of 1 report,1,2.34,Zhuo 2018
Gd3Al7Ag2,0.0,consensus of 1 report,1,0,Zhuo 2018
Gd3Co11B4,0.0,consensus of 1 report,1,0,Zhuo 2018
Gd3ReO7,0.0,consensus of 1 report,1,0,Zhuo 2018
Gd3S4,0.0,consensus of 1 report,1,0,Zhuo 2018
Gd4GaSbS9,2.41,consensus of 1 report,1,2.41,Zhuo 2018
Gd6Ge2.5S14,2.2,consensus of 1 report,1,2.2,Zhuo 2018
Gd6Ta4Al43,0.0,consensus of 1 report,1,0,Zhuo 2018
GdAs,0.63,consensus of 1 report,1,0.63,Zhuo 2018
GdB(SbO4)2,3.48,consensus of 1 report,1,3.48,Zhuo 2018
GdB6,3.6,consensus of 1 report,1,3.6,Zhuo 2018
GdB66,1.27,consensus of 1 report,1,1.27,Zhuo 2018
GdCd2,0.0,consensus of 1 report,1,0,Zhuo 2018
GdCd4B3O10,3.8,consensus of 1 report,1,3.8,Zhuo 2018
GdGeRu,0.0,consensus of 1 report,1,0,Zhuo 2018
GdH2NO5,4.84,consensus of 1 report,1,4.84,Zhuo 2018
GdInIr,0.0,consensus of 1 report,1,0,Zhuo 2018
GdN,1.54,consensus of 1 report,1,1.54,Zhuo 2018
GdNiO3,0.0,consensus of 1 report,1,0,Zhuo 2018
GdO2,0.0,consensus of 1 report,1,0,Zhuo 2018
GdPbAu,0.0,consensus of 1 report,1,0,Zhuo 2018
GdSb,0.0,consensus of 1 report,1,0,Zhuo 2018
GdSbPd,0.0,consensus of 1 report,1,0,Zhuo 2018
GdScS3,2.1,consensus of 1 report,1,2.1,Zhuo 2018
GdSe2,0.0,consensus of 1 report,1,0,Zhuo 2018
GdTe,1.3,consensus of 1 report,1,1.3,Zhuo 2018
GdZn,0.0,consensus of 1 report,1,0,Zhuo 2018
GdZnIn,0.0,consensus of 1 report,1,0,Zhuo 2018
Ge,0.74,Borlido 2019 + curated literature,2,0.74; 0.74,Borlido 2019; curated literature
Ge(Bi3O5)4,3.25,consensus of 1 report,1,3.25,Zhuo 2018
Ge(SeO3)2,5.29,consensus of 2 reports,2,5.27; 5.31,Zhuo 2018
Ge(WO3)6,0.0,consensus of 1 report,1,0,Zhuo 2018
Ge0.01Pb0.99Se1,0.27,consensus of 1 report,1,0.27,Zhuo 2018
Ge0.01Te0.01Pb0.99Se0.99,0.23,consensus of 1 report,1,0.23,Zhuo 2018
Ge0.01Te0.99Pb0.99S0.01,0.32,consensus of 1 report,1,0.32,Zhuo 2018
Ge0.01Te1Pb0.99,0.32,consensus of 1 report,1,0.32,Zhuo 2018
Ge0.02Te0.98Pb0.98S0.02,0.34,consensus of 1 report,1,0.34,Zhuo 2018
Ge0.03Pb0.97Se0.97S0.03,0.28,consensus of 1 report,1,0.28,Zhuo 2018
Ge0.05Pb0.95Se0.95S0.05,0.29,consensus of 1 report,1,0.29,Zhuo 2018
Ge0.05Pb0.95Se1,0.28,consensus of 1 report,1,0.28,Zhuo 2018
Ge0.05Te0.95Pb0.95S0.05,0.4,consensus of 1 report,1,0.4,Zhuo 2018
Ge0.05Te1Pb0.95,0.34,consensus of 1 report,1,0.34,Zhuo 2018
Ge0.06Te0.06Pb0.94Se0.94,0.28,consensus of 1 report,1,0.28,Zhuo 2018
Ge0.15Pb0.85Se0.85S0.15,0.34,consensus of 1 report,1,0.34,Zhuo 2018
Ge0.15Te0.15Pb0.85Se0.85,0.32,consensus of 1 report,1,0.32,Zhuo 2018
Ge0.15Te1Pb0.85,0.36,consensus of 1 report,1,0.36,Zhuo 2018
Ge0.1Pb0.9Se0.9S0.1,0.32,consensus of 1 report,1,0.32,Zhuo 2018
Ge0.1Pb0.9Se1,0.3,consensus of 1 report,1,0.3,Zhuo 2018
Ge0.1Te1Pb0.9,0.35,consensus of 1 report,1,0.35,Zhuo 2018
Ge0.25Te1Pb0.75,0.44,consensus of 1 report,1,0.44,Zhuo 2018
Ge0.2Pb0.8Se1,0.35,consensus of 1 report,1,0.35,Zhuo 2018
Ge0.2Te0.2Pb0.8Se0.8,0.36,consensus of 1 report,1,0.36,Zhuo 2018
Ge0.2Te1Pb0.8,0.4,consensus of 1 report,1,0.4,Zhuo 2018
Ge0.39Te1Pb0.61,0.56,consensus of 1 report,1,0.56,Zhuo 2018
Ge0.3Pb0.7Se1,0.4,consensus of 1 report,1,0.4,Zhuo 2018
Ge0.3Te1Pb0.7,0.48,consensus of 1 report,1,0.48,Zhuo 2018
Ge0.41Te1Pb0.59,0.49,consensus of 1 report,1,0.49,Zhuo 2018
Ge0.4Te1Pb0.6,0.51,consensus of 1 report,1,0.51,Zhuo 2018
Ge2Os,0.0,consensus of 1 report,1,0,Zhuo 2018
Ge2Sb2Te5,0.5,consensus of 1 report,1,0.5,Zhuo 2018
Ge3Bi3O10.5,3.3,consensus of 1 report,1,3.3,Zhuo 2018
Ge3Ru2,0.43,consensus of 2 reports,2,0.34; 0.52,Zhuo 2018
Ge3Sb,0.0,consensus of 1 report,1,0,Zhuo 2018
Ge40Te5.3I8,0.8,consensus of 1 report,1,0.8,Zhuo 2018
Ge5(Te4As)2,0.0,consensus of 1 report,1,0,Zhuo 2018
GeAs,0.65,Borlido 2019,4,0.65; 1.01; 1.45; 1.65,Borlido 2019; Zhuo 2018
GeAs2,1.06,Borlido 2019,4,1; 1.06; 1.06; 1.1,Borlido 2019; Zhuo 2018
GeAs3,0.0,consensus of 1 report,1,0,Zhuo 2018
GeI2,1.5,consensus of 1 report,1,1.5,Zhuo 2018
GeO2,5.35,Borlido 2019,4,5.35; 5.54; 5.56; 5.63,Borlido 2019; Zhuo 2018
GeP,0.95,consensus of 1 report,1,0.95,Zhuo 2018
GePb2(SeO3)4,4.1,consensus of 1 report,1,4.1,Zhuo 2018
GePbS3,2.4,consensus of 1 report,1,2.4,Zhuo 2018
GePt2,0.0,consensus of 1 report,1,0,Zhuo 2018
GeRh,0.0,consensus of 1 report,1,0,Zhuo 2018
GeS,1.69,consensus of 9 reports,11,1.58; 1.59; 1.61; 1.65; 1.68; 1.69; 1.74; 1.74; 1.74; 1.77; 1.8,Zhuo 2018
GeS2,3.57,consensus of 4 reports,4,3.43; 3.54; 3.6; 3.71,Zhuo 2018
GeSe,1.08,Borlido 2019,10,1.08; 1.08; 1.08; 1.1; 1.16; 1.17; 1.18; 1.22; 1.28; 1.38,Borlido 2019; Zhuo 2018
GeSe2,2.37,consensus of 4 reports,4,2.3; 2.36; 2.38; 2.49,Zhuo 2018
GeTe2,0.3,consensus of 1 report,1,0.3,Zhuo 2018
H2Se,0.0,consensus of 1 report,1,0,Zhuo 2018
H5PbCBr3N2,2.25,curated literature,1,2.25,curated literature
H5PbCI3N2,1.51,curated literature,1,1.51,curated literature
H5PbCN2Cl3,3.02,curated literature,1,3.02,curated literature
H6PbCBr3N,2.3,curated literature,1,2.3,curated literature
H6PbCI3N,1.59,curated literature,1,1.59,curated literature
H6PbCNCl3,3.04,curated literature,1,3.04,curated literature
H6Pt(I3O10)2,2.26,consensus of 2 reports,2,2.12; 2.4,Zhuo 2018
H7Se2NO6,4.81,consensus of 1 report,1,4.81,Zhuo 2018
Hf(CoSi)2,0.0,consensus of 1 report,1,0,Zhuo 2018
Hf(CuP)2,0.0,consensus of 1 report,1,0,Zhuo 2018
Hf(VGa2)2,0.0,consensus of 1 report,1,0,Zhuo 2018
Hf(VH2)2,0.0,consensus of 1 report,1,0,Zhuo 2018
Hf2Al3C4,0.0,consensus of 1 report,1,0,Zhuo 2018
Hf2Co4P3,0.0,consensus of 1 report,1,0,Zhuo 2018
Hf2Fe,0.0,consensus of 1 report,1,0,Zhuo 2018
Hf2Ge,0.0,consensus of 1 report,1,0,Zhuo 2018
Hf2Hg,0.0,consensus of 1 report,1,0,Zhuo 2018
Hf2MnIr,0.0,consensus of 1 report,1,0,Zhuo 2018
Hf2Ni,0.0,consensus of 1 report,1,0,Zhuo 2018
Hf2OsPd,0.0,consensus of 1 report,1,0,Zhuo 2018
Hf2ReRh,0.0,consensus of 1 report,1,0,Zhuo 2018
Hf2S,0.0,consensus of 1 report,1,0,Zhuo 2018
Hf2Si,0.0,consensus of 1 report,1,0,Zhuo 2018
Hf2Tl,0.0,consensus of 1 report,1,0,Zhuo 2018
Hf3(CuSi)4,0.0,consensus of 1 report,1,0,Zhuo 2018
Hf3(NiGe)4,0.0,consensus of 1 report,1,0,Zhuo 2018
Hf3P,0.0,consensus of 1 report,1,0,Zhuo 2018
Hf3P3Pd4,0.0,consensus of 1 report,1,0,Zhuo 2018
Hf3Sb,0.0,consensus of 1 report,1,0,Zhuo 2018
Hf3Zn3N,0.0,consensus of 1 report,1,0,Zhuo 2018
Hf4Al3,0.0,consensus of 1 report,1,0,Zhuo 2018
Hf4Co4Si7,0.0,consensus of 1 report,1,0,Zhuo 2018
Hf54Os17,0.0,consensus of 1 report,1,0,Zhuo 2018
Hf5CuPb3,0.0,consensus of 1 report,1,0,Zhuo 2018
Hf5Pb,0.0,consensus of 1 report,1,0,Zhuo 2018
Hf5Sb3,0.0,consensus of 1 report,1,0,Zhuo 2018
Hf5Sb9,0.0,consensus of 1 report,1,0,Zhuo 2018
Hf5Si4,0.0,consensus of 1 report,1,0,Zhuo 2018
Hf5Sn3,0.0,consensus of 1 report,1,0,Zhuo 2018
Hf5Sn4,0.0,consensus of 1 report,1,0,Zhuo 2018
Hf5Te4,0.0,consensus of 1 report,1,0,Zhuo 2018
Hf6PbO18,0.0,consensus of 1 report,1,0,Zhuo 2018
Hf7P4,0.0,consensus of 1 report,1,0,Zhuo 2018
HfAlPd2,0.0,consensus of 1 report,1,0,Zhuo 2018
HfAs2,0.0,consensus of 1 report,1,0,Zhuo 2018
HfAsRh,0.0,consensus of 1 report,1,0,Zhuo 2018
HfB,0.0,consensus of 1 report,1,0,Zhuo 2018
HfB4Ir3,0.0,consensus of 1 report,1,0,Zhuo 2018
HfBrN,3.1,Borlido 2019,1,3.1,Borlido 2019
HfC,0.0,consensus of 1 report,1,0,Zhuo 2018
HfCo3B2,0.0,consensus of 1 report,1,0,Zhuo 2018
HfFe2,0.0,consensus of 1 report,1,0,Zhuo 2018
HfGaCo2,0.0,consensus of 1 report,1,0,Zhuo 2018
HfHg4(AsCl3)2,2.47,consensus of 1 report,1,2.47,Zhuo 2018
HfHg4(PCl3)2,3.26,consensus of 1 report,1,3.26,Zhuo 2018
HfInCu2,0.0,consensus of 1 report,1,0,Zhuo 2018
HfNi5,0.0,consensus of 1 report,1,0,Zhuo 2018
HfO2,5.5,Borlido 2019,2,5.5; 5.55,Borlido 2019; Zhuo 2018
HfOs2,0.0,consensus of 1 report,1,0,Zhuo 2018
HfPt,0.0,consensus of 1 report,1,0,Zhuo 2018
HfS2,1.96,Borlido 2019,2,1.96; 2.9,Borlido 2019; Zhuo 2018
HfS3,2.85,consensus of 3 reports,3,2.8; 2.85; 3.1,Zhuo 2018
HfSe2,1.13,Borlido 2019,2,1.13; 2.2,Borlido 2019; Zhuo 2018
HfSi,0.0,consensus of 1 report,1,0,Zhuo 2018
HfSiPt,0.0,consensus of 1 report,1,0,Zhuo 2018
HfTiF6,0.0,consensus of 1 report,1,0,Zhuo 2018
HfTl3,0.0,consensus of 1 report,1,0,Zhuo 2018
HfVSi,0.0,consensus of 1 report,1,0,Zhuo 2018
HfZnNi2,0.0,consensus of 1 report,1,0,Zhuo 2018
Hg2Rh,0.0,consensus of 1 report,1,0,Zhuo 2018
Hg2Sb2O7,0.0,consensus of 1 report,1,0,Zhuo 2018
Hg3As,0.0,consensus of 1 report,1,0,Zhuo 2018
Hg3Bi2(SCl4)2,3.26,consensus of 1 report,1,3.26,Zhuo 2018
Hg3Bi2(TeCl4)2,2.8,consensus of 1 report,1,2.8,Zhuo 2018
Hg3C,0.0,consensus of 1 report,1,0,Zhuo 2018
Hg3PS3,1.98,consensus of 1 report,1,1.98,Zhuo 2018
Hg3PS4,2.03,consensus of 1 report,1,2.03,Zhuo 2018
Hg3Sb,0.0,consensus of 1 report,1,0,Zhuo 2018
Hg5AsS2I3,1.57,consensus of 1 report,1,1.57,Zhuo 2018
Hg7.5As4Cl6,1.73,consensus of 1 report,1,1.73,Zhuo 2018
Hg8Bi3As4Cl13,2.43,consensus of 1 report,1,2.43,Zhuo 2018
HgBr,2.6,consensus of 1 report,1,2.6,Zhuo 2018
HgBr2,3.59,consensus of 1 report,1,3.59,Zhuo 2018
HgBrCl,3.4,consensus of 1 report,1,3.4,Zhuo 2018
HgCl,3.65,consensus of 2 reports,2,3.5; 3.8,Zhuo 2018
HgCl2,4.45,consensus of 1 report,1,4.45,Zhuo 2018
HgI,3.0,Borlido 2019,2,2.37; 3,Borlido 2019; Zhuo 2018
HgI2,2.4,Borlido 2019,1,2.4,Borlido 2019
HgIrO3,0.0,consensus of 1 report,1,0,Zhuo 2018
HgO,1.9,Borlido 2019,3,1.9; 2.21; 2.48,Borlido 2019; Zhuo 2018
HgOsPb2,0.0,consensus of 1 report,1,0,Zhuo 2018
HgPS3,2.6,consensus of 1 report,1,2.6,Zhuo 2018
HgPt,0.0,consensus of 1 report,1,0,Zhuo 2018
HgPt3,0.0,consensus of 1 report,1,0,Zhuo 2018
HgRhO3,0.0,consensus of 1 report,1,0,Zhuo 2018
HgS,1.285,Borlido 2019,3,0.54; 2.03; 2.1,Borlido 2019; Zhuo 2018
HgSe,0.12,consensus of 5 reports,5,0.07; 0.1; 0.12; 0.24; 0.32,Zhuo 2018
HgTe,0.18,consensus of 3 reports,3,0.15; 0.18; 0.19,Zhuo 2018
HgTeBr,2.06,consensus of 1 report,1,2.06,Zhuo 2018
HgTeI,1.85,consensus of 1 report,1,1.85,Zhuo 2018
Ho(BC)2,0.0,consensus of 1 report,1,0,Zhuo 2018
Ho(BiO3)2,0.0,consensus of 1 report,1,0,Zhuo 2018
Ho(CuO2)2,0.0,consensus of 1 report,1,0,Zhuo 2018
Ho(CuSe)3,0.16,consensus of 1 report,1,0.16,Zhuo 2018
Ho(CuTe)3,0.26,consensus of 1 report,1,0.26,Zhuo 2018
Ho(InS2)3,1.23,consensus of 1 report,1,1.23,Zhuo 2018
Ho(MnSn)6,0.0,consensus of 1 report,1,0,Zhuo 2018
Ho(NiB)2,0.0,consensus of 1 report,1,0,Zhuo 2018
Ho(SbO3)2,0.0,consensus of 1 report,1,0,Zhuo 2018
Ho(SiOs)2,0.0,consensus of 1 report,1,0,Zhuo 2018
Ho(SiPd)2,0.0,consensus of 1 report,1,0,Zhuo 2018
Ho(SiPt)2,0.0,consensus of 1 report,1,0,Zhuo 2018
Ho(SiRu)2,0.0,consensus of 1 report,1,0,Zhuo 2018
Ho10Si17,0.0,consensus of 1 report,1,0,Zhuo 2018
Ho2Au,0.0,consensus of 1 report,1,0,Zhuo 2018
Ho2B4C,0.0,consensus of 1 report,1,0,Zhuo 2018
Ho2Co17,0.0,consensus of 1 report,1,0,Zhuo 2018
Ho2CuRh,0.0,consensus of 1 report,1,0,Zhuo 2018
Ho2Ge5Rh3,0.0,consensus of 1 report,1,0,Zhuo 2018
Ho2GeS5,2.5,consensus of 1 report,1,2.5,Zhuo 2018
Ho2HfS5,1.0,consensus of 1 report,1,1,Zhuo 2018
Ho2O3,5.42,consensus of 1 report,1,5.42,Zhuo 2018
Ho2Pd2Pb,0.0,consensus of 1 report,1,0,Zhuo 2018
Ho3AlC,0.0,consensus of 1 report,1,0,Zhuo 2018
Ho3GaC,0.0,consensus of 1 report,1,0,Zhuo 2018
Ho3Ge5,0.0,consensus of 1 report,1,0,Zhuo 2018
Ho3Hg,0.0,consensus of 1 report,1,0,Zhuo 2018
Ho3Ni19B10,0.0,consensus of 1 report,1,0,Zhuo 2018
Ho3P,0.0,consensus of 1 report,1,0,Zhuo 2018
Ho3Pd2,0.0,consensus of 1 report,1,0,Zhuo 2018
Ho4C7,0.0,consensus of 1 report,1,0,Zhuo 2018
Ho4Ga16Co3,0.0,consensus of 1 report,1,0,Zhuo 2018
Ho5(Ge5Rh2)2,0.0,consensus of 1 report,1,0,Zhuo 2018
Ho5Si4,0.0,consensus of 1 report,1,0,Zhuo 2018
HoAlAu2,0.0,consensus of 1 report,1,0,Zhuo 2018
HoAlB14,0.0,consensus of 1 report,1,0,Zhuo 2018
HoB2Rh3,0.0,consensus of 1 report,1,0,Zhuo 2018
HoB4,0.0,consensus of 1 report,1,0,Zhuo 2018
HoC2,0.0,consensus of 1 report,1,0,Zhuo 2018
HoCd,0.0,consensus of 1 report,1,0,Zhuo 2018
HoCd3,0.0,consensus of 1 report,1,0,Zhuo 2018
HoCdCu4,0.0,consensus of 1 report,1,0,Zhuo 2018
HoCo3,0.0,consensus of 1 report,1,0,Zhuo 2018
HoCu4Pd,0.0,consensus of 1 report,1,0,Zhuo 2018
HoGe,0.0,consensus of 1 report,1,0,Zhuo 2018
HoGeAu,0.0,consensus of 1 report,1,0,Zhuo 2018
HoInAu2,0.0,consensus of 1 report,1,0,Zhuo 2018
HoInPt,0.0,consensus of 1 report,1,0,Zhuo 2018
HoMg2,0.0,consensus of 1 report,1,0,Zhuo 2018
HoMgAu2,0.0,consensus of 1 report,1,0,Zhuo 2018
HoMgZn2,0.0,consensus of 1 report,1,0,Zhuo 2018
HoMn12,0.0,consensus of 1 report,1,0,Zhuo 2018
HoN,1.88,consensus of 3 reports,3,1.79; 1.88; 1.9,Zhuo 2018
HoNiGe,0.0,consensus of 1 report,1,0,Zhuo 2018
HoSb2,0.0,consensus of 1 report,1,0,Zhuo 2018
HoSi,0.0,consensus of 1 report,1,0,Zhuo 2018
HoSiRu2C,0.0,consensus of 1 report,1,0,Zhuo 2018
HoTiGe,0.0,consensus of 1 report,1,0,Zhuo 2018
HoTiO3,0.0,consensus of 1 report,1,0,Zhuo 2018
HoTiSi,0.0,consensus of 1 report,1,0,Zhuo 2018
HoTlPd,0.0,consensus of 1 report,1,0,Zhuo 2018
HoZnRh,0.0,consensus of 1 report,1,0,Zhuo 2018
HoZnRh2,0.0,consensus of 1 report,1,0,Zhuo 2018
ICl2,0.0,consensus of 1 report,1,0,Zhuo 2018
In(MoSe)3,0.0,consensus of 1 report,1,0,Zhuo 2018
In(PS2)2,2.585,consensus of 2 reports,2,2.42; 2.75,Zhuo 2018
In(PSe2)2,1.29,consensus of 1 report,1,1.29,Zhuo 2018
In0.001Te1Pb0.999,0.3,consensus of 1 report,1,0.3,Zhuo 2018
In0.005Te1Pb0.995,0.43,consensus of 1 report,1,0.43,Zhuo 2018
In0.01Ga0.99As0.99P0.01,1.43,consensus of 1 report,1,1.43,Zhuo 2018
In0.01Ga0.99As1,1.4,consensus of 1 report,1,1.4,Zhuo 2018
In0.01Te1Pb0.99,0.53,consensus of 1 report,1,0.53,Zhuo 2018
In0.04Te1Pb0.96,0.37,consensus of 1 report,1,0.37,Zhuo 2018
In0.07Te1Pb0.93,0.32,consensus of 1 report,1,0.32,Zhuo 2018
In0.1Ga0.9As0.1P0.9,2.25,consensus of 1 report,1,2.25,Zhuo 2018
In0.1Ga0.9As0.9P0.1,1.6,consensus of 1 report,1,1.6,Zhuo 2018
In0.2Ga0.8As0.2P0.8,2.15,consensus of 1 report,1,2.15,Zhuo 2018
In0.2Ga0.8As0.8P0.2,1.58,consensus of 1 report,1,1.58,Zhuo 2018
In0.2Ga0.8As1,1.07,consensus of 1 report,1,1.07,Zhuo 2018
In0.3Ga0.7As0.3P0.7,2.05,consensus of 1 report,1,2.05,Zhuo 2018
In0.3Ga0.7As0.7P0.3,1.67,consensus of 1 report,1,1.67,Zhuo 2018
In0.3Ga0.7As1,1.0,consensus of 1 report,1,1,Zhuo 2018
In0.3Ga0.7P1,2.2,consensus of 1 report,1,2.2,Zhuo 2018
In0.4Ga0.6As0.4P0.6,1.85,consensus of 1 report,1,1.85,Zhuo 2018
In0.4Ga0.6As0.6P0.4,1.74,consensus of 1 report,1,1.74,Zhuo 2018
In0.4Ga0.6As1,0.81,consensus of 1 report,1,0.81,Zhuo 2018
In0.4Ga0.6P1,2.05,consensus of 1 report,1,2.05,Zhuo 2018
In0.4Ga1.6Cu1S3.5,2.15,consensus of 1 report,1,2.15,Zhuo 2018
In0.5Ga0.5As0.5P0.5,1.65,consensus of 2 reports,2,1.55; 1.75,Zhuo 2018
In0.5Ga0.5As1,0.75,consensus of 1 report,1,0.75,Zhuo 2018
In0.5Ga0.5P1,1.9,consensus of 1 report,1,1.9,Zhuo 2018
In0.6Ga0.4As0.6P0.4,1.25,consensus of 1 report,1,1.25,Zhuo 2018
In0.72Ga0.28As1,0.55,consensus of 1 report,1,0.55,Zhuo 2018
In0.7Ga0.3As0.3P0.7,1.58,consensus of 1 report,1,1.58,Zhuo 2018
In0.8Ga0.2As0.2P0.8,1.4,consensus of 1 report,1,1.4,Zhuo 2018
In0.8Ga0.2As0.8P0.2,0.85,consensus of 1 report,1,0.85,Zhuo 2018
In0.8Ga0.2As1,0.5,consensus of 1 report,1,0.5,Zhuo 2018
In0.99Ga0.01As0.01P0.99,1.3,consensus of 1 report,1,1.3,Zhuo 2018
In0.99Ga0.01As0.99P0.01,0.3,consensus of 1 report,1,0.3,Zhuo 2018
In0.9Ga0.1As0.1P0.9,1.32,consensus of 1 report,1,1.32,Zhuo 2018
In0.9Ga0.1As0.9P0.1,0.45,consensus of 1 report,1,0.45,Zhuo 2018
In1.01Cu0.99Se2.01,1.08,consensus of 1 report,1,1.08,Zhuo 2018
In1.05Cu0.95Se2.05,1.07,consensus of 1 report,1,1.07,Zhuo 2018
In1.1Cu0.9Se2.1,1.06,consensus of 1 report,1,1.06,Zhuo 2018
In1.3Cu0.7Se2.3,1.1,consensus of 1 report,1,1.1,Zhuo 2018
In1.5Cu0.5Se2.5,1.24,consensus of 1 report,1,1.24,Zhuo 2018
In1.65Cu0.35Se2.65,1.19,consensus of 1 report,1,1.19,Zhuo 2018
In1.6Cu0.4Se2.6,1.32,consensus of 1 report,1,1.32,Zhuo 2018
In1.6Ga0.4Cu1S3.5,1.55,consensus of 1 report,1,1.55,Zhuo 2018
In1.7Cu0.3Se2.7,1.21,consensus of 1 report,1,1.21,Zhuo 2018
In1.85Cu0.15Se2.85,1.32,consensus of 1 report,1,1.32,Zhuo 2018
In1.8Cu0.2Se2.8,1.26,consensus of 1 report,1,1.26,Zhuo 2018
In1.99Cu0.01Se2.99,1.45,consensus of 1 report,1,1.45,Zhuo 2018
In1.9Cu0.1Se2.9,1.45,consensus of 1 report,1,1.45,Zhuo 2018
In11.3Bi14.7S38,1.45,consensus of 1 report,1,1.45,Zhuo 2018
In11Cu9Se20,0.0,consensus of 1 report,1,0,Zhuo 2018
In1Ag1.75Sb5.75Se11,0.94,consensus of 1 report,1,0.94,Zhuo 2018
In1Ga1Cu1S3.5,1.84,consensus of 1 report,1,1.84,Zhuo 2018
In1Hg4As2.5Br3.5,1.71,consensus of 1 report,1,1.71,Zhuo 2018
In1Sb0.01As0.99,0.17,consensus of 1 report,1,0.17,Zhuo 2018
In1Sb0.1As0.9,0.14,consensus of 1 report,1,0.14,Zhuo 2018
In1Sb0.2As0.8,0.12,consensus of 1 report,1,0.12,Zhuo 2018
In1Sb0.3As0.7,0.11,consensus of 1 report,1,0.11,Zhuo 2018
In1Sb0.4As0.6,0.1,consensus of 1 report,1,0.1,Zhuo 2018
In1Sb0.5As0.5,0.1,consensus of 1 report,1,0.1,Zhuo 2018
In1Sb0.6As0.4,0.13,consensus of 1 report,1,0.13,Zhuo 2018
In1Sb0.7As0.3,0.16,consensus of 1 report,1,0.16,Zhuo 2018
In1Sb0.8As0.2,0.21,consensus of 1 report,1,0.21,Zhuo 2018
In1Sb0.99As0.01,0.35,consensus of 1 report,1,0.35,Zhuo 2018
In1Sb0.9As0.1,0.27,consensus of 1 report,1,0.27,Zhuo 2018
In2As2Cl2O5,4.62,consensus of 1 report,1,4.62,Zhuo 2018
In2B(PO4)3,5.39,consensus of 1 report,1,5.39,Zhuo 2018
In2Bi3Se7I,1.38,consensus of 1 report,1,1.38,Zhuo 2018
In2Co,0.0,consensus of 1 report,1,0,Zhuo 2018
In2Cu1S3.5,1.43,consensus of 1 report,1,1.43,Zhuo 2018
In2FeSe4,1.15,consensus of 1 report,1,1.15,Zhuo 2018
In2GeTe3,0.69,consensus of 2 reports,2,0.68; 0.7,Zhuo 2018
In2Hg6(P2Cl3)3,3.13,consensus of 1 report,1,3.13,Zhuo 2018
In2HgS4,2.0,consensus of 1 report,1,2,Zhuo 2018
In2HgSe4,1.16,Borlido 2019,2,0.6; 1.16,Borlido 2019; Zhuo 2018
In2HgTe4,0.9,Borlido 2019,4,0.86; 0.9; 1.17; 1.25,Borlido 2019; Zhuo 2018
In2O3,2.8,consensus of 1 report,1,2.8,Zhuo 2018
In2Pt,0.0,consensus of 1 report,1,0,Zhuo 2018
In2S3,2.0,consensus of 1 report,1,2,Zhuo 2018
In2Se,0.69,consensus of 3 reports,3,0.65; 0.69; 0.83,Zhuo 2018
In2Se2O7,2.97,consensus of 1 report,1,2.97,Zhuo 2018
In2Se3,1.335,Borlido 2019,9,0.97; 1; 1.18; 1.2; 1.25; 1.31; 1.36; 1.38; 1.42,Borlido 2019; Zhuo 2018
In2Te,0.46,consensus of 1 report,1,0.46,Zhuo 2018
In3AgTe5,0.68,consensus of 1 report,1,0.68,Zhuo 2018
In3Au10,0.0,consensus of 1 report,1,0,Zhuo 2018
In3Bi7(Pb2S9)2,0.0,consensus of 1 report,1,0,Zhuo 2018
In3CuS5,1.2,consensus of 1 report,1,1.2,Zhuo 2018
In3CuSe5,0.6,consensus of 1 report,1,0.6,Zhuo 2018
In3CuTe5,1.105,consensus of 2 reports,2,1.01; 1.2,Zhuo 2018
In3Pd5,0.0,consensus of 1 report,1,0,Zhuo 2018
In3Sb,0.0,consensus of 1 report,1,0,Zhuo 2018
In4As5(BrO4)3,4.22,consensus of 1 report,1,4.22,Zhuo 2018
In4Bi3S10,1.42,consensus of 1 report,1,1.42,Zhuo 2018
In4Cu2Te7,1.1,consensus of 1 report,1,1.1,Zhuo 2018
In4S5,0.9,consensus of 1 report,1,0.9,Zhuo 2018
In4Se3,0.645,consensus of 2 reports,2,0.64; 0.65,Zhuo 2018
In4Te3,0.525,consensus of 4 reports,4,0.42; 0.5; 0.55; 0.57,Zhuo 2018
In5AgS8,1.76,consensus of 1 report,1,1.76,Zhuo 2018
In5AgTe8,0.47,consensus of 1 report,1,0.47,Zhuo 2018
In5CuS8,1.34,consensus of 1 report,1,1.34,Zhuo 2018
In5Se6,0.14,consensus of 1 report,1,0.14,Zhuo 2018
In6S7,0.93,Borlido 2019,4,0.7; 0.89; 0.93; 0.95,Borlido 2019; Zhuo 2018
In6Se7,2.2,Borlido 2019,5,0.34; 0.64; 0.72; 0.86; 2.2,Borlido 2019; Zhuo 2018
In9AgTe14,1.5,consensus of 1 report,1,1.5,Zhuo 2018
InAg3,0.0,consensus of 1 report,1,0,Zhuo 2018
InAgO2,1.9,Borlido 2019,2,1.9; 4.2,Borlido 2019; Zhuo 2018
InAgS2,2.04,Borlido 2019,4,1.88; 1.9; 2; 2.04,Borlido 2019; Zhuo 2018
InAgSe2,1.24,Borlido 2019,8,1.04; 1.15; 1.18; 1.2; 1.22; 1.24; 1.24; 1.25,Borlido 2019; Zhuo 2018
InAgTe2,0.96,Borlido 2019,3,0.93; 0.96; 0.96,Borlido 2019; Zhuo 2018
InAs,0.42,Borlido 2019 + curated literature,23,0.28; 0.33; 0.35; 0.35; 0.36; 0.36; 0.36; 0.4; 0.41; 0.41; 0.41; 0.41; 0.41; 0.41; 0.42; 0.42; 0.42; 0.42; 0.43; 0.43; 0.45; 0.46; 0.47,Borlido 2019; Zhuo 2018; curated literature
InAsI,0.41,consensus of 1 report,1,0.41,Zhuo 2018
InAu3,0.0,consensus of 1 report,1,0,Zhuo 2018
InBi2S4Br,1.5,consensus of 1 report,1,1.5,Zhuo 2018
InBi2S4Cl,1.5,Borlido 2019,2,1.5; 1.5,Borlido 2019; Zhuo 2018
InBi2Se4Br,1.21,Borlido 2019,2,1.21; 1.21,Borlido 2019; Zhuo 2018
InCuGeSe4,1.3,consensus of 1 report,1,1.3,Zhuo 2018
InCuS2,1.53,Borlido 2019,7,1.5; 1.52; 1.53; 1.54; 1.54; 1.55; 1.57,Borlido 2019; Zhuo 2018
InCuSe2,1.04,Borlido 2019,8,0.8; 0.92; 0.95; 0.95; 0.96; 1.01; 1.04; 1.07,Borlido 2019; Zhuo 2018
InCuTe2,1.06,Borlido 2019,6,0.8; 0.88; 0.89; 0.95; 1.06; 1.06,Borlido 2019; Zhuo 2018
InFe2CuSe4,0.0,consensus of 1 report,1,0,Zhuo 2018
InHg7S6Cl5,2.54,consensus of 1 report,1,2.54,Zhuo 2018
InHgW2,0.0,consensus of 1 report,1,0,Zhuo 2018
InN,0.7,Borlido 2019,8,0.7; 1.95; 2.05; 2.09; 2.1; 2.11; 2.21; 2.4,Borlido 2019; Zhuo 2018
InP,1.42,Borlido 2019 + curated literature,22,1.25; 1.26; 1.27; 1.28; 1.29; 1.34; 1.35; 1.35; 1.35; 1.35; 1.41; 1.41; 1.41; 1.42; 1.42; 1.42; 1.42; 1.42; 1.42; 1.42; 1.45; 1.5,Borlido 2019; Zhuo 2018; curated literature
InPS4,3.12,Borlido 2019,2,3.12; 3.12,Borlido 2019; Zhuo 2018
InPt,0.0,consensus of 1 report,1,0,Zhuo 2018
InPt3C,0.0,consensus of 1 report,1,0,Zhuo 2018
InS,2.09,Borlido 2019,9,1.8; 1.86; 1.9; 1.9; 2.06; 2.07; 2.07; 2.09; 2.45,Borlido 2019; Zhuo 2018
InSb,0.24,Borlido 2019,20,0.16; 0.17; 0.18; 0.18; 0.18; 0.22; 0.22; 0.23; 0.23; 0.23; 0.24; 0.24; 0.24; 0.24; 0.24; 0.24; 0.24; 0.25; 0.26; 0.27,Borlido 2019; Zhuo 2018
InSb2S4Br,1.5,Borlido 2019,2,1.5; 1.8,Borlido 2019; Zhuo 2018
InSb2S4Cl,1.8,Borlido 2019,2,1.8; 1.8,Borlido 2019; Zhuo 2018
InSb2Se4Br,1.21,Borlido 2019,2,1.21; 1.35,Borlido 2019; Zhuo 2018
InSe,1.28,consensus of 15 reports,20,1.05; 1.12; 1.17; 1.18; 1.19; 1.19; 1.2; 1.25; 1.26; 1.27; 1.29; 1.29; 1.29; 1.3; 1.32; 1.32; 1.34; 1.35; 1.35; 1.36,Zhuo 2018
InSiIr,0.0,consensus of 1 report,1,0,Zhuo 2018
InSiTe3,0.0,consensus of 1 report,1,0,Zhuo 2018
InSn2As2Se,0.2,consensus of 1 report,1,0.2,Zhuo 2018
InSnAsSe,0.26,consensus of 1 report,1,0.26,Zhuo 2018
InTe,1.16,Borlido 2019,1,1.16,Borlido 2019
Ir0.67S2,2.0,consensus of 1 report,1,2,Zhuo 2018
Ir0.67Se2,0.45,consensus of 1 report,1,0.45,Zhuo 2018
IrPb,0.0,consensus of 1 report,1,0,Zhuo 2018
IrS2,0.9,consensus of 1 report,1,0.9,Zhuo 2018
IrSe2,0.95,consensus of 2 reports,2,0.9; 1,Zhuo 2018
IrSeS,1.2,consensus of 1 report,1,1.2,Zhuo 2018
K(CoSe)2,0.0,consensus of 1 report,1,0,Zhuo 2018
K(FeAs)2,0.0,consensus of 1 report,1,0,Zhuo 2018
K(GeSe2)2,1.8,consensus of 1 report,1,1.8,Zhuo 2018
K(OsO3)2,0.0,consensus of 1 report,1,0,Zhuo 2018
K0.8Sn2Hg1.2S8,2.78,consensus of 1 report,1,2.78,Zhuo 2018
K1.25Bi7.25Pb3.5Se15,0.53,consensus of 1 report,1,0.53,Zhuo 2018
K1.46Sn3.09Bi7.45Se15,0.39,consensus of 1 report,1,0.39,Zhuo 2018
K1.83Cd1.83Bi2.17S6,1.37,consensus of 1 report,1,1.37,Zhuo 2018
K10Co4Sn4S17,1.555,consensus of 2 reports,2,1.31; 1.8,Zhuo 2018
K10Fe4Sn4S17,2.2,consensus of 1 report,1,2.2,Zhuo 2018
K10Mn4Sn4S17,2.3,consensus of 1 report,1,2.3,Zhuo 2018
K10Sn3(PSe3)8,1.82,consensus of 1 report,1,1.82,Zhuo 2018
K10Zn4Ge4S17,3.34,consensus of 1 report,1,3.34,Zhuo 2018
K10Zn4Sn4S17,3.15,consensus of 2 reports,2,3.1; 3.2,Zhuo 2018
K11Mn4O16,0.0,consensus of 1 report,1,0,Zhuo 2018
K2.15Sb8.15Pb1.7Se15,0.6,consensus of 1 report,1,0.6,Zhuo 2018
K2Ag3Sb3S7,2.2,consensus of 1 report,1,2.2,Zhuo 2018
K2AgSnSe4,1.8,consensus of 1 report,1,1.8,Zhuo 2018
K2Al2B2O7,6.89,consensus of 1 report,1,6.89,Zhuo 2018
K2Au(IO3)5,2.65,consensus of 1 report,1,2.65,Zhuo 2018
K2B10H9O,0.0,consensus of 1 report,1,0,Zhuo 2018
K2BaNb2S11,1.77,consensus of 1 report,1,1.77,Zhuo 2018
K2Bi8Se13,0.53,consensus of 2 reports,2,0.47; 0.59,Zhuo 2018
K2Cd(PSe3)2,2.58,consensus of 1 report,1,2.58,Zhuo 2018
K2Cd2Te3,1.93,consensus of 1 report,1,1.93,Zhuo 2018
K2Cd3S4,2.75,consensus of 1 report,1,2.75,Zhuo 2018
K2Cd3Se4,2.36,consensus of 1 report,1,2.36,Zhuo 2018
K2Cd3Te4,2.26,consensus of 1 report,1,2.26,Zhuo 2018
K2Ce(PO4)2,2.46,consensus of 1 report,1,2.46,Zhuo 2018
K2Dy2Ti3O10,3.38,consensus of 1 report,1,3.38,Zhuo 2018
K2FeGe3Se8,1.95,consensus of 1 report,1,1.95,Zhuo 2018
K2Ga3CuSe6,1.72,consensus of 1 report,1,1.72,Zhuo 2018
K2Gd2Sb2Se9,1.33,consensus of 1 report,1,1.33,Zhuo 2018
K2Gd2Ti3O10,3.3,consensus of 1 report,1,3.3,Zhuo 2018
K2Ge2PbS6,2.85,Borlido 2019,2,2.85; 2.85,Borlido 2019; Zhuo 2018
K2Ge3(BO5)2,5.38,consensus of 1 report,1,5.38,Zhuo 2018
K2Hg(PSe3)2,2.25,consensus of 1 report,1,2.25,Zhuo 2018
K2Hg3(GeS4)2,2.7,Borlido 2019,3,2.64; 2.7; 2.7,Borlido 2019; Zhuo 2018
K2Hg3Se1.31S2.69,2.28,consensus of 1 report,1,2.28,Zhuo 2018
K2Hg3Se2.97S1.03,2.11,consensus of 1 report,1,2.11,Zhuo 2018
K2Ho4Cu4S9,2.43,consensus of 1 report,1,2.43,Zhuo 2018
K2In2P3Se10,2.2,consensus of 1 report,1,2.2,Zhuo 2018
K2In3AgSe6,1.64,consensus of 1 report,1,1.64,Zhuo 2018
K2In3CuSe6,1.68,consensus of 1 report,1,1.68,Zhuo 2018
K2La2Sb2S9,2.2,consensus of 1 report,1,2.2,Zhuo 2018
K2La2Ti3O10,3.05,Borlido 2019,2,3.05; 3.05,Borlido 2019; Zhuo 2018
K2Mn(SnSe3)2,2.0,consensus of 1 report,1,2,Zhuo 2018
K2Mn3S4,0.0,consensus of 1 report,1,0,Zhuo 2018
K2MnSnSe4,1.7,consensus of 1 report,1,1.7,Zhuo 2018
K2Mo2Se2O11,3.3,consensus of 1 report,1,3.3,Zhuo 2018
K2NbCuS4,2.82,consensus of 1 report,1,2.82,Zhuo 2018
K2NbCuSe4,2.14,consensus of 1 report,1,2.14,Zhuo 2018
K2NbO6,0.0,consensus of 1 report,1,0,Zhuo 2018
K2Nd2Ti3O10,3.25,consensus of 1 report,1,3.25,Zhuo 2018
K2PAuS4,2.63,Borlido 2019,2,2.63; 2.63,Borlido 2019; Zhuo 2018
K2PdSe10,1.48,consensus of 1 report,1,1.48,Zhuo 2018
K2RbSb,1.2,consensus of 1 report,1,1.2,Zhuo 2018
K2ReH9,5.71,consensus of 1 report,1,5.71,Zhuo 2018
K2RuCl6,0.0,consensus of 1 report,1,0,Zhuo 2018
K2Sb8Se3,1.31,consensus of 1 report,1,1.31,Zhuo 2018
K2Se,1.8,consensus of 1 report,1,1.8,Zhuo 2018
K2Sm2Ti3O10,3.26,consensus of 1 report,1,3.26,Zhuo 2018
K2SmP2S7,2.59,consensus of 1 report,1,2.59,Zhuo 2018
K2Sn(AuS2)2,2.75,Borlido 2019,2,2.75; 2.75,Borlido 2019; Zhuo 2018
K2Sn2Hg3S8,2.45,consensus of 2 reports,2,2.4; 2.5,Zhuo 2018
K2Sn3(SbS5)2,2.3,consensus of 1 report,1,2.3,Zhuo 2018
K2Ta15O32,0.33,consensus of 1 report,1,0.33,Zhuo 2018
K2Te,1.9,consensus of 1 report,1,1.9,Zhuo 2018
K2TeBr6,2.17,Borlido 2019,1,2.17,Borlido 2019
K2TeI6,1.38,Borlido 2019,2,1.38; 1.38,Borlido 2019; Zhuo 2018
K2Ti(CuS2)2,2.04,consensus of 1 report,1,2.04,Zhuo 2018
K2VAgS4,1.85,Borlido 2019,2,1.85; 1.85,Borlido 2019; Zhuo 2018
K2VCuS4,1.82,consensus of 1 report,1,1.82,Zhuo 2018
K2Zn(SnSe3)2,1.71,consensus of 1 report,1,1.71,Zhuo 2018
K2ZnSn3S8,2.3,consensus of 3 reports,3,2.15; 2.3; 2.55,Zhuo 2018
K2ZnTe2,3.0,Borlido 2019,2,3; 3,Borlido 2019; Zhuo 2018
K3(FeS2)2,0.0,consensus of 1 report,1,0,Zhuo 2018
K3B6ClO10,6.89,consensus of 1 report,1,6.89,Zhuo 2018
K3Bi2I9,2.1,consensus of 1 report,1,2.1,Zhuo 2018
K3Cd(BO2)5,3.47,consensus of 1 report,1,3.47,Zhuo 2018
K3Cr2(PS4)3,1.35,consensus of 1 report,1,1.35,Zhuo 2018
K3Ga3Ge7S20,3.25,consensus of 1 report,1,3.25,Zhuo 2018
K3Ga3Ge7Se20,2.23,consensus of 1 report,1,2.23,Zhuo 2018
K3Hg,0.0,consensus of 1 report,1,0,Zhuo 2018
K3LiNb6O15,0.0,consensus of 1 report,1,0,Zhuo 2018
K3NaSn3Se8,2.2,consensus of 1 report,1,2.2,Zhuo 2018
K3Nb2AsSe11,1.53,consensus of 1 report,1,1.53,Zhuo 2018
K3Sb,1.25,Borlido 2019,2,1.1; 1.4,Borlido 2019
K3Sm(AsS4)2,2.2,consensus of 1 report,1,2.2,Zhuo 2018
K3Sn,0.0,consensus of 1 report,1,0,Zhuo 2018
K3Ta2AsS11,2.21,consensus of 1 report,1,2.21,Zhuo 2018
K3Ta2AsSe11,1.45,consensus of 1 report,1,1.45,Zhuo 2018
K3Ti2P5S18,1.61,consensus of 1 report,1,1.61,Zhuo 2018
K3V,0.0,consensus of 1 report,1,0,Zhuo 2018
K4(ZrSe5)3,1.86,consensus of 2 reports,2,1.81; 1.91,Zhuo 2018
K4Ag9(SbS3)4,2.0,consensus of 1 report,1,2,Zhuo 2018
K4Al4Si19,1.4,consensus of 1 report,1,1.4,Zhuo 2018
K4C2O3,0.0,consensus of 1 report,1,0,Zhuo 2018
K4Ce3Sn3S14,2.46,consensus of 1 report,1,2.46,Zhuo 2018
K4Ga4Si19,1.18,consensus of 1 report,1,1.18,Zhuo 2018
K4Ge(PSe3)4,2.0,consensus of 1 report,1,2,Zhuo 2018
K4GeS4,0.8,consensus of 1 report,1,0.8,Zhuo 2018
K4GeSe4,0.64,consensus of 1 report,1,0.64,Zhuo 2018
K4Hf3Se14,2.02,consensus of 1 report,1,2.02,Zhuo 2018
K4Nb2S11,2.385,consensus of 2 reports,2,2.35; 2.42,Zhuo 2018
K5In3P6Se19,2.2,consensus of 1 report,1,2.2,Zhuo 2018
K6Cd4Sn3Se13,2.33,consensus of 1 report,1,2.33,Zhuo 2018
K6CdTe4,2.51,Borlido 2019,2,2.51; 2.51,Borlido 2019; Zhuo 2018
K6Ta1.03Nb2.97S25,2.01,consensus of 1 report,1,2.01,Zhuo 2018
K6Ta2.93Nb1.07S22,1.88,consensus of 1 report,1,1.88,Zhuo 2018
K6Yb3(PS4)5,2.6,consensus of 1 report,1,2.6,Zhuo 2018
K8Ce2I18O53,2.34,consensus of 1 report,1,2.34,Zhuo 2018
K8N3O,0.0,consensus of 1 report,1,0,Zhuo 2018
K9Bi13S24,1.4,consensus of 1 report,1,1.4,Zhuo 2018
KAg2,0.0,consensus of 1 report,1,0,Zhuo 2018
KAg2AsS3,2.25,consensus of 1 report,1,2.25,Zhuo 2018
KAg2PS4,3.02,Borlido 2019,2,3.02; 3.02,Borlido 2019; Zhuo 2018
KAg2SbS3,2.1,consensus of 1 report,1,2.1,Zhuo 2018
KAg2SbS4,1.71,Borlido 2019,2,1.71; 2.2,Borlido 2019; Zhuo 2018
KAgAsS2,2.21,consensus of 1 report,1,2.21,Zhuo 2018
KAgF3,0.0,consensus of 1 report,1,0,Zhuo 2018
KAlGeS4,3.5,consensus of 1 report,1,3.5,Zhuo 2018
KAsSe2,1.625,consensus of 2 reports,2,1.62; 1.63,Zhuo 2018
KAu(IO3)4,2.75,consensus of 1 report,1,2.75,Zhuo 2018
KB5PbO9,3.1,consensus of 1 report,1,3.1,Zhuo 2018
KBaAsSe3,2.26,consensus of 1 report,1,2.26,Zhuo 2018
KBaB5O9,3.65,consensus of 1 report,1,3.65,Zhuo 2018
KBaSbSe3,2.04,consensus of 1 report,1,2.04,Zhuo 2018
KBi2,0.0,consensus of 1 report,1,0,Zhuo 2018
KBi3S5,1.21,consensus of 1 report,1,1.21,Zhuo 2018
KBiO3,0.0,consensus of 1 report,1,0,Zhuo 2018
KBiS2,0.9,consensus of 3 reports,3,0.86; 0.9; 0.92,Zhuo 2018
KBiSe2,0.67,consensus of 3 reports,3,0.61; 0.67; 0.7,Zhuo 2018
KBr,7.8,Borlido 2019,2,7.6; 7.8,Borlido 2019; Zhuo 2018
KC60,0.0,consensus of 1 report,1,0,Zhuo 2018
KCd4Ga5Se12,2.16,consensus of 1 report,1,2.16,Zhuo 2018
KCeSe4,1.54,consensus of 1 report,1,1.54,Zhuo 2018
KCl,8.69,Borlido 2019,2,8.5; 8.69,Borlido 2019; Zhuo 2018
KCoO2,0.0,consensus of 1 report,1,0,Zhuo 2018
KCu2BiS3,1.29,consensus of 1 report,1,1.29,Zhuo 2018
KCu2SbS3,1.615,consensus of 2 reports,2,1.53; 1.7,Zhuo 2018
KCu3S2,1.64,Borlido 2019,2,1.46; 1.64,Borlido 2019; Zhuo 2018
KCu4AsS4,1.9,Borlido 2019,2,1.9; 1.9,Borlido 2019; Zhuo 2018
KCuPO4,0.0,consensus of 1 report,1,0,Zhuo 2018
KCuSnS3,1.47,consensus of 1 report,1,1.47,Zhuo 2018
KCuSnSe3,1.04,consensus of 1 report,1,1.04,Zhuo 2018
KEuAsS4,1.89,consensus of 1 report,1,1.89,Zhuo 2018
KFe2BiO5,1.76,consensus of 1 report,1,1.76,Zhuo 2018
KFeCuTe2,1.06,consensus of 1 report,1,1.06,Zhuo 2018
KGaSe2,2.6,consensus of 1 report,1,2.6,Zhuo 2018
KGaSnSe4,1.73,consensus of 1 report,1,1.73,Zhuo 2018
KH3(SeO3)2,4.9,consensus of 3 reports,3,4.88; 4.9; 5.03,Zhuo 2018
KHg,0.0,consensus of 1 report,1,0,Zhuo 2018
KHg11,0.0,consensus of 1 report,1,0,Zhuo 2018
KHg2,0.0,consensus of 1 report,1,0,Zhuo 2018
KI,6.2,consensus of 9 reports,9,5.61; 5.92; 6.08; 6.17; 6.2; 6.25; 6.28; 6.31; 6.38,Zhuo 2018
KIO3,3.85,consensus of 4 reports,4,3.71; 3.83; 3.87; 4.02,Zhuo 2018
KIn(TeO3)2,4.0,consensus of 1 report,1,4,Zhuo 2018
KInGeS4,3.1,consensus of 1 report,1,3.1,Zhuo 2018
KInS2,3.0,consensus of 1 report,1,3,Zhuo 2018
KInSe2,2.68,consensus of 1 report,1,2.68,Zhuo 2018
KInSnS4,2.3,consensus of 1 report,1,2.3,Zhuo 2018
KLi(WO3)3,0.0,consensus of 1 report,1,0,Zhuo 2018
KLiCO3,6.32,consensus of 1 report,1,6.32,Zhuo 2018
KLu,0.0,consensus of 1 report,1,0,Zhuo 2018
KMo6S7,0.0,consensus of 1 report,1,0,Zhuo 2018
KNa2Sb,1.0,Borlido 2019,3,1; 1; 1.1,Borlido 2019; Zhuo 2018
KNb2O5,0.0,consensus of 1 report,1,0,Zhuo 2018
KNb2Se,0.0,consensus of 1 report,1,0,Zhuo 2018
KNb3(SeO6)2,3.46,consensus of 1 report,1,3.46,Zhuo 2018
KNb3(TeO6)2,3.52,consensus of 1 report,1,3.52,Zhuo 2018
KNbSe2O7,4.0,consensus of 1 report,1,4,Zhuo 2018
KP(HO2)2,6.975,consensus of 2 reports,2,6.95; 7,Zhuo 2018
KPAu5S8,2.14,consensus of 1 report,1,2.14,Zhuo 2018
KPPbO4,4.44,consensus of 1 report,1,4.44,Zhuo 2018
KPSe3,2.08,consensus of 1 report,1,2.08,Zhuo 2018
KPSe6,2.16,consensus of 1 report,1,2.16,Zhuo 2018
KRbBi8Se13,0.64,consensus of 1 report,1,0.64,Zhuo 2018
KRuO4,0.0,consensus of 1 report,1,0,Zhuo 2018
KSb,0.9,consensus of 1 report,1,0.9,Zhuo 2018
KSb(SO4)2,4.64,consensus of 1 report,1,4.64,Zhuo 2018
KSb5S8,1.745,consensus of 2 reports,2,1.67; 1.82,Zhuo 2018
KSbS2,1.67,consensus of 3 reports,3,1.6; 1.67; 1.8,Zhuo 2018
KSbSe2,1.65,consensus of 3 reports,3,1.37; 1.65; 1.72,Zhuo 2018
KSc(SeO3)2,5.4,consensus of 1 report,1,5.4,Zhuo 2018
KScO3,0.0,consensus of 1 report,1,0,Zhuo 2018
KSi2P3,1.72,consensus of 1 report,1,1.72,Zhuo 2018
KSiBiS4,2.25,Borlido 2019,2,2.25; 2.25,Borlido 2019; Zhuo 2018
KSm2CuS4,2.17,consensus of 1 report,1,2.17,Zhuo 2018
KSnAuS3,2.3,consensus of 1 report,1,2.3,Zhuo 2018
KSnAuSe3,2.28,consensus of 1 report,1,2.28,Zhuo 2018
KTa3(TeO6)2,4.06,consensus of 1 report,1,4.06,Zhuo 2018
KTa3CuO9,0.0,consensus of 1 report,1,0,Zhuo 2018
KTaO3,3.64,Borlido 2019,2,3.5; 3.64,Borlido 2019; Zhuo 2018
KTbSe4,1.65,consensus of 1 report,1,1.65,Zhuo 2018
KTeP2,1.4,consensus of 1 report,1,1.4,Zhuo 2018
KTi5Se8,0.0,consensus of 1 report,1,0,Zhuo 2018
KTiPO5,3.67,consensus of 2 reports,2,3.54; 3.8,Zhuo 2018
KTm,0.0,consensus of 1 report,1,0,Zhuo 2018
KV2I3O13,2.3,consensus of 1 report,1,2.3,Zhuo 2018
KV4Ag11O16,2.0,consensus of 1 report,1,2,Zhuo 2018
KV6O11,0.0,consensus of 1 report,1,0,Zhuo 2018
KY(TeO3)2,3.8,consensus of 1 report,1,3.8,Zhuo 2018
KYb2F7,0.0,consensus of 1 report,1,0,Zhuo 2018
KYbSe2,0.0,consensus of 1 report,1,0,Zhuo 2018
KZrPSe6,2.0,consensus of 1 report,1,2,Zhuo 2018
Kr,11.59,Borlido 2019,1,11.59,Borlido 2019
La(FeAs3)4,0.0,consensus of 1 report,1,0,Zhuo 2018
La(In2Au)2,0.0,consensus of 1 report,1,0,Zhuo 2018
La(InS2)3,1.03,consensus of 1 report,1,1.03,Zhuo 2018
La(Ni2B)6,0.0,consensus of 1 report,1,0,Zhuo 2018
La(PRu)2,0.0,consensus of 1 report,1,0,Zhuo 2018
La(SiOs)2,0.0,consensus of 1 report,1,0,Zhuo 2018
La(SiRu)2,0.0,consensus of 1 report,1,0,Zhuo 2018
La1.86Tb1.14Ga1.67S7,2.67,consensus of 1 report,1,2.67,Zhuo 2018
La10Mn9O30,0.0,consensus of 1 report,1,0,Zhuo 2018
La10Se14O,2.04,consensus of 1 report,1,2.04,Zhuo 2018
La10Si8O3,0.0,consensus of 1 report,1,0,Zhuo 2018
La16Mn15O48,0.0,consensus of 1 report,1,0,Zhuo 2018
La1Se0.14S1.86,2.5,consensus of 1 report,1,2.5,Zhuo 2018
La2.1Bi5.9Pb2S14,1.0,consensus of 1 report,1,1,Zhuo 2018
La20Cu9O40,0.0,consensus of 1 report,1,0,Zhuo 2018
La20Mo12Cl4O63,2.4,consensus of 1 report,1,2.4,Zhuo 2018
La2B4Rh5,0.0,consensus of 1 report,1,0,Zhuo 2018
La2CuO4,0.0,consensus of 1 report,1,0,Zhuo 2018
La2Fe2I,0.0,consensus of 1 report,1,0,Zhuo 2018
La2Ga0.33Sb1S5,1.76,consensus of 1 report,1,1.76,Zhuo 2018
La2Ga2GeS8,2.78,consensus of 1 report,1,2.78,Zhuo 2018
La2Ge2Se7,1.08,consensus of 1 report,1,1.08,Zhuo 2018
La2Ge5Ir3,0.0,consensus of 1 report,1,0,Zhuo 2018
La2Ge5Rh3,0.0,consensus of 1 report,1,0,Zhuo 2018
La2GeSe5,1.24,consensus of 1 report,1,1.24,Zhuo 2018
La2HfS5,0.7,consensus of 1 report,1,0.7,Zhuo 2018
La2In,0.0,consensus of 1 report,1,0,Zhuo 2018
La2Mn(SeO)2,1.6,consensus of 1 report,1,1.6,Zhuo 2018
La2MnNiO6,1.3,consensus of 2 reports,2,1.2; 1.4,Zhuo 2018
La2MoO5,0.745,consensus of 2 reports,2,0.49; 1,Zhuo 2018
La2Nb2N2O5,0.0,consensus of 1 report,1,0,Zhuo 2018
La2Ni5B4,0.0,consensus of 1 report,1,0,Zhuo 2018
La2O3,5.34,Borlido 2019,2,5.34; 5.4,Borlido 2019; Zhuo 2018
La2PC,0.0,consensus of 1 report,1,0,Zhuo 2018
La2PI2,0.0,consensus of 1 report,1,0,Zhuo 2018
La2PdO4,0.0,consensus of 1 report,1,0,Zhuo 2018
La2Pr2O7,0.0,consensus of 1 report,1,0,Zhuo 2018
La2Rh7,0.0,consensus of 1 report,1,0,Zhuo 2018
La2S3,2.77,consensus of 1 report,1,2.77,Zhuo 2018
La2Se3,1.7,consensus of 3 reports,3,1.65; 1.7; 1.97,Zhuo 2018
La2Si5Rh3,0.0,consensus of 1 report,1,0,Zhuo 2018
La2Sn5Rh3,0.0,consensus of 1 report,1,0,Zhuo 2018
La2TiCoO6,1.02,consensus of 1 report,1,1.02,Zhuo 2018
La2V2IO9,3.63,consensus of 1 report,1,3.63,Zhuo 2018
La2VCoO6,0.41,consensus of 1 report,1,0.41,Zhuo 2018
La2VNiO6,0.45,consensus of 1 report,1,0.45,Zhuo 2018
La2YbCuS5,1.45,consensus of 1 report,1,1.45,Zhuo 2018
La2YbCuSe5,1.15,consensus of 1 report,1,1.15,Zhuo 2018
La2Zn(SeO)2,3.4,consensus of 1 report,1,3.4,Zhuo 2018
La2ZrS5,2.01,consensus of 1 report,1,2.01,Zhuo 2018
La3(BN2)2,0.0,consensus of 1 report,1,0,Zhuo 2018
La3(OsO5)2,0.0,consensus of 1 report,1,0,Zhuo 2018
La3(ReO5)2,0.0,consensus of 1 report,1,0,Zhuo 2018
La3AlN,0.0,consensus of 1 report,1,0,Zhuo 2018
La3CuGeSe7,2.0,consensus of 1 report,1,2,Zhuo 2018
La3Ga1Ge0.5S7,2.54,consensus of 1 report,1,2.54,Zhuo 2018
La3GaCuSe7,1.36,consensus of 1 report,1,1.36,Zhuo 2018
La3Ge3Br2,0.0,consensus of 1 report,1,0,Zhuo 2018
La3In1Ge0.5S7,2.61,consensus of 1 report,1,2.61,Zhuo 2018
La3LuSe6,1.26,consensus of 1 report,1,1.26,Zhuo 2018
La3Mg0.5Sn1S14,1.71,consensus of 1 report,1,1.71,Zhuo 2018
La3Mo4O16F,3.7,consensus of 1 report,1,3.7,Zhuo 2018
La3NiBr3,0.0,consensus of 1 report,1,0,Zhuo 2018
La3Si1Sb0.33S7,1.92,consensus of 1 report,1,1.92,Zhuo 2018
La3Si1Sb0.33Se7,1.75,consensus of 1 report,1,1.75,Zhuo 2018
La3Te4,0.43,consensus of 1 report,1,0.43,Zhuo 2018
La3ZrSb5,0.0,consensus of 1 report,1,0,Zhuo 2018
La4Cd4In2S13,2.27,consensus of 1 report,1,2.27,Zhuo 2018
La4Co3O10,0.0,consensus of 1 report,1,0,Zhuo 2018
La4Fe(SbS5)2,1.0,consensus of 1 report,1,1,Zhuo 2018
La4Fe(SbSe5)2,0.85,consensus of 1 report,1,0.85,Zhuo 2018
La4In5S13,0.0,consensus of 1 report,1,0,Zhuo 2018
La4InSbS9,2.07,consensus of 1 report,1,2.07,Zhuo 2018
La4InSbSe9,1.76,consensus of 1 report,1,1.76,Zhuo 2018
La5Cu6.33S7O4,2.0,consensus of 1 report,1,2,Zhuo 2018
La5In3(S3O)3,2.6,consensus of 1 report,1,2.6,Zhuo 2018
La5SmS8,0.0,consensus of 1 report,1,0,Zhuo 2018
La5YbS8,0.0,consensus of 1 report,1,0,Zhuo 2018
La6Sb4(SO4)3,2.6,consensus of 1 report,1,2.6,Zhuo 2018
La8Mn7O24,0.0,consensus of 1 report,1,0,Zhuo 2018
La8Sb2S15,2.3,consensus of 1 report,1,2.3,Zhuo 2018
LaAl12O19,0.0,consensus of 1 report,1,0,Zhuo 2018
LaAl4,0.0,consensus of 1 report,1,0,Zhuo 2018
LaAl4Co,0.0,consensus of 1 report,1,0,Zhuo 2018
LaB6,4.1,consensus of 1 report,1,4.1,Zhuo 2018
LaBPt3,0.0,consensus of 1 report,1,0,Zhuo 2018
LaBeB3O7,5.65,consensus of 1 report,1,5.65,Zhuo 2018
LaBiAu2,0.0,consensus of 1 report,1,0,Zhuo 2018
LaCd2,0.0,consensus of 1 report,1,0,Zhuo 2018
LaCdAg2,0.0,consensus of 1 report,1,0,Zhuo 2018
LaCdAu,0.0,consensus of 1 report,1,0,Zhuo 2018
LaCu6,0.0,consensus of 1 report,1,0,Zhuo 2018
LaCuO2,2.34,Borlido 2019,1,2.34,Borlido 2019
LaCuSO,3.1,Borlido 2019,3,3.1; 3.1; 3.14,Borlido 2019; Zhuo 2018
LaCuSeO,2.8,Borlido 2019,2,2.8; 2.83,Borlido 2019; Zhuo 2018
LaCuTeO,2.31,Borlido 2019,2,2.31; 2.31,Borlido 2019; Zhuo 2018
LaF3,10.1,Borlido 2019,2,6.6; 10.1,Borlido 2019; Zhuo 2018
LaGa,0.0,consensus of 1 report,1,0,Zhuo 2018
LaGa3Pd2,0.0,consensus of 1 report,1,0,Zhuo 2018
LaGaO3,4.4,consensus of 1 report,1,4.4,Zhuo 2018
LaGaS3,2.5,consensus of 1 report,1,2.5,Zhuo 2018
LaGeI,0.0,consensus of 1 report,1,0,Zhuo 2018
LaH2,0.0,consensus of 1 report,1,0,Zhuo 2018
LaH2NO5,4.76,consensus of 1 report,1,4.76,Zhuo 2018
LaHg,0.0,consensus of 1 report,1,0,Zhuo 2018
LaIn,0.0,consensus of 1 report,1,0,Zhuo 2018
LaIn2Ir,0.0,consensus of 1 report,1,0,Zhuo 2018
LaIn5Ir,0.0,consensus of 1 report,1,0,Zhuo 2018
LaInS2O,2.73,consensus of 1 report,1,2.73,Zhuo 2018
LaMg(FeO3)2,0.0,consensus of 1 report,1,0,Zhuo 2018
LaMg2H7Pd,1.0,consensus of 1 report,1,1,Zhuo 2018
LaMg3,0.0,consensus of 1 report,1,0,Zhuo 2018
LaNbN2O,1.7,consensus of 1 report,1,1.7,Zhuo 2018
LaP,0.54,consensus of 1 report,1,0.54,Zhuo 2018
LaP3,0.0,consensus of 1 report,1,0,Zhuo 2018
LaPd3S4,0.0,consensus of 1 report,1,0,Zhuo 2018
LaPt5,0.0,consensus of 1 report,1,0,Zhuo 2018
LaRe2Ag,0.0,consensus of 1 report,1,0,Zhuo 2018
LaReB,0.0,consensus of 1 report,1,0,Zhuo 2018
LaSb,0.8,consensus of 1 report,1,0.8,Zhuo 2018
LaScSi,0.0,consensus of 1 report,1,0,Zhuo 2018
LaSi,0.0,consensus of 1 report,1,0,Zhuo 2018
LaSi2,0.19,consensus of 1 report,1,0.19,Zhuo 2018
LaSi2Ru,0.0,consensus of 1 report,1,0,Zhuo 2018
LaSn3Ru,0.0,consensus of 1 report,1,0,Zhuo 2018
LaTaN2O,2.0,consensus of 1 report,1,2,Zhuo 2018
LaTb3,0.0,consensus of 1 report,1,0,Zhuo 2018
LaV,0.0,consensus of 1 report,1,0,Zhuo 2018
LaVI5O16,3.58,consensus of 1 report,1,3.58,Zhuo 2018
LaYbZn2,0.0,consensus of 1 report,1,0,Zhuo 2018
LaZnAsO,1.5,Borlido 2019,2,1.5; 1.5,Borlido 2019; Zhuo 2018
LaZnAu2,0.0,consensus of 1 report,1,0,Zhuo 2018
LaZnPO,1.7,Borlido 2019,1,1.7,Borlido 2019
Li(CuO)3,0.0,consensus of 1 report,1,0,Zhuo 2018
Li(NiO2)4,0.0,consensus of 1 report,1,0,Zhuo 2018
Li0.33Ag1Sn0.67O2,2.7,consensus of 1 report,1,2.7,Zhuo 2018
Li0.33Ti0.67Ag1O2,2.7,consensus of 1 report,1,2.7,Zhuo 2018
Li0.5Ge1Pb1.75S4,1.95,consensus of 1 report,1,1.95,Zhuo 2018
Li11Mn13O32,0.0,consensus of 1 report,1,0,Zhuo 2018
Li12Fe5O16,0.0,consensus of 1 report,1,0,Zhuo 2018
Li13Nb14ZnO42,0.0,consensus of 1 report,1,0,Zhuo 2018
Li13Ti22O48,0.0,consensus of 1 report,1,0,Zhuo 2018
Li14Ti21O48,0.0,consensus of 1 report,1,0,Zhuo 2018
Li15(FeO4)4,0.0,consensus of 1 report,1,0,Zhuo 2018
Li15Mn2O12,0.0,consensus of 1 report,1,0,Zhuo 2018
Li17Nb20O60,0.0,consensus of 1 report,1,0,Zhuo 2018
Li17Ti20O40,0.0,consensus of 1 report,1,0,Zhuo 2018
Li2(FeO2)5,0.0,consensus of 1 report,1,0,Zhuo 2018
Li2(LuGe)3,0.0,consensus of 1 report,1,0,Zhuo 2018
Li2(NiO2)3,0.0,consensus of 1 report,1,0,Zhuo 2018
Li23(MnAs)20,0.0,consensus of 1 report,1,0,Zhuo 2018
Li2B4O7,7.3,consensus of 1 report,1,7.3,Zhuo 2018
Li2CdGe,0.99,consensus of 1 report,1,0.99,Zhuo 2018
Li2CdGeS4,3.1,consensus of 1 report,1,3.1,Zhuo 2018
Li2CdSnS4,3.26,consensus of 1 report,1,3.26,Zhuo 2018
Li2Co4O7F,0.0,consensus of 1 report,1,0,Zhuo 2018
Li2CrCo3O8,0.0,consensus of 1 report,1,0,Zhuo 2018
Li2CrCuO4,0.0,consensus of 1 report,1,0,Zhuo 2018
Li2Cu2S3,0.0,consensus of 1 report,1,0,Zhuo 2018
Li2CuF6,0.0,consensus of 1 report,1,0,Zhuo 2018
Li2DyIn,0.0,consensus of 1 report,1,0,Zhuo 2018
Li2EuSn,0.0,consensus of 1 report,1,0,Zhuo 2018
Li2Fe2(PO4)3,0.0,consensus of 1 report,1,0,Zhuo 2018
Li2Fe3CoO8,0.0,consensus of 1 report,1,0,Zhuo 2018
Li2Fe3NiO8,0.0,consensus of 1 report,2,0; 0,Zhuo 2018
Li2Fe3SnO8,0.0,consensus of 1 report,1,0,Zhuo 2018
Li2FeGeS4,1.42,consensus of 1 report,1,1.42,Zhuo 2018
Li2FeSnS4,1.86,consensus of 1 report,1,1.86,Zhuo 2018
Li2FeWO6,0.0,consensus of 1 report,1,0,Zhuo 2018
Li2Ga,0.0,consensus of 1 report,1,0,Zhuo 2018
Li2Ga(GeSe3)2,2.64,consensus of 1 report,1,2.64,Zhuo 2018
Li2Ga2GeS6,3.65,consensus of 1 report,1,3.65,Zhuo 2018
Li2GaPd,0.0,consensus of 1 report,1,0,Zhuo 2018
Li2HgGe,0.93,consensus of 1 report,1,0.93,Zhuo 2018
Li2HgGeS4,2.46,consensus of 1 report,1,2.46,Zhuo 2018
Li2In2GeS6,3.45,consensus of 1 report,1,3.45,Zhuo 2018
Li2In2GeSe6,2.3,consensus of 1 report,1,2.3,Zhuo 2018
Li2In2SiS6,3.61,consensus of 1 report,1,3.61,Zhuo 2018
Li2In2SiSe6,2.54,consensus of 1 report,1,2.54,Zhuo 2018
Li2InAg,0.0,consensus of 1 report,1,0,Zhuo 2018
Li2LaTl,0.0,consensus of 1 report,1,0,Zhuo 2018
Li2MgHg,0.0,consensus of 1 report,1,0,Zhuo 2018
Li2MgIn,0.0,consensus of 1 report,1,0,Zhuo 2018
Li2MgSn,0.0,consensus of 1 report,1,0,Zhuo 2018
Li2MnCo3O8,0.0,consensus of 1 report,2,0; 0,Zhuo 2018
Li2MnCu3O8,0.0,consensus of 1 report,1,0,Zhuo 2018
Li2MnGeS4,3.06,consensus of 1 report,1,3.06,Zhuo 2018
Li2MnNi3O8,0.0,consensus of 1 report,1,0,Zhuo 2018
Li2MnO2F,0.0,consensus of 1 report,1,0,Zhuo 2018
Li2Mo2Se2O11,3.3,consensus of 1 report,1,3.3,Zhuo 2018
Li2Nb2(PO4)3,0.0,consensus of 1 report,1,0,Zhuo 2018
Li2NdAs2,0.0,consensus of 1 report,1,0,Zhuo 2018
Li2NdSb2,0.0,consensus of 1 report,1,0,Zhuo 2018
Li2Ni2SbO6,0.0,consensus of 1 report,1,0,Zhuo 2018
Li2Ni3TeO8,0.0,consensus of 1 report,1,0,Zhuo 2018
Li2Ni5(PO4)4,0.0,consensus of 1 report,1,0,Zhuo 2018
Li2PrIn,0.0,consensus of 1 report,1,0,Zhuo 2018
Li2PrP2,0.0,consensus of 1 report,1,0,Zhuo 2018
Li2PtO3,2.3,consensus of 1 report,1,2.3,Zhuo 2018
Li2Si4Ni5O14,0.0,consensus of 1 report,1,0,Zhuo 2018
Li2SiHgS4,2.68,consensus of 1 report,1,2.68,Zhuo 2018
Li2Sn5,0.0,consensus of 1 report,1,0,Zhuo 2018
Li2SnHgS4,2.32,consensus of 1 report,1,2.32,Zhuo 2018
Li2SnIr,0.0,consensus of 1 report,1,0,Zhuo 2018
Li2TeMoO6,3.5,consensus of 1 report,1,3.5,Zhuo 2018
Li2TeWO6,4.0,consensus of 1 report,1,4,Zhuo 2018
Li2Ti3FeO8,0.0,consensus of 1 report,2,0; 0,Zhuo 2018
Li2TiMn3O8,0.0,consensus of 1 report,1,0,Zhuo 2018
Li2TlAg,0.0,consensus of 1 report,1,0,Zhuo 2018
Li2V2F7,0.0,consensus of 1 report,1,0,Zhuo 2018
Li2V3CrO8,0.0,consensus of 1 report,1,0,Zhuo 2018
Li2V3FeO8,0.0,consensus of 1 report,1,0,Zhuo 2018
Li2YbPb,0.0,consensus of 1 report,1,0,Zhuo 2018
Li2ZnGe,1.1,consensus of 1 report,1,1.1,Zhuo 2018
Li2ZnGeSe4,1.86,consensus of 1 report,1,1.86,Zhuo 2018
Li2ZnSnS4,2.87,consensus of 1 report,1,2.87,Zhuo 2018
Li2ZnSnSe4,1.87,consensus of 1 report,1,1.87,Zhuo 2018
Li3(CoO2)4,0.0,consensus of 1 report,1,0,Zhuo 2018
Li3(CuO)4,0.0,consensus of 1 report,1,0,Zhuo 2018
Li3(CuO2)2,0.0,consensus of 1 report,1,0,Zhuo 2018
Li3AlP2,2.75,consensus of 1 report,1,2.75,Zhuo 2018
Li3AlTe4O11,3.63,consensus of 1 report,1,3.63,Zhuo 2018
Li3Bi,0.7,consensus of 1 report,1,0.7,Zhuo 2018
Li3C,0.0,consensus of 1 report,1,0,Zhuo 2018
Li3Co(NiO2)4,0.0,consensus of 1 report,1,0,Zhuo 2018
Li3Co2(GeO4)3,0.0,consensus of 1 report,1,0,Zhuo 2018
Li3Co3SbO8,0.0,consensus of 1 report,1,0,Zhuo 2018
Li3Co4TeO8,0.0,consensus of 1 report,1,0,Zhuo 2018
Li3Cr(NiO2)4,0.0,consensus of 1 report,1,0,Zhuo 2018
Li3Cr3(CuO6)2,0.0,consensus of 1 report,1,0,Zhuo 2018
Li3CrCo3O8,0.0,consensus of 1 report,1,0,Zhuo 2018
Li3CrO4,0.0,consensus of 1 report,1,0,Zhuo 2018
Li3Cu4NiO8,0.0,consensus of 1 report,1,0,Zhuo 2018
Li3Dy,0.0,consensus of 1 report,1,0,Zhuo 2018
Li3Fe(CoO2)4,0.0,consensus of 1 report,1,0,Zhuo 2018
Li3Fe(SbO3)4,0.0,consensus of 1 report,1,0,Zhuo 2018
Li3Fe2SbO6,0.0,consensus of 1 report,1,0,Zhuo 2018
Li3FeNi3O8,0.0,consensus of 1 report,1,0,Zhuo 2018
Li3FeS3,0.0,consensus of 1 report,1,0,Zhuo 2018
Li3FeTe4O11,1.98,consensus of 1 report,1,1.98,Zhuo 2018
Li3GaTe4O11,3.85,consensus of 1 report,1,3.85,Zhuo 2018
Li3Mn(CuO3)2,0.0,consensus of 1 report,1,0,Zhuo 2018
Li3Mn(NiO3)2,0.0,consensus of 1 report,1,0,Zhuo 2018
Li3Mn2(CoO4)2,0.0,consensus of 1 report,1,0,Zhuo 2018
Li3Mn2(PO4)3,0.0,consensus of 1 report,1,0,Zhuo 2018
Li3Mn2CuO6,0.0,consensus of 1 report,1,0,Zhuo 2018
Li3Mn3NiO8,0.0,consensus of 1 report,1,0,Zhuo 2018
Li3Mn3WO8,0.0,consensus of 1 report,1,0,Zhuo 2018
Li3Mn4(PO4)6,0.0,consensus of 1 report,1,0,Zhuo 2018
Li3Mn4O8,0.0,consensus of 1 report,1,0,Zhuo 2018
Li3MnAs2,0.0,consensus of 1 report,1,0,Zhuo 2018
Li3Mo2P5O18,0.0,consensus of 1 report,1,0,Zhuo 2018
Li3Ni(SbO3)4,0.0,consensus of 1 report,1,0,Zhuo 2018
Li3Ni2(GeO4)3,0.0,consensus of 1 report,1,0,Zhuo 2018
Li3Ni3(PO4)4,0.0,consensus of 1 report,1,0,Zhuo 2018
Li3PS4,3.68,consensus of 1 report,1,3.68,Zhuo 2018
Li3ScN2,2.9,consensus of 1 report,1,2.9,Zhuo 2018
Li3Si3Ag2,0.0,consensus of 1 report,1,0,Zhuo 2018
Li3Ti2(PO4)3,0.0,consensus of 1 report,1,0,Zhuo 2018
Li3Ti3(PO4)4,0.0,consensus of 1 report,1,0,Zhuo 2018
Li3V12O29,0.0,consensus of 1 report,1,0,Zhuo 2018
Li3V4FeO12,0.0,consensus of 1 report,1,0,Zhuo 2018
Li3V4NiO12,0.0,consensus of 1 report,1,0,Zhuo 2018
Li3VOF5,0.0,consensus of 1 report,1,0,Zhuo 2018
Li4(FeO2)9,0.0,consensus of 1 report,1,0,Zhuo 2018
Li4.5Al0.5Te1O6,4.9,consensus of 1 report,1,4.9,Zhuo 2018
Li4.5Cr0.5Te1O6,1.79,consensus of 1 report,1,1.79,Zhuo 2018
Li4.5Fe0.5Te1O6,3.25,consensus of 1 report,1,3.25,Zhuo 2018
Li4.5Ga0.5Te1O6,4.99,consensus of 1 report,1,4.99,Zhuo 2018
Li4.5Mn0.5Te1O6,1.97,consensus of 1 report,1,1.97,Zhuo 2018
Li4Co2Ni3O10,0.0,consensus of 1 report,1,0,Zhuo 2018
Li4Co3CuO8,0.0,consensus of 1 report,1,0,Zhuo 2018
Li4Co5SbO12,0.0,consensus of 1 report,1,0,Zhuo 2018
Li4Cr3NiO8,0.0,consensus of 1 report,1,0,Zhuo 2018
Li4CrO5,0.0,consensus of 1 report,1,0,Zhuo 2018
Li4Cu(PO4)2,0.0,consensus of 1 report,2,0; 0,Zhuo 2018
Li4Fe2Cu3O10,0.0,consensus of 1 report,1,0,Zhuo 2018
Li4Fe3NiO8,0.0,consensus of 1 report,1,0,Zhuo 2018
Li4Fe7(OF7)2,0.0,consensus of 1 report,1,0,Zhuo 2018
Li4FeNi3O8,0.0,consensus of 1 report,1,0,Zhuo 2018
Li4HgGe2S7,2.75,consensus of 1 report,1,2.75,Zhuo 2018
Li4MgNi3O8,0.0,consensus of 1 report,1,0,Zhuo 2018
Li4Mn(WO4)3,0.0,consensus of 1 report,1,0,Zhuo 2018
Li4Mn3Cr3O12,0.0,consensus of 1 report,1,0,Zhuo 2018
Li4Mn5Cu3O16,0.0,consensus of 1 report,1,0,Zhuo 2018
Li4Mn5Nb3O16,0.0,consensus of 1 report,1,0,Zhuo 2018
Li4Mn5NbO12,0.0,consensus of 1 report,1,0,Zhuo 2018
Li4Mn5Ni3O16,0.0,consensus of 1 report,1,0,Zhuo 2018
Li4NbNi3O8,0.0,consensus of 1 report,1,0,Zhuo 2018
Li4Ni2(PO4)3,0.0,consensus of 1 report,1,0,Zhuo 2018
Li4Ni3BiO8,0.0,consensus of 1 report,1,0,Zhuo 2018
Li4Ti5Cr3O16,0.0,consensus of 1 report,1,0,Zhuo 2018
Li4TiCr3O8,0.0,consensus of 1 report,1,0,Zhuo 2018
Li4V5Cu3O16,0.0,consensus of 1 report,1,0,Zhuo 2018
Li4VF7,0.0,consensus of 1 report,1,0,Zhuo 2018
Li4WO5,0.0,consensus of 1 report,1,0,Zhuo 2018
Li5(BiO3)4,0.0,consensus of 1 report,1,0,Zhuo 2018
Li5Co2Ni3O10,0.0,consensus of 1 report,1,0,Zhuo 2018
Li5Co2O2F5,0.0,consensus of 1 report,1,0,Zhuo 2018
Li5Cr2Ni5O12,0.0,consensus of 1 report,1,0,Zhuo 2018
Li5Fe2Ni3O10,0.0,consensus of 1 report,1,0,Zhuo 2018
Li5Fe6(BO3)6,0.0,consensus of 1 report,1,0,Zhuo 2018
Li5La3Nb14O42,0.0,consensus of 1 report,1,0,Zhuo 2018
Li5Mn2Cu5O12,0.0,consensus of 1 report,1,0,Zhuo 2018
Li5Mn3(FeO5)2,0.0,consensus of 1 report,1,0,Zhuo 2018
Li5Mn5(SbO6)2,0.0,consensus of 1 report,1,0,Zhuo 2018
Li5Mn6(BO3)6,0.0,consensus of 1 report,1,0,Zhuo 2018
Li6(NiO2)5,0.0,consensus of 1 report,1,0,Zhuo 2018
Li6Fe3Co7O20,0.0,consensus of 1 report,1,0,Zhuo 2018
Li6Fe9CoO20,0.0,consensus of 1 report,1,0,Zhuo 2018
Li6FeNi9O20,0.0,consensus of 1 report,1,0,Zhuo 2018
Li6FeO5F,0.0,consensus of 1 report,1,0,Zhuo 2018
Li6FeO6,0.0,consensus of 1 report,1,0,Zhuo 2018
Li6Mn5CoO12,0.0,consensus of 1 report,1,0,Zhuo 2018
Li6Mn5FeO12,0.0,consensus of 1 report,1,0,Zhuo 2018
Li6Tb2O7,0.0,consensus of 1 report,1,0,Zhuo 2018
Li7(Mo3S4)4,0.0,consensus of 1 report,1,0,Zhuo 2018
Li7(NiO2)11,0.0,consensus of 1 report,1,0,Zhuo 2018
Li7Ca8Nb12O40,0.0,consensus of 1 report,1,0,Zhuo 2018
Li7Ti16O32,0.0,consensus of 1 report,1,0,Zhuo 2018
Li7Ti5O12,0.0,consensus of 1 report,1,0,Zhuo 2018
Li7Ti7O16,0.0,consensus of 1 report,1,0,Zhuo 2018
Li8BiS6,0.0,consensus of 1 report,1,0,Zhuo 2018
Li8GeN4,2.61,consensus of 1 report,1,2.61,Zhuo 2018
Li8IrO6,0.0,consensus of 1 report,1,0,Zhuo 2018
Li8PO3,0.0,consensus of 1 report,1,0,Zhuo 2018
Li8PrO6,0.0,consensus of 1 report,1,0,Zhuo 2018
Li8Ti16CuS32,0.0,consensus of 1 report,1,0,Zhuo 2018
Li8TiNi7O16,0.0,consensus of 1 report,1,0,Zhuo 2018
Li9Fe3(WO4)7,0.0,consensus of 1 report,1,0,Zhuo 2018
Li9Ga13(Te7O22)3,4.45,consensus of 1 report,1,4.45,Zhuo 2018
LiAgF3,0.0,consensus of 1 report,1,0,Zhuo 2018
LiAl2Rh,0.0,consensus of 1 report,1,0,Zhuo 2018
LiAl3,0.0,consensus of 1 report,1,0,Zhuo 2018
LiAlB14,1.935,consensus of 2 reports,2,1.82; 2.05,Zhuo 2018
LiAlB4,0.0,consensus of 1 report,1,0,Zhuo 2018
LiAlGe,0.0,consensus of 1 report,1,0,Zhuo 2018
LiAlRh2,0.0,consensus of 1 report,1,0,Zhuo 2018
LiAsS2,1.6,Borlido 2019,2,1.6; 1.6,Borlido 2019; Zhuo 2018
LiAsSe2,1.11,Borlido 2019,4,1.1; 1.11; 1.11; 1.5,Borlido 2019; Zhuo 2018
LiB3,2.0,consensus of 1 report,1,2,Zhuo 2018
LiB3O5,7.78,consensus of 3 reports,3,7.75; 7.78; 8,Zhuo 2018
LiB9PbO15,4.75,consensus of 1 report,1,4.75,Zhuo 2018
LiBePt2,0.0,consensus of 1 report,1,0,Zhuo 2018
LiBi2(PO4)3,0.0,consensus of 1 report,1,0,Zhuo 2018
LiBi3(ClO2)2,3.35,consensus of 1 report,1,3.35,Zhuo 2018
LiBiS2,0.18,consensus of 3 reports,3,0.11; 0.18; 0.19,Zhuo 2018
LiBr,7.6,Borlido 2019,3,7.5; 7.6; 7.95,Borlido 2019; Zhuo 2018
LiCa2Ga,0.0,consensus of 1 report,1,0,Zhuo 2018
LiCa2Ge3,0.0,consensus of 1 report,1,0,Zhuo 2018
LiCa2In,0.0,consensus of 1 report,1,0,Zhuo 2018
LiCa2Mg,0.0,consensus of 1 report,1,0,Zhuo 2018
LiCa3As2H,1.4,consensus of 1 report,1,1.4,Zhuo 2018
LiCaO3,0.0,consensus of 1 report,1,0,Zhuo 2018
LiCd2Rh,0.0,consensus of 1 report,1,0,Zhuo 2018
LiCdBO3,4.28,consensus of 1 report,1,4.28,Zhuo 2018
LiCl,9.4,Borlido 2019,2,9.33; 9.4,Borlido 2019; Zhuo 2018
LiCo(CO3)2,0.0,consensus of 1 report,2,0; 0,Zhuo 2018
LiCo7O7F,0.0,consensus of 1 report,1,0,Zhuo 2018
LiCoO2,2.1,Borlido 2019,1,2.1,Borlido 2019
LiCoS2,0.0,consensus of 1 report,1,0,Zhuo 2018
LiCu2(CO3)2,0.0,consensus of 1 report,1,0,Zhuo 2018
LiCu2Ge,0.0,consensus of 1 report,1,0,Zhuo 2018
LiCu3F7,0.0,consensus of 1 report,1,0,Zhuo 2018
LiCu5P3O13,0.0,consensus of 1 report,1,0,Zhuo 2018
LiCuO2,0.0,consensus of 1 report,1,0,Zhuo 2018
LiCuPO4,0.0,consensus of 1 report,2,0; 0,Zhuo 2018
LiEr2Ga,0.0,consensus of 1 report,1,0,Zhuo 2018
LiErAu2,0.0,consensus of 1 report,1,0,Zhuo 2018
LiEuH3,1.5,consensus of 1 report,1,1.5,Zhuo 2018
LiF,13.6,Borlido 2019,2,11.7; 13.6,Borlido 2019; Zhuo 2018
LiFe2(PO4)3,0.0,consensus of 1 report,1,0,Zhuo 2018
LiFe2(SiO4)2,0.0,consensus of 1 report,1,0,Zhuo 2018
LiGa(GeSe3)2,2.64,consensus of 1 report,1,2.64,Zhuo 2018
LiGaAg2,0.0,consensus of 1 report,1,0,Zhuo 2018
LiGaAu2,0.0,consensus of 1 report,1,0,Zhuo 2018
LiGaPd2,0.0,consensus of 1 report,1,0,Zhuo 2018
LiGaPt2,0.0,consensus of 1 report,1,0,Zhuo 2018
LiGaS2,3.69,consensus of 2 reports,2,3.62; 3.76,Zhuo 2018
LiGaSe2,3.34,consensus of 3 reports,3,3.13; 3.34; 3.57,Zhuo 2018
LiGaTe2,2.65,Borlido 2019,2,2.31; 2.65,Borlido 2019; Zhuo 2018
LiGd5P2O13,3.73,consensus of 1 report,1,3.73,Zhuo 2018
LiGeRh2,0.0,consensus of 1 report,1,0,Zhuo 2018
LiH,4.94,Borlido 2019,1,4.94,Borlido 2019
LiH3(SeO3)2,4.9,consensus of 1 report,1,4.9,Zhuo 2018
LiHf2Ir,0.0,consensus of 1 report,1,0,Zhuo 2018
LiHfPd2,0.0,consensus of 1 report,1,0,Zhuo 2018
LiHg2Pd,0.0,consensus of 1 report,1,0,Zhuo 2018
LiHoAu2,0.0,consensus of 1 report,1,0,Zhuo 2018
LiHoO3,0.0,consensus of 1 report,1,0,Zhuo 2018
LiI,5.9,consensus of 3 reports,3,5.62; 5.9; 6,Zhuo 2018
LiIO3,6.1,Borlido 2019,3,4; 4.37; 6.1,Borlido 2019; Zhuo 2018
LiIn(IO3)4,4.27,Borlido 2019,2,4.27; 4.27,Borlido 2019; Zhuo 2018
LiIn2Rh,0.0,consensus of 1 report,1,0,Zhuo 2018
LiInAg2,0.0,consensus of 1 report,1,0,Zhuo 2018
LiInS2,3.57,consensus of 3 reports,3,3.56; 3.57; 3.59,Zhuo 2018
LiInSe2,3.01,Borlido 2019,2,2.83; 3.01,Borlido 2019; Zhuo 2018
LiInSn,0.0,consensus of 1 report,1,0,Zhuo 2018
LiInSnS4,2.3,consensus of 1 report,1,2.3,Zhuo 2018
LiInTe2,1.46,consensus of 1 report,1,1.46,Zhuo 2018
LiLa2IrO6,0.0,consensus of 1 report,1,0,Zhuo 2018
LiLu2Ga,0.0,consensus of 1 report,1,0,Zhuo 2018
LiLu2Pd,0.0,consensus of 1 report,1,0,Zhuo 2018
LiLu2Ru,0.0,consensus of 1 report,1,0,Zhuo 2018
LiMg2Ag,0.0,consensus of 1 report,1,0,Zhuo 2018
LiMgAs,0.7,consensus of 1 report,1,0.7,Zhuo 2018
LiMgBi,0.4,consensus of 1 report,1,0.4,Zhuo 2018
LiMgN,3.2,consensus of 1 report,1,3.2,Zhuo 2018
LiMgSnPd,0.0,consensus of 1 report,1,0,Zhuo 2018
LiMn(PO4)2,0.0,consensus of 1 report,1,0,Zhuo 2018
LiMn2(PO4)2,0.0,consensus of 1 report,1,0,Zhuo 2018
LiMn4O8,0.0,consensus of 1 report,1,0,Zhuo 2018
LiMn9Se10,0.0,consensus of 1 report,1,0,Zhuo 2018
LiMnCoO4,0.0,consensus of 1 report,1,0,Zhuo 2018
LiMnCuO4,0.0,consensus of 1 report,1,0,Zhuo 2018
LiMnO2,0.0,consensus of 1 report,1,0,Zhuo 2018
LiMnSiO4,0.0,consensus of 1 report,1,0,Zhuo 2018
LiMo3O8,0.0,consensus of 1 report,1,0,Zhuo 2018
LiMoIO6,2.8,consensus of 1 report,1,2.8,Zhuo 2018
LiNb3(BiO3)4,3.0,consensus of 1 report,1,3,Zhuo 2018
LiNbO3,3.78,Borlido 2019,4,3.78; 3.9; 4; 4.3,Borlido 2019; Zhuo 2018
LiNi2(PO4)3,0.0,consensus of 1 report,1,0,Zhuo 2018
LiNiP2O7,0.0,consensus of 1 report,1,0,Zhuo 2018
LiPr2Ru,0.0,consensus of 1 report,1,0,Zhuo 2018
LiSb3PbS6,1.6,consensus of 1 report,1,1.6,Zhuo 2018
LiSbS2,1.36,consensus of 1 report,1,1.36,Zhuo 2018
LiSbSe2,0.68,consensus of 1 report,1,0.68,Zhuo 2018
LiSbTe2,0.13,consensus of 1 report,1,0.13,Zhuo 2018
LiScHg2,0.0,consensus of 1 report,1,0,Zhuo 2018
LiSiB6,2.27,consensus of 1 report,1,2.27,Zhuo 2018
LiSiPd2,0.0,consensus of 1 report,1,0,Zhuo 2018
LiSiRh2,0.0,consensus of 1 report,1,0,Zhuo 2018
LiSm3SiS7,2.83,consensus of 1 report,1,2.83,Zhuo 2018
LiSn(PO3)4,0.0,consensus of 1 report,2,0; 0,Zhuo 2018
LiSn4Ir,0.0,consensus of 1 report,1,0,Zhuo 2018
LiSnAu,0.0,consensus of 1 report,1,0,Zhuo 2018
LiTa3(BiO3)4,3.5,consensus of 1 report,1,3.5,Zhuo 2018
LiTaO3,4.7,Borlido 2019,2,4.1; 4.7,Borlido 2019; Zhuo 2018
LiTaRh2,0.0,consensus of 1 report,1,0,Zhuo 2018
LiTi11O20,0.0,consensus of 1 report,1,0,Zhuo 2018
LiTi3O6,0.0,consensus of 1 report,1,0,Zhuo 2018
LiTiSiO4,0.0,consensus of 1 report,1,0,Zhuo 2018
LiTlPd2,0.0,consensus of 1 report,1,0,Zhuo 2018
LiTm2Rh,0.0,consensus of 1 report,1,0,Zhuo 2018
LiTm2Ru,0.0,consensus of 1 report,1,0,Zhuo 2018
LiTmSn,0.0,consensus of 1 report,1,0,Zhuo 2018
LiV2NiO6,0.0,consensus of 1 report,1,0,Zhuo 2018
LiV3O4,0.0,consensus of 1 report,1,0,Zhuo 2018
LiY(CuP)2,0.0,consensus of 1 report,1,0,Zhuo 2018
LiY2Ru,0.0,consensus of 1 report,1,0,Zhuo 2018
LiYbF4,0.0,consensus of 1 report,1,0,Zhuo 2018
LiYbPb,0.0,consensus of 1 report,1,0,Zhuo 2018
LiZn(Fe5O8)2,0.0,consensus of 1 report,1,0,Zhuo 2018
LiZn2GaO4,4.0,consensus of 1 report,1,4,Zhuo 2018
LiZnAs,1.61,Borlido 2019,1,1.61,Borlido 2019
LiZnN,1.91,Borlido 2019,3,1.91; 1.91; 1.98,Borlido 2019; Zhuo 2018
LiZnP,2.04,Borlido 2019,1,2.04,Borlido 2019
LiZr2Os,0.0,consensus of 1 report,1,0,Zhuo 2018
LiZrRh2,0.0,consensus of 1 report,1,0,Zhuo 2018
Lu(InS2)3,1.27,consensus of 1 report,1,1.27,Zhuo 2018
Lu(SiOs)2,0.0,consensus of 1 report,1,0,Zhuo 2018
Lu2AgAu,0.0,consensus of 1 report,1,0,Zhuo 2018
Lu2Al3Co,0.0,consensus of 1 report,1,0,Zhuo 2018
Lu2CdAg,0.0,consensus of 1 report,1,0,Zhuo 2018
Lu2CdIn,0.0,consensus of 1 report,1,0,Zhuo 2018
Lu2CrS4,1.75,consensus of 1 report,1,1.75,Zhuo 2018
Lu2Fe2Si2C,0.0,consensus of 1 report,1,0,Zhuo 2018
Lu2FeS4,0.0,consensus of 1 report,1,0,Zhuo 2018
Lu2InHg,0.0,consensus of 1 report,1,0,Zhuo 2018
Lu2MgHg,0.0,consensus of 1 report,1,0,Zhuo 2018
Lu2Mn12P7,0.0,consensus of 1 report,1,0,Zhuo 2018
Lu2Mo2C3,0.0,consensus of 1 report,1,0,Zhuo 2018
Lu2O3,5.5,consensus of 1 report,1,5.5,Zhuo 2018
Lu2TlAg,0.0,consensus of 1 report,1,0,Zhuo 2018
Lu2TlCd,0.0,consensus of 1 report,1,0,Zhuo 2018
Lu2TlCu3Se5,2.12,consensus of 1 report,1,2.12,Zhuo 2018
Lu3BC3,0.0,consensus of 1 report,1,0,Zhuo 2018
Lu3Ga,0.0,consensus of 1 report,1,0,Zhuo 2018
Lu3InN,0.0,consensus of 1 report,1,0,Zhuo 2018
Lu3TlC,0.0,consensus of 1 report,1,0,Zhuo 2018
Lu4C7,0.0,consensus of 1 report,1,0,Zhuo 2018
Lu5(Si5Ir2)2,0.0,consensus of 1 report,1,0,Zhuo 2018
Lu5Si3B,0.0,consensus of 1 report,1,0,Zhuo 2018
Lu7(NiTe)2,0.0,consensus of 1 report,1,0,Zhuo 2018
Lu7(TePd)2,0.0,consensus of 1 report,1,0,Zhuo 2018
LuAg2,0.0,consensus of 1 report,1,0,Zhuo 2018
LuAl2Pd5,0.0,consensus of 1 report,1,0,Zhuo 2018
LuAlAg2,0.0,consensus of 1 report,1,0,Zhuo 2018
LuAu,0.0,consensus of 1 report,1,0,Zhuo 2018
LuBPd3,0.0,consensus of 1 report,1,0,Zhuo 2018
LuC2,0.0,consensus of 1 report,1,0,Zhuo 2018
LuCd4B3O10,3.7,consensus of 1 report,1,3.7,Zhuo 2018
LuCdAg2,0.0,consensus of 1 report,1,0,Zhuo 2018
LuGaRh2,0.0,consensus of 1 report,1,0,Zhuo 2018
LuGe2,0.0,consensus of 1 report,1,0,Zhuo 2018
LuHfRu2,0.0,consensus of 1 report,1,0,Zhuo 2018
LuIr,0.0,consensus of 1 report,1,0,Zhuo 2018
LuIr2,0.0,consensus of 1 report,1,0,Zhuo 2018
LuMnSi,0.0,consensus of 1 report,1,0,Zhuo 2018
LuNiBC,0.0,consensus of 1 report,1,0,Zhuo 2018
LuP,1.3,consensus of 1 report,1,1.3,Zhuo 2018
LuPt3,0.0,consensus of 1 report,1,0,Zhuo 2018
LuScRh2,0.0,consensus of 1 report,1,0,Zhuo 2018
LuScRu2,0.0,consensus of 1 report,1,0,Zhuo 2018
LuScZn2,0.0,consensus of 1 report,1,0,Zhuo 2018
LuSi2Ni,0.0,consensus of 1 report,1,0,Zhuo 2018
LuSiIr,0.0,consensus of 1 report,1,0,Zhuo 2018
Mg(As2Rh3)2,0.0,consensus of 1 report,1,0,Zhuo 2018
Mg(CoS2)2,0.0,consensus of 1 report,1,0,Zhuo 2018
Mg(FeO2)4,0.0,consensus of 1 report,1,0,Zhuo 2018
Mg(FeS2)2,0.0,consensus of 1 report,1,0,Zhuo 2018
Mg(SnO2)4,0.0,consensus of 1 report,1,0,Zhuo 2018
Mg(TiS2)4,0.0,consensus of 1 report,1,0,Zhuo 2018
Mg10B16Ir19,0.0,consensus of 1 report,1,0,Zhuo 2018
Mg17Al11Pd,0.0,consensus of 1 report,1,0,Zhuo 2018
Mg23Al30,0.0,consensus of 1 report,1,0,Zhuo 2018
Mg2AgIr,0.0,consensus of 1 report,1,0,Zhuo 2018
Mg2Co,0.66,consensus of 1 report,1,0.66,Zhuo 2018
Mg2CrN2,0.0,consensus of 1 report,1,0,Zhuo 2018
Mg2Cu,0.0,consensus of 1 report,1,0,Zhuo 2018
Mg2CuWO6,0.0,consensus of 1 report,1,0,Zhuo 2018
Mg2Ga,0.0,consensus of 1 report,1,0,Zhuo 2018
Mg2Ge,0.69,Borlido 2019,2,0.69; 1.67,Borlido 2019; Zhuo 2018
Mg2GeB2Rh5,0.0,consensus of 1 report,1,0,Zhuo 2018
Mg2GeSe4,2.02,consensus of 1 report,1,2.02,Zhuo 2018
Mg2MnN2,0.0,consensus of 1 report,1,0,Zhuo 2018
Mg2Pb,0.1,consensus of 3 reports,3,0.04; 0.1; 0.15,Zhuo 2018
Mg2PdAu,0.0,consensus of 1 report,1,0,Zhuo 2018
Mg2RhAu,0.0,consensus of 1 report,1,0,Zhuo 2018
Mg2Si,0.78,Borlido 2019,2,0.78; 2.27,Borlido 2019; Zhuo 2018
Mg2SiPt,0.0,consensus of 1 report,1,0,Zhuo 2018
Mg2Sn,0.3,Borlido 2019,14,0.14; 0.18; 0.19; 0.22; 0.23; 0.28; 0.3; 0.3; 0.31; 0.32; 0.33; 0.34; 0.35; 0.36,Borlido 2019; Zhuo 2018
Mg2TiIrO6,0.0,consensus of 1 report,1,0,Zhuo 2018
Mg2V9O13,0.0,consensus of 1 report,1,0,Zhuo 2018
Mg2Zr14O5,0.0,consensus of 1 report,1,0,Zhuo 2018
Mg3(B25C4)2,2.7,consensus of 1 report,1,2.7,Zhuo 2018
Mg3(MnAl9)2,0.0,consensus of 1 report,1,0,Zhuo 2018
Mg3(Ni10B3)2,0.0,consensus of 1 report,1,0,Zhuo 2018
Mg3(Ni10P3)2,0.0,consensus of 1 report,1,0,Zhuo 2018
Mg32Al36Ag13,0.0,consensus of 1 report,1,0,Zhuo 2018
Mg3Al9FeSi5,0.0,consensus of 1 report,1,0,Zhuo 2018
Mg3As2,2.575,consensus of 2 reports,2,2.55; 2.6,Zhuo 2018
Mg3AsN,1.33,consensus of 1 report,1,1.33,Zhuo 2018
Mg3Bi2,0.0,consensus of 1 report,1,0,Zhuo 2018
Mg3Ga7Co2,0.0,consensus of 1 report,1,0,Zhuo 2018
Mg3Ge,0.0,consensus of 1 report,1,0,Zhuo 2018
Mg3N2,2.8,consensus of 1 report,1,2.8,Zhuo 2018
Mg3P2,1.4,consensus of 1 report,1,1.4,Zhuo 2018
Mg3Rh,0.0,consensus of 1 report,1,0,Zhuo 2018
Mg3Ru2,0.0,consensus of 1 report,1,0,Zhuo 2018
Mg3Sb2,0.8,Borlido 2019,3,0.8; 0.8; 0.82,Borlido 2019; Zhuo 2018
Mg3Tl,0.0,consensus of 1 report,1,0,Zhuo 2018
Mg4Sc3(SiO3)8,0.0,consensus of 1 report,1,0,Zhuo 2018
Mg5As,0.0,consensus of 1 report,1,0,Zhuo 2018
Mg5B3O9F,5.63,consensus of 1 report,1,5.63,Zhuo 2018
Mg5Ti13O30,0.0,consensus of 1 report,1,0,Zhuo 2018
Mg5Tl2,0.0,consensus of 1 report,1,0,Zhuo 2018
Mg9CuO10,0.0,consensus of 1 report,1,0,Zhuo 2018
MgAgAs,0.0,consensus of 1 report,1,0,Zhuo 2018
MgCl2,7.5,Borlido 2019,1,7.5,Borlido 2019
MgCo2(PO5)2,0.0,consensus of 1 report,1,0,Zhuo 2018
MgCr,0.0,consensus of 1 report,1,0,Zhuo 2018
MgCu2GeS4,2.36,consensus of 1 report,1,2.36,Zhuo 2018
MgCu2SiS4,3.2,consensus of 1 report,1,3.2,Zhuo 2018
MgCuBi,0.0,consensus of 1 report,1,0,Zhuo 2018
MgCuSb,0.0,consensus of 1 report,1,0,Zhuo 2018
MgCuSn,0.0,consensus of 1 report,1,0,Zhuo 2018
MgF2,12.4,Borlido 2019,2,11.1; 12.4,Borlido 2019; Zhuo 2018
MgGeN2,4.3,consensus of 2 reports,2,4.2; 4.4,Zhuo 2018
MgIn3,0.0,consensus of 1 report,1,0,Zhuo 2018
MgInAg2,0.0,consensus of 1 report,1,0,Zhuo 2018
MgInPd2,0.0,consensus of 1 report,1,0,Zhuo 2018
MgMnO3,0.0,consensus of 1 report,1,0,Zhuo 2018
MgMnRh2,0.0,consensus of 1 report,1,0,Zhuo 2018
MgNiSb,0.0,consensus of 1 report,1,0,Zhuo 2018
MgO,7.67,Borlido 2019,5,7.67; 7.67; 7.7; 7.78; 7.83,Borlido 2019; Zhuo 2018
MgPb3,0.0,consensus of 1 report,1,0,Zhuo 2018
MgPt5,0.0,consensus of 1 report,1,0,Zhuo 2018
MgRh2Pb,0.0,consensus of 1 report,1,0,Zhuo 2018
MgRhF6,0.0,consensus of 1 report,1,0,Zhuo 2018
MgSbPt,0.0,consensus of 1 report,1,0,Zhuo 2018
MgSc,0.0,consensus of 1 report,1,0,Zhuo 2018
MgScAg2,0.0,consensus of 1 report,1,0,Zhuo 2018
MgSi7Ir3,0.0,consensus of 1 report,1,0,Zhuo 2018
MgSiN2,4.05,consensus of 1 report,1,4.05,Zhuo 2018
MgSiP2,2.41,Borlido 2019,1,2.41,Borlido 2019
MgSnRh2,0.0,consensus of 1 report,1,0,Zhuo 2018
MgTe,3.49,Borlido 2019,2,3.49; 3.6,Borlido 2019; Zhuo 2018
MgTi11O20,0.0,consensus of 1 report,1,0,Zhuo 2018
MgTi4O6,0.0,consensus of 1 report,1,0,Zhuo 2018
MgTl,0.0,consensus of 1 report,1,0,Zhuo 2018
MgV4O6,0.0,consensus of 1 report,1,0,Zhuo 2018
MgZn2,0.0,consensus of 1 report,1,0,Zhuo 2018
Mn(BW)2,0.0,consensus of 1 report,1,0,Zhuo 2018
Mn(CoO2)4,0.0,consensus of 1 report,1,0,Zhuo 2018
Mn(PbO2)2,1.5,consensus of 1 report,1,1.5,Zhuo 2018
Mn(SbO2)2,2.65,consensus of 1 report,1,2.65,Zhuo 2018
Mn(SbSe2)2,0.31,consensus of 1 report,1,0.31,Zhuo 2018
Mn0.05Te1Pb0.95,0.37,consensus of 1 report,1,0.37,Zhuo 2018
Mn0.1Te1Pb0.9,0.49,consensus of 1 report,1,0.49,Zhuo 2018
Mn11Si19,0.73,consensus of 4 reports,4,0.5; 0.66; 0.8; 1,Zhuo 2018
Mn15Si26,0.7,consensus of 1 report,2,0.7; 0.7,Zhuo 2018
Mn2AlB2,0.0,consensus of 1 report,1,0,Zhuo 2018
Mn2AlO4,0.0,consensus of 1 report,1,0,Zhuo 2018
Mn2CoAs,0.0,consensus of 1 report,1,0,Zhuo 2018
Mn2CoGe,0.0,consensus of 1 report,1,0,Zhuo 2018
Mn2Cu(PO4)3,0.0,consensus of 1 report,1,0,Zhuo 2018
Mn2GaW,0.0,consensus of 1 report,1,0,Zhuo 2018
Mn2Hg5,0.0,consensus of 1 report,1,0,Zhuo 2018
Mn2Nb,0.0,consensus of 1 report,1,0,Zhuo 2018
Mn2OF3,0.0,consensus of 1 report,1,0,Zhuo 2018
Mn2P,0.0,consensus of 1 report,1,0,Zhuo 2018
Mn2Tl2O7,0.0,consensus of 1 report,1,0,Zhuo 2018
Mn2VSi,0.0,consensus of 1 report,1,0,Zhuo 2018
Mn3(OF3)2,0.0,consensus of 1 report,1,0,Zhuo 2018
Mn3Al10,0.0,consensus of 1 report,1,0,Zhuo 2018
Mn3Cr3(CoO8)2,0.0,consensus of 1 report,1,0,Zhuo 2018
Mn3Cr3(TeO8)2,0.0,consensus of 1 report,1,0,Zhuo 2018
Mn3NbO8,0.0,consensus of 1 report,1,0,Zhuo 2018
Mn3NiN,0.0,consensus of 1 report,1,0,Zhuo 2018
Mn3PdN,0.0,consensus of 1 report,1,0,Zhuo 2018
Mn3PtN,0.0,consensus of 1 report,1,0,Zhuo 2018
Mn3SbO8,0.0,consensus of 1 report,1,0,Zhuo 2018
Mn3V2(SiO4)3,0.0,consensus of 1 report,1,0,Zhuo 2018
Mn5As4,0.0,consensus of 1 report,1,0,Zhuo 2018
Mn5Ge2,0.0,consensus of 1 report,1,0,Zhuo 2018
Mn5O3F5,0.0,consensus of 1 report,1,0,Zhuo 2018
Mn5O7,0.0,consensus of 1 report,1,0,Zhuo 2018
Mn7O7F,0.0,consensus of 1 report,1,0,Zhuo 2018
MnAl3,0.58,consensus of 1 report,1,0.58,Zhuo 2018
MnAlAu2,0.0,consensus of 1 report,1,0,Zhuo 2018
MnAs,0.0,consensus of 1 report,1,0,Zhuo 2018
MnBe2Co,0.0,consensus of 1 report,1,0,Zhuo 2018
MnCdO2,0.0,consensus of 1 report,1,0,Zhuo 2018
MnCoSi,0.0,consensus of 1 report,1,0,Zhuo 2018
MnCu2Sn,0.0,consensus of 1 report,1,0,Zhuo 2018
MnCu3,0.0,consensus of 1 report,1,0,Zhuo 2018
MnFeAs,0.0,consensus of 1 report,1,0,Zhuo 2018
MnFeCoGe,0.0,consensus of 1 report,1,0,Zhuo 2018
MnGaNi2,0.0,consensus of 1 report,1,0,Zhuo 2018
MnGaPt,0.0,consensus of 1 report,1,0,Zhuo 2018
MnGePd,0.0,consensus of 1 report,1,0,Zhuo 2018
MnGeRh2,0.0,consensus of 1 report,1,0,Zhuo 2018
MnI2,4.22,consensus of 2 reports,2,4.04; 4.4,Zhuo 2018
MnIn2PbS5,1.45,consensus of 1 report,1,1.45,Zhuo 2018
MnInCu2,0.0,consensus of 1 report,1,0,Zhuo 2018
MnNbO4,0.0,consensus of 1 report,1,0,Zhuo 2018
MnNi,0.0,consensus of 1 report,1,0,Zhuo 2018
MnNiP,0.0,consensus of 1 report,1,0,Zhuo 2018
MnO2,1.3,consensus of 1 report,1,1.3,Zhuo 2018
MnP2,0.0,consensus of 1 report,1,0,Zhuo 2018
MnP4,0.28,consensus of 1 report,1,0.28,Zhuo 2018
MnPSe3,2.5,consensus of 1 report,1,2.5,Zhuo 2018
MnSb3(PO4)6,0.0,consensus of 1 report,1,0,Zhuo 2018
MnSbPd,0.0,consensus of 1 report,1,0,Zhuo 2018
MnSbRh2,0.0,consensus of 1 report,1,0,Zhuo 2018
MnSe,2.5,consensus of 1 report,1,2.5,Zhuo 2018
MnSi,0.6,consensus of 1 report,1,0.6,Zhuo 2018
MnSiNi2,0.0,consensus of 1 report,1,0,Zhuo 2018
MnSnRu2,0.0,consensus of 1 report,1,0,Zhuo 2018
MnTe,1.3,consensus of 2 reports,2,1.25; 1.35,Zhuo 2018
MnTe9,2.0,consensus of 1 report,1,2,Zhuo 2018
MnTePd,0.0,consensus of 1 report,1,0,Zhuo 2018
MnV(TeO4)2,1.9,consensus of 1 report,1,1.9,Zhuo 2018
Mo2NCl8,0.0,consensus of 1 report,1,0,Zhuo 2018
Mo3Pd2N,0.0,consensus of 1 report,1,0,Zhuo 2018
Mo5As4,0.0,consensus of 1 report,1,0,Zhuo 2018
Mo5O14,0.0,consensus of 1 report,1,0,Zhuo 2018
MoO3,3.0,curated literature,5,3; 3.54; 3.66; 3.7; 3.75,Zhuo 2018; curated literature
MoPbO4,3.6,Borlido 2019,1,3.6,Borlido 2019
MoS2,1.23,Borlido 2019,1,1.23,Borlido 2019
MoSe2,1.09,Borlido 2019,2,1.09; 1.6,Borlido 2019; Zhuo 2018
Na(GeP)3,2.06,consensus of 1 report,1,2.06,Zhuo 2018
Na0.5Ge1Pb1.75S4,2.08,consensus of 1 report,1,2.08,Zhuo 2018
Na0.5Ge1Pb1.75Se4,1.6,consensus of 1 report,1,1.6,Zhuo 2018
Na0.75Eu1.625Ge1Se4,2.0,consensus of 1 report,1,2,Zhuo 2018
Na0.8Li0.2As1Se2,1.645,consensus of 2 reports,2,1.57; 1.72,Zhuo 2018
Na10(Ga2Sn)3,0.0,consensus of 1 report,1,0,Zhuo 2018
Na11Bi5O16,0.0,consensus of 1 report,1,0,Zhuo 2018
Na11Ti20O40,0.0,consensus of 1 report,1,0,Zhuo 2018
Na15Sn4,0.0,consensus of 1 report,1,0,Zhuo 2018
Na19Zr11S30,0.0,consensus of 1 report,1,0,Zhuo 2018
Na2B6O9F2,7.33,consensus of 1 report,1,7.33,Zhuo 2018
Na2Be4B4O11,7.3,consensus of 1 report,1,7.3,Zhuo 2018
Na2Cd(GeSe3)2,2.37,consensus of 1 report,1,2.37,Zhuo 2018
Na2CdSnS4,1.52,Borlido 2019,2,1.52; 2.52,Borlido 2019; Zhuo 2018
Na2Cr7O14,0.0,consensus of 1 report,1,0,Zhuo 2018
Na2EuGeSe4,2.0,consensus of 1 report,1,2,Zhuo 2018
Na2Ga2GeS6,3.29,consensus of 1 report,1,3.29,Zhuo 2018
Na2Ga2SnS6,2.245,consensus of 2 reports,2,2.2; 2.29,Zhuo 2018
Na2Gd(PO4)2,4.19,consensus of 1 report,1,4.19,Zhuo 2018
Na2Ge2Se5,2.38,consensus of 1 report,1,2.38,Zhuo 2018
Na2Hg3(GeS4)2,2.68,consensus of 1 report,1,2.68,Zhuo 2018
Na2Hg3Se1.49S2.51,2.03,consensus of 1 report,1,2.03,Zhuo 2018
Na2In,0.0,consensus of 1 report,1,0,Zhuo 2018
Na2In2GeS6,3.17,consensus of 1 report,1,3.17,Zhuo 2018
Na2In2GeSe6,2.47,consensus of 1 report,1,2.47,Zhuo 2018
Na2In2SiS6,3.27,consensus of 1 report,1,3.27,Zhuo 2018
Na2In4Se6S,1.92,consensus of 1 report,1,1.92,Zhuo 2018
Na2In5Au6,0.0,consensus of 1 report,1,0,Zhuo 2018
Na2LiTa,0.0,consensus of 1 report,1,0,Zhuo 2018
Na2Mo2Se2O11,3.1,consensus of 1 report,1,3.1,Zhuo 2018
Na2Nb4Se4O19,3.56,consensus of 1 report,1,3.56,Zhuo 2018
Na2Pt(IO3)6,2.4,consensus of 1 report,1,2.4,Zhuo 2018
Na2S,2.4,consensus of 1 report,1,2.4,Zhuo 2018
Na2Se,2.0,consensus of 1 report,1,2,Zhuo 2018
Na2Si2Hg3S8,2.86,consensus of 1 report,1,2.86,Zhuo 2018
Na2Sn2Hg3S8,2.45,consensus of 1 report,1,2.45,Zhuo 2018
Na2Te,2.3,consensus of 1 report,1,2.3,Zhuo 2018
Na2TeS3,2.35,consensus of 1 report,1,2.35,Zhuo 2018
Na2TeSe3,1.95,Borlido 2019,3,1.87; 1.95; 1.95,Borlido 2019; Zhuo 2018
Na2Ti2Sb2O,0.0,consensus of 1 report,1,0,Zhuo 2018
Na2Ti3O7,3.51,Borlido 2019,2,3.51; 3.51,Borlido 2019; Zhuo 2018
Na2Tl,0.0,consensus of 1 report,1,0,Zhuo 2018
Na2V6O13,0.0,consensus of 1 report,1,0,Zhuo 2018
Na2VCuF7,0.0,consensus of 1 report,1,0,Zhuo 2018
Na2Zn(GeS3)2,3.145,consensus of 2 reports,2,3.04; 3.25,Zhuo 2018
Na2Zn(GeSe3)2,2.36,consensus of 1 report,1,2.36,Zhuo 2018
Na2Zn(SnS3)2,2.93,consensus of 1 report,1,2.93,Zhuo 2018
Na2Zn3(SeO3)4,4.9,consensus of 1 report,1,4.9,Zhuo 2018
Na3(WO3)4,0.0,consensus of 1 report,1,0,Zhuo 2018
Na3In2Au,0.0,consensus of 1 report,1,0,Zhuo 2018
Na3Mn2(GeO4)3,0.0,consensus of 1 report,1,0,Zhuo 2018
Na3MoClO4,4.69,consensus of 1 report,1,4.69,Zhuo 2018
Na3MoO4F,4.77,consensus of 1 report,1,4.77,Zhuo 2018
Na3Re,0.0,consensus of 1 report,1,0,Zhuo 2018
Na3Sb,1.1,Borlido 2019,4,1; 1.1; 1.1; 1.17,Borlido 2019; Zhuo 2018
Na3Sn2ClF6,3.88,consensus of 1 report,1,3.88,Zhuo 2018
Na3Tl,0.0,consensus of 1 report,1,0,Zhuo 2018
Na3WClO4,4.99,consensus of 1 report,1,4.99,Zhuo 2018
Na3Zn(BO2)5,3.2,consensus of 1 report,1,3.2,Zhuo 2018
Na4Al4Si19,0.64,consensus of 1 report,1,0.64,Zhuo 2018
Na4Eu(GeS3)2,2.15,consensus of 1 report,1,2.15,Zhuo 2018
Na4Mg(GeSe3)2,2.53,consensus of 1 report,1,2.53,Zhuo 2018
Na4Mg(SiSe3)2,2.85,consensus of 1 report,1,2.85,Zhuo 2018
Na5Cu7O13,0.0,consensus of 1 report,1,0,Zhuo 2018
Na5Fe6(SiO3)12,0.0,consensus of 1 report,1,0,Zhuo 2018
Na5Gd(MoO4)4,3.38,consensus of 1 report,1,3.38,Zhuo 2018
Na6FeS4,0.0,consensus of 1 report,1,0,Zhuo 2018
Na7(CoO3)2,0.5,consensus of 1 report,1,0.5,Zhuo 2018
Na7.36Ga7.24Sn4.78Se24,1.5,consensus of 1 report,1,1.5,Zhuo 2018
Na8(CuO2)5,0.0,consensus of 1 report,1,0,Zhuo 2018
Na8Hg3,0.0,consensus of 1 report,1,0,Zhuo 2018
Na8NbO6,0.0,consensus of 1 report,1,0,Zhuo 2018
Na8PO3,0.0,consensus of 1 report,1,0,Zhuo 2018
Na9(WO3)16,0.0,consensus of 1 report,1,0,Zhuo 2018
NaAlGeS4,3.6,consensus of 1 report,1,3.6,Zhuo 2018
NaAsS2,2.23,Borlido 2019,3,2.23; 2.23; 2.33,Borlido 2019; Zhuo 2018
NaAsSe2,1.565,consensus of 6 reports,6,1.46; 1.52; 1.56; 1.57; 1.71; 1.75,Zhuo 2018
NaB15,0.32,consensus of 1 report,1,0.32,Zhuo 2018
NaBi3,0.0,consensus of 1 report,1,0,Zhuo 2018
NaBiS2,0.41,consensus of 4 reports,4,0.38; 0.4; 0.42; 0.44,Zhuo 2018
NaBiSe2,0.32,consensus of 3 reports,3,0.28; 0.32; 0.35,Zhuo 2018
NaBr,7.1,Borlido 2019,4,7.03; 7.1; 7.26; 7.5,Borlido 2019; Zhuo 2018
NaCd2Au,0.0,consensus of 1 report,1,0,Zhuo 2018
NaCd4P3,1.1,consensus of 1 report,1,1.1,Zhuo 2018
NaCdAsS3,2.93,consensus of 1 report,1,2.93,Zhuo 2018
NaCdO3,0.0,consensus of 1 report,1,0,Zhuo 2018
NaCdSb,0.0,consensus of 1 report,1,0,Zhuo 2018
NaCeS3,2.15,consensus of 1 report,1,2.15,Zhuo 2018
NaCl,8.75,Borlido 2019,4,8.4; 8.5; 8.6; 8.75,Borlido 2019; Zhuo 2018
NaEuO2,0.0,consensus of 1 report,1,0,Zhuo 2018
NaF,11.7,Borlido 2019,2,10.5; 11.7,Borlido 2019; Zhuo 2018
NaFe2(SiO3)4,0.0,consensus of 1 report,1,0,Zhuo 2018
NaFe2O3,0.0,consensus of 1 report,1,0,Zhuo 2018
NaGaGe3Se8,2.35,consensus of 1 report,1,2.35,Zhuo 2018
NaH3(SeO3)2,4.9,consensus of 1 report,1,4.9,Zhuo 2018
NaHg,0.0,consensus of 1 report,1,0,Zhuo 2018
NaI,5.8,Borlido 2019,6,5.8; 5.8; 5.89; 5.93; 6; 6.75,Borlido 2019; Zhuo 2018
NaIn(IO3)4,4.25,consensus of 1 report,1,4.25,Zhuo 2018
NaIn(TeO3)2,4.0,consensus of 1 report,1,4,Zhuo 2018
NaIn3S5,2.18,consensus of 1 report,1,2.18,Zhuo 2018
NaIn3Se5,2.17,consensus of 1 report,1,2.17,Zhuo 2018
NaInS2,1.9,consensus of 1 report,1,1.9,Zhuo 2018
NaInSe2,2.8,consensus of 1 report,1,2.8,Zhuo 2018
NaInSnS4,2.4,consensus of 1 report,1,2.4,Zhuo 2018
NaInTe2,1.6,consensus of 1 report,1,1.6,Zhuo 2018
NaIrPb,0.0,consensus of 1 report,1,0,Zhuo 2018
NaLa2TaO6,4.5,Borlido 2019,2,4.5; 4.5,Borlido 2019; Zhuo 2018
NaLaS3,2.61,consensus of 1 report,1,2.61,Zhuo 2018
NaLi3,0.0,consensus of 1 report,1,0,Zhuo 2018
NaLu(Pd3O4)2,0.0,consensus of 1 report,1,0,Zhuo 2018
NaNO2,3.06,consensus of 4 reports,4,2.99; 3.02; 3.1; 3.13,Zhuo 2018
NaNb2PS10,1.72,consensus of 1 report,1,1.72,Zhuo 2018
NaNbSe2O7,3.725,consensus of 2 reports,2,3.65; 3.8,Zhuo 2018
NaNi2O3,0.0,consensus of 1 report,1,0,Zhuo 2018
NaSb,0.82,consensus of 1 report,1,0.82,Zhuo 2018
NaSb(PS3)2,2.25,Borlido 2019,3,2.17; 2.25; 2.25,Borlido 2019; Zhuo 2018
NaSbS2,1.64,consensus of 2 reports,2,1.48; 1.8,Zhuo 2018
NaSbSe2,1.36,consensus of 3 reports,3,1.2; 1.36; 1.6,Zhuo 2018
NaSbTe2,0.47,consensus of 1 report,1,0.47,Zhuo 2018
NaSc(SeO3)2,5.5,consensus of 1 report,1,5.5,Zhuo 2018
NaSi2Pd3,0.0,consensus of 1 report,1,0,Zhuo 2018
NaSm(PS3)2,2.54,consensus of 1 report,1,2.54,Zhuo 2018
NaSn2,0.0,consensus of 1 report,1,0,Zhuo 2018
NaTa3,0.0,consensus of 1 report,1,0,Zhuo 2018
NaTaO3,4.0,Borlido 2019,1,4,Borlido 2019
NaTi5Se8,0.0,consensus of 1 report,1,0,Zhuo 2018
NaTl,0.0,consensus of 1 report,1,0,Zhuo 2018
NaY(Te2O5)2,3.9,consensus of 1 report,1,3.9,Zhuo 2018
NaYb(PS3)2,1.85,Borlido 2019,2,1.85; 1.85,Borlido 2019; Zhuo 2018
NaZr2TiF11,0.0,consensus of 1 report,1,0,Zhuo 2018
NaZrCuTe3,0.0,consensus of 1 report,1,0,Zhuo 2018
Nb(Cl2O)2,0.0,consensus of 1 report,1,0,Zhuo 2018
Nb17Ir3S40,0.0,consensus of 1 report,1,0,Zhuo 2018
Nb2(CoO3)3,0.0,consensus of 1 report,1,0,Zhuo 2018
Nb2AgPS10,1.78,consensus of 1 report,1,1.78,Zhuo 2018
Nb2Cr4Si5,0.0,consensus of 1 report,1,0,Zhuo 2018
Nb2O5,3.08,consensus of 1 report,1,3.08,Zhuo 2018
Nb2Pb2Se4O15,2.79,consensus of 1 report,1,2.79,Zhuo 2018
Nb2Sb,0.0,consensus of 1 report,1,0,Zhuo 2018
Nb2Tl3CuSe12,0.8,consensus of 1 report,1,0.8,Zhuo 2018
Nb2Tl4S11,1.8,consensus of 1 report,1,1.8,Zhuo 2018
Nb3(Fe10B3)2,0.0,consensus of 1 report,1,0,Zhuo 2018
Nb3B2,0.0,consensus of 1 report,1,0,Zhuo 2018
Nb3Bi,0.0,consensus of 1 report,1,0,Zhuo 2018
Nb3CuO8,1.47,consensus of 1 report,1,1.47,Zhuo 2018
Nb3In,0.0,consensus of 1 report,1,0,Zhuo 2018
Nb3IrSe8,0.0,consensus of 1 report,1,0,Zhuo 2018
Nb3Os,0.0,consensus of 1 report,1,0,Zhuo 2018
Nb3Ru,0.0,consensus of 1 report,1,0,Zhuo 2018
Nb3Te,0.0,consensus of 1 report,1,0,Zhuo 2018
Nb3V(PO4)6,0.0,consensus of 1 report,1,0,Zhuo 2018
Nb3VS6,0.0,consensus of 1 report,1,0,Zhuo 2018
Nb40N21O16,0.0,consensus of 1 report,1,0,Zhuo 2018
Nb4Co2PdSe12,0.0,consensus of 1 report,1,0,Zhuo 2018
Nb5Ga4,0.0,consensus of 1 report,1,0,Zhuo 2018
Nb5Ge3,0.0,consensus of 1 report,1,0,Zhuo 2018
Nb5OF14,0.0,consensus of 1 report,1,0,Zhuo 2018
Nb6Co7,0.0,consensus of 1 report,1,0,Zhuo 2018
Nb6VSb3O25,3.2,consensus of 1 report,1,3.2,Zhuo 2018
NbAg2(PS4)2,2.02,consensus of 1 report,1,2.02,Zhuo 2018
NbCrN,0.0,consensus of 1 report,1,0,Zhuo 2018
NbCrW,0.0,consensus of 1 report,1,0,Zhuo 2018
NbCu3Se4,2.45,consensus of 1 report,1,2.45,Zhuo 2018
NbCuO3,2.0,consensus of 1 report,1,2,Zhuo 2018
NbGaCo2,0.0,consensus of 1 report,1,0,Zhuo 2018
NbHO3,0.0,consensus of 1 report,1,0,Zhuo 2018
NbHg3F6,0.0,consensus of 1 report,1,0,Zhuo 2018
NbOsPb,0.0,consensus of 1 report,1,0,Zhuo 2018
NbPt2,0.0,consensus of 1 report,1,0,Zhuo 2018
NbRu2Cl,0.0,consensus of 1 report,1,0,Zhuo 2018
NbSe2,1.4,consensus of 1 report,1,1.4,Zhuo 2018
NbSi2,0.0,consensus of 1 report,1,0,Zhuo 2018
NbSiIr,0.0,consensus of 1 report,1,0,Zhuo 2018
NbSnIr,0.28,consensus of 1 report,1,0.28,Zhuo 2018
Nd(Al4Co)2,0.0,consensus of 1 report,1,0,Zhuo 2018
Nd(AsPd)2,0.0,consensus of 1 report,1,0,Zhuo 2018
Nd(CoGe)2,0.0,consensus of 1 report,1,0,Zhuo 2018
Nd(CoSi)2,0.0,consensus of 1 report,1,0,Zhuo 2018
Nd(CrSi)2,0.0,consensus of 1 report,1,0,Zhuo 2018
Nd(GePt)2,0.0,consensus of 1 report,1,0,Zhuo 2018
Nd(InS2)3,1.15,consensus of 1 report,1,1.15,Zhuo 2018
Nd(NiSn)2,0.0,consensus of 1 report,1,0,Zhuo 2018
Nd(PRu)2,0.0,consensus of 1 report,1,0,Zhuo 2018
Nd(Re2Si)2,0.0,consensus of 1 report,1,0,Zhuo 2018
Nd(SiIr)2,0.0,consensus of 1 report,1,0,Zhuo 2018
Nd1.33Lu0.67S3,1.5,consensus of 1 report,1,1.5,Zhuo 2018
Nd10Se14O,1.98,consensus of 1 report,1,1.98,Zhuo 2018
Nd2(SnSe3)3,0.5,consensus of 1 report,1,0.5,Zhuo 2018
Nd2BC,0.0,consensus of 1 report,1,0,Zhuo 2018
Nd2CdIn,0.0,consensus of 1 report,1,0,Zhuo 2018
Nd2Fe14B,0.0,consensus of 1 report,1,0,Zhuo 2018
Nd2Ge5Rh3,0.0,consensus of 1 report,1,0,Zhuo 2018
Nd2HfS5,0.7,consensus of 1 report,1,0.7,Zhuo 2018
Nd2IrPd,0.0,consensus of 1 report,1,0,Zhuo 2018
Nd2Ni7P4,0.0,consensus of 1 report,1,0,Zhuo 2018
Nd2O3,4.4,consensus of 1 report,1,4.4,Zhuo 2018
Nd2Ru2O7,0.0,consensus of 1 report,1,0,Zhuo 2018
Nd2S3,2.65,consensus of 1 report,1,2.65,Zhuo 2018
Nd2Se3,1.725,consensus of 2 reports,2,1.7; 1.75,Zhuo 2018
Nd2Te3,1.12,consensus of 1 report,1,1.12,Zhuo 2018
Nd2WC2,0.0,consensus of 1 report,1,0,Zhuo 2018
Nd2ZnGa,0.0,consensus of 1 report,1,0,Zhuo 2018
Nd2ZrS5,1.83,consensus of 1 report,1,1.83,Zhuo 2018
Nd3(GeRu)2,0.0,consensus of 1 report,1,0,Zhuo 2018
Nd3AlC,0.0,consensus of 1 report,1,0,Zhuo 2018
Nd3Ge5,0.0,consensus of 1 report,1,0,Zhuo 2018
Nd3In,0.0,consensus of 1 report,1,0,Zhuo 2018
Nd3Ni13B2,0.0,consensus of 1 report,1,0,Zhuo 2018
Nd3Te4,1.6,consensus of 1 report,1,1.6,Zhuo 2018
Nd3Zr,0.0,consensus of 1 report,1,0,Zhuo 2018
Nd4(GeS4)3,2.62,consensus of 1 report,1,2.62,Zhuo 2018
Nd4Ge3Rh4,0.0,consensus of 1 report,1,0,Zhuo 2018
Nd4InSbSe9,1.57,consensus of 1 report,1,1.57,Zhuo 2018
Nd4Mg3Co2,0.0,consensus of 1 report,1,0,Zhuo 2018
Nd4MgRu,0.0,consensus of 1 report,1,0,Zhuo 2018
Nd4O3F7,0.0,consensus of 1 report,1,0,Zhuo 2018
Nd5Ge3,0.0,consensus of 1 report,1,0,Zhuo 2018
Nd5Ge4,0.0,consensus of 1 report,1,0,Zhuo 2018
NdAgAs2,0.0,consensus of 1 report,1,0,Zhuo 2018
NdAgPb,0.0,consensus of 1 report,1,0,Zhuo 2018
NdAl4Ge2Au,0.0,consensus of 1 report,1,0,Zhuo 2018
NdAl7Au3,0.0,consensus of 1 report,1,0,Zhuo 2018
NdAs,1.04,consensus of 1 report,1,1.04,Zhuo 2018
NdAu3,0.0,consensus of 1 report,1,0,Zhuo 2018
NdB6,4.9,consensus of 1 report,1,4.9,Zhuo 2018
NdBRh3,0.0,consensus of 1 report,1,0,Zhuo 2018
NdBi,0.0,consensus of 1 report,1,0,Zhuo 2018
NdCrGe3,0.0,consensus of 1 report,1,0,Zhuo 2018
NdCu3(RuO3)4,0.0,consensus of 1 report,1,0,Zhuo 2018
NdCuSO,2.98,consensus of 1 report,1,2.98,Zhuo 2018
NdCuTeO,2.26,consensus of 1 report,1,2.26,Zhuo 2018
NdErTl2,0.0,consensus of 1 report,1,0,Zhuo 2018
NdErZn2,0.0,consensus of 1 report,1,0,Zhuo 2018
NdF3,6.15,consensus of 1 report,1,6.15,Zhuo 2018
NdFeSi2,0.0,consensus of 1 report,1,0,Zhuo 2018
NdGa2Ni,0.0,consensus of 1 report,1,0,Zhuo 2018
NdIn3,0.0,consensus of 1 report,1,0,Zhuo 2018
NdIn5Rh,0.0,consensus of 1 report,1,0,Zhuo 2018
NdInAu,0.0,consensus of 1 report,1,0,Zhuo 2018
NdInCu,0.0,consensus of 1 report,1,0,Zhuo 2018
NdLuSe3,1.61,consensus of 1 report,1,1.61,Zhuo 2018
NdMg2,0.0,consensus of 1 report,1,0,Zhuo 2018
NdMg2Ni9,0.0,consensus of 1 report,1,0,Zhuo 2018
NdMgNi4,0.0,consensus of 1 report,1,0,Zhuo 2018
NdMnSbO,0.0,consensus of 1 report,1,0,Zhuo 2018
NdMoO4F,3.66,consensus of 1 report,1,3.66,Zhuo 2018
NdNiC2,0.0,consensus of 1 report,1,0,Zhuo 2018
NdPt,0.0,consensus of 1 report,1,0,Zhuo 2018
NdRh,0.0,consensus of 1 report,1,0,Zhuo 2018
NdSb,0.0,consensus of 1 report,1,0,Zhuo 2018
NdSbPd,0.0,consensus of 1 report,1,0,Zhuo 2018
NdScGe,0.0,consensus of 1 report,1,0,Zhuo 2018
NdSmHg2,0.0,consensus of 1 report,1,0,Zhuo 2018
NdSn2,0.0,consensus of 1 report,1,0,Zhuo 2018
NdSnRh,0.0,consensus of 1 report,1,0,Zhuo 2018
NdTe,0.0,consensus of 1 report,1,0,Zhuo 2018
NdTe2,0.48,consensus of 1 report,1,0.48,Zhuo 2018
NdTiGe,0.0,consensus of 1 report,1,0,Zhuo 2018
NdTlAg2,0.0,consensus of 1 report,1,0,Zhuo 2018
NdTlPd,0.0,consensus of 1 report,1,0,Zhuo 2018
NdZn2Ag,0.0,consensus of 1 report,1,0,Zhuo 2018
Ni(CN)2,2.0,consensus of 1 report,1,2,Zhuo 2018
Ni(PO3)4,0.0,consensus of 1 report,1,0,Zhuo 2018
Ni23B6,0.0,consensus of 1 report,1,0,Zhuo 2018
Ni2Ge,0.0,consensus of 1 report,1,0,Zhuo 2018
Ni2Mo3N,0.0,consensus of 1 report,1,0,Zhuo 2018
Ni2Mo4C,0.0,consensus of 1 report,1,0,Zhuo 2018
Ni2Mo4N,0.0,consensus of 1 report,1,0,Zhuo 2018
Ni2PO5,0.0,consensus of 1 report,1,0,Zhuo 2018
Ni2Te3O8,3.84,consensus of 1 report,1,3.84,Zhuo 2018
Ni3Ge,0.0,consensus of 1 report,1,0,Zhuo 2018
Ni3Pt,0.0,consensus of 1 report,1,0,Zhuo 2018
Ni3S4,0.0,consensus of 1 report,1,0,Zhuo 2018
Ni3SnN,0.0,consensus of 1 report,1,0,Zhuo 2018
Ni4(BiO2)9,0.0,consensus of 1 report,1,0,Zhuo 2018
Ni4(PO4)3,0.0,consensus of 1 report,1,0,Zhuo 2018
Ni7(P2O7)4,0.0,consensus of 1 report,1,0,Zhuo 2018
NiAgO2,0.0,consensus of 1 report,1,0,Zhuo 2018
NiAsO3,0.0,consensus of 1 report,1,0,Zhuo 2018
NiCO4,0.0,consensus of 1 report,1,0,Zhuo 2018
NiGe,0.0,consensus of 1 report,1,0,Zhuo 2018
NiGePt2,0.0,consensus of 1 report,1,0,Zhuo 2018
NiI,0.0,consensus of 1 report,1,0,Zhuo 2018
NiN,0.0,consensus of 1 report,1,0,Zhuo 2018
NiO,4.0,consensus of 1 report,1,4,Zhuo 2018
NiP2,0.5,consensus of 3 reports,3,0.3; 0.5; 0.73,Zhuo 2018
NiS2,0.64,consensus of 1 report,1,0.64,Zhuo 2018
NiTe,0.23,consensus of 1 report,1,0.23,Zhuo 2018
OsS2,2.0,consensus of 1 report,1,2,Zhuo 2018
P,0.31,Borlido 2019,1,0.31,Borlido 2019
P2H12N7Cl,0.0,consensus of 1 report,1,0,Zhuo 2018
P2H4RhO9,0.0,consensus of 1 report,1,0,Zhuo 2018
P2Ir,1.05,consensus of 2 reports,2,1; 1.1,Zhuo 2018
P2Os,1.13,Borlido 2019,3,1.13; 1.13; 1.2,Borlido 2019; Zhuo 2018
P2Pd,0.65,consensus of 1 report,1,0.65,Zhuo 2018
P2Pd3S8,2.12,consensus of 1 report,1,2.12,Zhuo 2018
P2Pt,0.7,consensus of 2 reports,2,0.6; 0.8,Zhuo 2018
P2Rh,1.0,consensus of 1 report,1,1,Zhuo 2018
P2Ru,0.9,consensus of 2 reports,2,0.8; 1,Zhuo 2018
P2Se3,2.4,consensus of 1 report,1,2.4,Zhuo 2018
P2Se5,2.2,consensus of 1 report,1,2.2,Zhuo 2018
P3N5,5.87,Borlido 2019,1,5.87,Borlido 2019
P4Os,0.5,consensus of 2 reports,2,0.4; 0.6,Zhuo 2018
P4Ru,0.51,consensus of 2 reports,2,0.38; 0.64,Zhuo 2018
PH2NO2,0.0,consensus of 1 report,1,0,Zhuo 2018
PH6NO4,6.805,consensus of 2 reports,2,6.8; 6.81,Zhuo 2018
PHPbO3,3.97,consensus of 1 report,1,3.97,Zhuo 2018
POsS,1.4,consensus of 1 report,1,1.4,Zhuo 2018
POsSe,1.4,consensus of 1 report,1,1.4,Zhuo 2018
PPdS,1.39,consensus of 2 reports,2,1.38; 1.4,Zhuo 2018
PPdSe,0.15,consensus of 1 report,1,0.15,Zhuo 2018
PRuS,1.4,consensus of 1 report,1,1.4,Zhuo 2018
PSe,2.5,consensus of 1 report,1,2.5,Zhuo 2018
PW5O17,0.0,consensus of 1 report,1,0,Zhuo 2018
Pb17(Cl9O4)2,3.44,consensus of 1 report,1,3.44,Zhuo 2018
Pb1Se0.01S0.99,0.37,consensus of 1 report,1,0.37,Zhuo 2018
Pb1Se0.5S0.5,0.33,consensus of 1 report,1,0.33,Zhuo 2018
Pb1Se0.95S0.05,0.26,consensus of 1 report,1,0.26,Zhuo 2018
Pb1Se0.99S0.01,0.26,consensus of 1 report,1,0.26,Zhuo 2018
Pb1Se0.9S0.1,0.27,consensus of 1 report,1,0.27,Zhuo 2018
Pb2O3,1.67,consensus of 1 report,1,1.67,Zhuo 2018
Pb2SeN2O9,3.76,consensus of 1 report,1,3.76,Zhuo 2018
Pb3O4,2.12,consensus of 1 report,1,2.12,Zhuo 2018
Pb3Se2(BrO3)2,3.73,consensus of 1 report,1,3.73,Zhuo 2018
PbBr2,3.98,Borlido 2019,5,3.2; 3.23; 3.31; 3.5; 3.98,Borlido 2019; Zhuo 2018
PbCl2,4.86,Borlido 2019,4,3.82; 3.94; 4.1; 4.86,Borlido 2019; Zhuo 2018
PbF2,5.68,Borlido 2019,1,5.68,Borlido 2019
PbI2,2.28,Borlido 2019,10,2.28; 2.32; 2.36; 2.41; 2.53; 2.54; 2.54; 2.55; 2.56; 3.01,Borlido 2019; Zhuo 2018
PbN6,3.0,consensus of 2 reports,2,2.98; 3.02,Zhuo 2018
PbO2,1.475,consensus of 4 reports,4,1.4; 1.45; 1.5; 1.7,Zhuo 2018
PbS,0.29,Borlido 2019,15,0.28; 0.29; 0.29; 0.29; 0.29; 0.3; 0.31; 0.31; 0.37; 0.38; 0.39; 0.41; 0.42; 0.44; 0.6,Borlido 2019; Zhuo 2018
PbSe,0.15,Borlido 2019,13,0.14; 0.15; 0.15; 0.17; 0.18; 0.22; 0.26; 0.27; 0.28; 0.28; 0.29; 0.31; 0.35,Borlido 2019; Zhuo 2018
PbSeO4,4.3,Borlido 2019,2,4.3; 4.3,Borlido 2019; Zhuo 2018
PbWO4,4.2,Borlido 2019,1,4.2,Borlido 2019
Pd(IO3)2,1.31,consensus of 1 report,1,1.31,Zhuo 2018
Pd16S7,0.0,consensus of 1 report,1,0,Zhuo 2018
Pd2N,0.0,consensus of 1 report,1,0,Zhuo 2018
Pd3(PbS)2,0.0,consensus of 1 report,1,0,Zhuo 2018
PdO,0.8,consensus of 1 report,1,0.8,Zhuo 2018
PdPb2,0.0,consensus of 1 report,1,0,Zhuo 2018
PdS,0.5,Borlido 2019,2,0.5; 0.5,Borlido 2019; Zhuo 2018
PdS2,0.75,Borlido 2019,2,0.75; 0.75,Borlido 2019; Zhuo 2018
PdSe,0.2,consensus of 1 report,1,0.2,Zhuo 2018
PdSe2,0.4,Borlido 2019,2,0.4; 0.4,Borlido 2019; Zhuo 2018
Pr(BRu)2,0.0,consensus of 1 report,1,0,Zhuo 2018
Pr(BiO3)2,0.0,consensus of 1 report,1,0,Zhuo 2018
Pr(CoAs)2,0.0,consensus of 1 report,1,0,Zhuo 2018
Pr(CoGe)2,0.0,consensus of 1 report,1,0,Zhuo 2018
Pr(FeSi)2,0.0,consensus of 1 report,1,0,Zhuo 2018
Pr(InS2)3,1.14,consensus of 1 report,1,1.14,Zhuo 2018
Pr(MnSi)2,0.0,consensus of 1 report,1,0,Zhuo 2018
Pr1.29Lu0.71S3,1.38,consensus of 1 report,1,1.38,Zhuo 2018
Pr10Se14O,1.89,consensus of 1 report,1,1.89,Zhuo 2018
Pr1Te1.9,1.0,consensus of 1 report,1,1,Zhuo 2018
Pr27Se40,0.0,consensus of 1 report,1,0,Zhuo 2018
Pr2Au,0.0,consensus of 1 report,1,0,Zhuo 2018
Pr2CdSn,0.0,consensus of 1 report,1,0,Zhuo 2018
Pr2Co12P7,0.0,consensus of 1 report,1,0,Zhuo 2018
Pr2Ge2Se7,1.32,consensus of 1 report,1,1.32,Zhuo 2018
Pr2GeSe5,1.8,consensus of 1 report,1,1.8,Zhuo 2018
Pr2HgPb,0.0,consensus of 1 report,1,0,Zhuo 2018
Pr2InGe2,0.0,consensus of 1 report,1,0,Zhuo 2018
Pr2InPd2,0.0,consensus of 1 report,1,0,Zhuo 2018
Pr2Ir2O7,0.0,consensus of 1 report,1,0,Zhuo 2018
Pr2S3,2.64,consensus of 2 reports,2,2.6; 2.68,Zhuo 2018
Pr2Se3,1.85,consensus of 2 reports,2,1.8; 1.9,Zhuo 2018
Pr2Te3,1.3,consensus of 3 reports,3,1.16; 1.3; 1.5,Zhuo 2018
Pr2Te4O11,3.65,consensus of 1 report,1,3.65,Zhuo 2018
Pr3(Al2Si3)2,0.0,consensus of 1 report,1,0,Zhuo 2018
Pr3Cd,0.0,consensus of 1 report,1,0,Zhuo 2018
Pr3I,0.0,consensus of 1 report,1,0,Zhuo 2018
Pr4InSbSe9,1.89,consensus of 1 report,1,1.89,Zhuo 2018
Pr4MgRu,0.0,consensus of 1 report,1,0,Zhuo 2018
Pr4Sb3,0.0,consensus of 1 report,1,0,Zhuo 2018
Pr4Te7,0.46,consensus of 1 report,1,0.46,Zhuo 2018
Pr5In11Ni6,0.0,consensus of 1 report,1,0,Zhuo 2018
Pr5Si4,0.0,consensus of 1 report,1,0,Zhuo 2018
Pr6Fe13Si,0.0,consensus of 1 report,1,0,Zhuo 2018
Pr7Mn8O24,0.0,consensus of 1 report,1,0,Zhuo 2018
Pr9(SbO)5,0.0,consensus of 1 report,1,0,Zhuo 2018
PrAgAs2,0.0,consensus of 1 report,1,0,Zhuo 2018
PrAl3Ni2,0.0,consensus of 1 report,1,0,Zhuo 2018
PrAs,1.0,consensus of 1 report,1,1,Zhuo 2018
PrAu,0.0,consensus of 1 report,1,0,Zhuo 2018
PrB4,0.0,consensus of 1 report,1,0,Zhuo 2018
PrB6,4.9,consensus of 1 report,1,4.9,Zhuo 2018
PrBN2,4.0,consensus of 1 report,1,4,Zhuo 2018
PrBPt4,0.0,consensus of 1 report,1,0,Zhuo 2018
PrCd,0.0,consensus of 1 report,1,0,Zhuo 2018
PrCo4B,0.0,consensus of 1 report,1,0,Zhuo 2018
PrCuSO,3.03,consensus of 1 report,1,3.03,Zhuo 2018
PrErIn2,0.0,consensus of 1 report,1,0,Zhuo 2018
PrErMg2,0.0,consensus of 1 report,1,0,Zhuo 2018
PrF3,5.6,consensus of 2 reports,2,5.3; 5.9,Zhuo 2018
PrFeGe2,0.0,consensus of 1 report,1,0,Zhuo 2018
PrGaAu2,0.0,consensus of 1 report,1,0,Zhuo 2018
PrGe3,0.0,consensus of 1 report,1,0,Zhuo 2018
PrGe5,0.0,consensus of 1 report,1,0,Zhuo 2018
PrGeAu,0.0,consensus of 1 report,1,0,Zhuo 2018
PrIn,0.0,consensus of 1 report,1,0,Zhuo 2018
PrInAu2,0.0,consensus of 1 report,1,0,Zhuo 2018
PrIr2,0.0,consensus of 1 report,1,0,Zhuo 2018
PrLuIn2,0.0,consensus of 1 report,1,0,Zhuo 2018
PrLuSe3,1.56,consensus of 1 report,1,1.56,Zhuo 2018
PrMgAg2,0.0,consensus of 1 report,1,0,Zhuo 2018
PrMgGa,0.0,consensus of 1 report,1,0,Zhuo 2018
PrMo3,0.0,consensus of 1 report,1,0,Zhuo 2018
PrMoO4F,3.64,consensus of 1 report,1,3.64,Zhuo 2018
PrNiGe2,0.0,consensus of 1 report,1,0,Zhuo 2018
PrP,0.0,consensus of 1 report,1,0,Zhuo 2018
PrSb,0.66,consensus of 1 report,1,0.66,Zhuo 2018
PrSbPt,0.0,consensus of 1 report,1,0,Zhuo 2018
PrSm3,0.0,consensus of 1 report,1,0,Zhuo 2018
PrSmO2,0.0,consensus of 1 report,1,0,Zhuo 2018
PrTaN2O,2.0,consensus of 1 report,1,2,Zhuo 2018
PrTe2,1.155,consensus of 2 reports,2,1.02; 1.29,Zhuo 2018
PrTl2InSe4,0.93,consensus of 1 report,1,0.93,Zhuo 2018
PrTlSe2,1.18,consensus of 1 report,1,1.18,Zhuo 2018
PrTmTl2,0.0,consensus of 1 report,1,0,Zhuo 2018
PrZn,0.0,consensus of 1 report,1,0,Zhuo 2018
Pt0.97S2,0.95,consensus of 1 report,1,0.95,Zhuo 2018
Pt3Pb,0.0,consensus of 1 report,1,0,Zhuo 2018
Pt3PbC,0.0,consensus of 1 report,1,0,Zhuo 2018
PtN,0.0,consensus of 1 report,1,0,Zhuo 2018
PtS,0.64,consensus of 3 reports,3,0.38; 0.64; 0.8,Zhuo 2018
PtS2,0.75,consensus of 1 report,1,0.75,Zhuo 2018
PtSe2,0.1,consensus of 1 report,1,0.1,Zhuo 2018
Rb1.45Sb7.45Pb3.1Se15,0.45,consensus of 1 report,1,0.45,Zhuo 2018
Rb1.54Cd1.54Bi2.46S6,1.33,consensus of 1 report,1,1.33,Zhuo 2018
Rb15Hg16,0.0,consensus of 1 report,1,0,Zhuo 2018
Rb28(Mg3In17)3,0.0,consensus of 1 report,1,0,Zhuo 2018
Rb2AgPS4,2.6,consensus of 1 report,1,2.6,Zhuo 2018
Rb2BaNb2Se11,1.53,consensus of 1 report,1,1.53,Zhuo 2018
Rb2Cd(IBr)2,3.35,consensus of 1 report,1,3.35,Zhuo 2018
Rb2Cd(PSe3)2,2.58,consensus of 1 report,1,2.58,Zhuo 2018
Rb2Cd3(B4O7)4,4.76,consensus of 1 report,1,4.76,Zhuo 2018
Rb2Cd3S4,2.92,consensus of 1 report,1,2.92,Zhuo 2018
Rb2Cd3Se4,2.37,consensus of 1 report,1,2.37,Zhuo 2018
Rb2Cd3Te4,2.3,consensus of 1 report,1,2.3,Zhuo 2018
Rb2CrF6,0.0,consensus of 1 report,1,0,Zhuo 2018
Rb2Cu2Sb2S5,1.6,consensus of 1 report,1,1.6,Zhuo 2018
Rb2Cu2SnS4,2.08,Borlido 2019,2,2.08; 2.08,Borlido 2019; Zhuo 2018
Rb2FeI4,0.0,consensus of 1 report,1,0,Zhuo 2018
Rb2GeB4O9,5.54,consensus of 1 report,1,5.54,Zhuo 2018
Rb2Hg(PSe3)2,2.32,consensus of 1 report,1,2.32,Zhuo 2018
Rb2Hg3(GeS4)2,2.8,consensus of 1 report,1,2.8,Zhuo 2018
Rb2Mo3Se3O16,3.1,consensus of 1 report,1,3.1,Zhuo 2018
Rb2Mo9Se10,0.0,consensus of 1 report,1,0,Zhuo 2018
Rb2Na2IrO4,0.0,consensus of 1 report,1,0,Zhuo 2018
Rb2NaNiF6,0.0,consensus of 1 report,1,0,Zhuo 2018
Rb2NaVF6,0.0,consensus of 1 report,1,0,Zhuo 2018
Rb2NbCuS4,2.64,Borlido 2019,2,2.64; 2.64,Borlido 2019; Zhuo 2018
Rb2NbCuSe4,2.19,Borlido 2019,2,2.19; 2.19,Borlido 2019; Zhuo 2018
Rb2PS5,2.3,consensus of 1 report,1,2.3,Zhuo 2018
Rb2Pt(IO3)6,2.4,consensus of 1 report,1,2.4,Zhuo 2018
Rb2SCl6F,0.0,consensus of 1 report,1,0,Zhuo 2018
Rb2Sn2Hg3S8,2.48,consensus of 1 report,1,2.48,Zhuo 2018
Rb2Sn3(SbS5)2,2.33,consensus of 1 report,1,2.33,Zhuo 2018
Rb2Tb3AlF16,0.0,consensus of 1 report,1,0,Zhuo 2018
Rb2Te,4.5,consensus of 1 report,1,4.5,Zhuo 2018
Rb2TeBr6,2.19,Borlido 2019,2,2.14; 2.19,Borlido 2019; Zhuo 2018
Rb2TeI6,1.43,Borlido 2019,2,1.4; 1.43,Borlido 2019; Zhuo 2018
Rb2Ti(AgS2)2,2.33,consensus of 1 report,1,2.33,Zhuo 2018
Rb2Ti(CuS2)2,2.19,Borlido 2019,2,2.19; 2.19,Borlido 2019; Zhuo 2018
Rb2VAgS4,1.83,Borlido 2019,2,1.83; 1.83,Borlido 2019; Zhuo 2018
Rb2VCuS4,1.85,Borlido 2019,2,1.85; 1.85,Borlido 2019; Zhuo 2018
Rb2Zn3(SeO3)4,4.9,consensus of 1 report,1,4.9,Zhuo 2018
Rb3(Cu4S3)2,0.0,consensus of 1 report,1,0,Zhuo 2018
Rb3Ag9(PS4)4,2.6,consensus of 1 report,1,2.6,Zhuo 2018
Rb3Al3Ge7S20,3.1,consensus of 1 report,1,3.1,Zhuo 2018
Rb3Al3Ge7Se20,2.4,consensus of 1 report,1,2.4,Zhuo 2018
Rb3Bi2Br9,2.62,consensus of 1 report,1,2.62,Zhuo 2018
Rb3Bi2I9,1.995,consensus of 2 reports,2,1.89; 2.1,Zhuo 2018
Rb3Cd(BO2)5,2.34,consensus of 1 report,1,2.34,Zhuo 2018
Rb3Ga,0.0,consensus of 1 report,1,0,Zhuo 2018
Rb3Li4(BO2)7,6.53,consensus of 1 report,1,6.53,Zhuo 2018
Rb3Mn,0.0,consensus of 1 report,1,0,Zhuo 2018
Rb3Na(MoO4)2,4.84,consensus of 1 report,1,4.84,Zhuo 2018
Rb3Nb2AsSe11,1.5,consensus of 1 report,1,1.5,Zhuo 2018
Rb3Sb,1.0,consensus of 1 report,1,1,Zhuo 2018
Rb3Sb2Br9,2.48,Borlido 2019,2,2.48; 2.48,Borlido 2019; Zhuo 2018
Rb3Sb2I9,1.94,consensus of 1 report,1,1.94,Zhuo 2018
Rb3Sm,0.0,consensus of 1 report,1,0,Zhuo 2018
Rb3Ta2AsS11,2.21,consensus of 1 report,1,2.21,Zhuo 2018
Rb3Tm,0.0,consensus of 1 report,1,0,Zhuo 2018
Rb3Zn(BO2)5,2.66,consensus of 1 report,1,2.66,Zhuo 2018
Rb4Ag9(SbS3)4,2.0,consensus of 1 report,1,2,Zhuo 2018
Rb4Ga4Si19,1.18,consensus of 1 report,1,1.18,Zhuo 2018
Rb4Ge(PSe3)4,2.0,consensus of 1 report,1,2,Zhuo 2018
Rb4Ge3B6O17,5.42,consensus of 1 report,1,5.42,Zhuo 2018
Rb4Mo5(PO11)2,3.51,consensus of 1 report,1,3.51,Zhuo 2018
Rb4Ti3S14,1.59,consensus of 1 report,1,1.59,Zhuo 2018
Rb5(W4O15)2,0.0,consensus of 1 report,1,0,Zhuo 2018
Rb5(WO3)18,0.0,consensus of 1 report,1,0,Zhuo 2018
Rb5B(SO4)4,3.99,consensus of 1 report,1,3.99,Zhuo 2018
Rb5Li6(BO2)11,6.53,consensus of 1 report,1,6.53,Zhuo 2018
Rb5Tl3O,0.0,consensus of 1 report,1,0,Zhuo 2018
Rb6O,0.0,consensus of 1 report,1,0,Zhuo 2018
Rb9Bi13S24,1.3,consensus of 1 report,1,1.3,Zhuo 2018
RbAg2SbS4,2.3,Borlido 2019,2,2.3; 2.3,Borlido 2019; Zhuo 2018
RbAg2TeS6,2.04,consensus of 1 report,1,2.04,Zhuo 2018
RbAg5(PS4)2,2.4,consensus of 1 report,1,2.4,Zhuo 2018
RbAgF3,0.0,consensus of 1 report,1,0,Zhuo 2018
RbAu,2.75,Borlido 2019,1,2.75,Borlido 2019
RbB5(H2O3)4,0.0,consensus of 1 report,1,0,Zhuo 2018
RbBa2(PO3)5,7.6,consensus of 1 report,1,7.6,Zhuo 2018
RbBi2,0.0,consensus of 1 report,1,0,Zhuo 2018
RbBi3Se5,0.455,consensus of 2 reports,2,0.43; 0.48,Zhuo 2018
RbBi3TeSe4,0.8,consensus of 1 report,1,0.8,Zhuo 2018
RbBiS2,1.26,consensus of 3 reports,3,1.2; 1.26; 1.36,Zhuo 2018
RbBiSe2,0.9,consensus of 3 reports,3,0.72; 0.9; 0.92,Zhuo 2018
RbBr,7.2,Borlido 2019,5,7.2; 7.2; 7.25; 7.65; 7.7,Borlido 2019; Zhuo 2018
RbBr3,0.0,consensus of 1 report,1,0,Zhuo 2018
RbC8,0.0,consensus of 1 report,1,0,Zhuo 2018
RbCaBO3,3.67,consensus of 1 report,1,3.67,Zhuo 2018
RbCd(BO2)3,4.2,consensus of 1 report,1,4.2,Zhuo 2018
RbCd13,0.0,consensus of 1 report,1,0,Zhuo 2018
RbCd4Ga5S12,3.02,consensus of 1 report,1,3.02,Zhuo 2018
RbCd4Ga5Se12,2.19,consensus of 1 report,1,2.19,Zhuo 2018
RbCd4Ga5Te12,1.64,consensus of 1 report,1,1.64,Zhuo 2018
RbCd4In5Se12,1.57,consensus of 1 report,1,1.57,Zhuo 2018
RbCl,8.3,Borlido 2019,6,8.1; 8.2; 8.29; 8.3; 8.3; 8.5,Borlido 2019; Zhuo 2018
RbCu(SbS2)2,1.6,consensus of 1 report,1,1.6,Zhuo 2018
RbCu2AsS3,1.96,consensus of 1 report,1,1.96,Zhuo 2018
RbCu2SbS3,1.67,consensus of 1 report,1,1.67,Zhuo 2018
RbCu4AsS4,2.15,consensus of 1 report,1,2.15,Zhuo 2018
RbCuPdF5,0.0,consensus of 1 report,1,0,Zhuo 2018
RbCuSnS3,1.44,consensus of 1 report,1,1.44,Zhuo 2018
RbCuSnSe3,1.04,consensus of 1 report,1,1.04,Zhuo 2018
RbEuO2,0.0,consensus of 1 report,1,0,Zhuo 2018
RbF,10.4,Borlido 2019,2,10.4; 10.4,Borlido 2019; Zhuo 2018
RbGaSnSe4,1.88,consensus of 1 report,1,1.88,Zhuo 2018
RbGe3,0.0,consensus of 1 report,1,0,Zhuo 2018
RbGeB3O7,5.58,consensus of 1 report,1,5.58,Zhuo 2018
RbH2(IO3)3,4.07,consensus of 1 report,1,4.07,Zhuo 2018
RbH3(SeO3)2,4.84,consensus of 1 report,1,4.84,Zhuo 2018
RbHg3,0.0,consensus of 1 report,1,0,Zhuo 2018
RbHgSbTe3,0.2,consensus of 1 report,1,0.2,Zhuo 2018
RbI,6.37,Borlido 2019,9,5.83; 6.05; 6.1; 6.25; 6.26; 6.26; 6.36; 6.37; 6.37,Borlido 2019; Zhuo 2018
RbIn4,0.0,consensus of 1 report,1,0,Zhuo 2018
RbIn5S6,2.5,consensus of 1 report,1,2.5,Zhuo 2018
RbInGeS4,3.1,consensus of 1 report,1,3.1,Zhuo 2018
RbInS2,3.3,consensus of 1 report,1,3.3,Zhuo 2018
RbInSnS4,2.7,consensus of 1 report,1,2.7,Zhuo 2018
RbInTe3O8,3.9,consensus of 1 report,1,3.9,Zhuo 2018
RbLiCO3,6.28,consensus of 1 report,1,6.28,Zhuo 2018
RbMn4Ga5Te12,1.53,consensus of 1 report,1,1.53,Zhuo 2018
RbMn4In5Se12,1.76,consensus of 1 report,1,1.76,Zhuo 2018
RbMnTe2,0.0,consensus of 1 report,1,0,Zhuo 2018
RbMoPO6,2.96,consensus of 1 report,1,2.96,Zhuo 2018
RbNa2NiO2,0.0,consensus of 1 report,1,0,Zhuo 2018
RbNa2Sb,1.0,consensus of 1 report,1,1,Zhuo 2018
RbNb3(TeO6)2,3.49,consensus of 1 report,1,3.49,Zhuo 2018
RbNb4Br11,0.46,consensus of 1 report,1,0.46,Zhuo 2018
RbNbSe2O7,4.1,consensus of 1 report,1,4.1,Zhuo 2018
RbPPbO4,4.35,consensus of 1 report,1,4.35,Zhuo 2018
RbPSe6,2.18,consensus of 1 report,1,2.18,Zhuo 2018
RbPdF3,0.0,consensus of 1 report,1,0,Zhuo 2018
RbSbO3,0.0,consensus of 1 report,1,0,Zhuo 2018
RbSbS2,2.1,consensus of 3 reports,3,1.96; 2.1; 2.13,Zhuo 2018
RbSbSe2,1.62,consensus of 1 report,1,1.62,Zhuo 2018
RbSbTe2,0.38,consensus of 1 report,1,0.38,Zhuo 2018
RbSc(SeO3)2,4.9,consensus of 1 report,1,4.9,Zhuo 2018
RbTa3(TeO6)2,3.88,consensus of 1 report,1,3.88,Zhuo 2018
RbTbSe2,2.5,consensus of 1 report,1,2.5,Zhuo 2018
RbTiBr3,0.0,consensus of 1 report,1,0,Zhuo 2018
RbTmO3,0.0,consensus of 1 report,1,0,Zhuo 2018
RbV(CuS2)2,1.45,Borlido 2019,2,1.45; 1.45,Borlido 2019; Zhuo 2018
RbVP2S7,0.0,consensus of 1 report,1,0,Zhuo 2018
RbWO3,0.0,consensus of 1 report,1,0,Zhuo 2018
RbY(TeO3)2,3.6,consensus of 1 report,1,3.6,Zhuo 2018
RbYbZnSe3,2.07,consensus of 1 report,1,2.07,Zhuo 2018
RbZn4In5Se12,1.76,consensus of 1 report,1,1.76,Zhuo 2018
RbZrPSe6,2.0,consensus of 1 report,1,2,Zhuo 2018
Re2PbO6,0.0,consensus of 1 report,1,0,Zhuo 2018
Re2RuBr,0.0,consensus of 1 report,1,0,Zhuo 2018
Re2W3C,0.0,consensus of 1 report,1,0,Zhuo 2018
Re3As7,0.0,consensus of 1 report,1,0,Zhuo 2018
Re3F,0.0,consensus of 1 report,1,0,Zhuo 2018
Re3P4,0.0,consensus of 1 report,1,0,Zhuo 2018
Re5(NiAs6)2,0.0,consensus of 1 report,1,0,Zhuo 2018
ReBiO3,0.0,consensus of 1 report,1,0,Zhuo 2018
ReIr3,0.0,consensus of 1 report,1,0,Zhuo 2018
ReO3,2.3,consensus of 1 report,1,2.3,Zhuo 2018
ReOsRu,0.0,consensus of 1 report,1,0,Zhuo 2018
RePO5,0.0,consensus of 1 report,1,0,Zhuo 2018
ReS2,1.37,Borlido 2019,4,1; 1.1; 1.33; 1.37,Borlido 2019; Zhuo 2018
ReSe2,1.19,Borlido 2019,3,0.99; 1.15; 1.19,Borlido 2019; Zhuo 2018
ReSi2,0.13,consensus of 3 reports,3,0.12; 0.13; 0.2,Zhuo 2018
ReSn3,0.0,consensus of 1 report,1,0,Zhuo 2018
Rh0.67S2,1.5,consensus of 1 report,1,1.5,Zhuo 2018
Rh0.67Se2,0.7,consensus of 1 report,1,0.7,Zhuo 2018
Rh2S3,0.8,consensus of 1 report,1,0.8,Zhuo 2018
Rh3Pb,0.0,consensus of 1 report,1,0,Zhuo 2018
Rh7(PbO5)3,0.0,consensus of 1 report,1,0,Zhuo 2018
RhS3,1.5,consensus of 1 report,1,1.5,Zhuo 2018
RhSe2,0.6,consensus of 1 report,1,0.6,Zhuo 2018
RhSe3,0.7,consensus of 1 report,1,0.7,Zhuo 2018
RhSeS,0.7,consensus of 1 report,1,0.7,Zhuo 2018
Ru3Cl,0.0,consensus of 1 report,1,0,Zhuo 2018
RuCl3,0.0,consensus of 1 report,1,0,Zhuo 2018
RuS2,1.45,Borlido 2019,2,1.45; 1.8,Borlido 2019; Zhuo 2018
RuSe2,0.76,Borlido 2019,2,0.76; 1,Borlido 2019; Zhuo 2018
Sb2I2F11,0.0,consensus of 1 report,1,0,Zhuo 2018
Sb2O3,3.625,Borlido 2019,4,3.2; 3.25; 3.31; 4,Borlido 2019; Zhuo 2018
Sb2Os,0.21,Borlido 2019,4,0.2; 0.21; 0.21; 0.3,Borlido 2019; Zhuo 2018
Sb2PbSe4,1.8,consensus of 1 report,1,1.8,Zhuo 2018
Sb2Pt,0.11,Borlido 2019,10,0.05; 0.06; 0.07; 0.08; 0.08; 0.1; 0.11; 0.11; 0.11; 0.4,Borlido 2019; Zhuo 2018
Sb2Ru,0.3,consensus of 1 report,1,0.3,Zhuo 2018
Sb2S3,1.74,Borlido 2019,9,1.63; 1.63; 1.67; 1.69; 1.7; 1.71; 1.72; 1.74; 1.92,Borlido 2019; Zhuo 2018
Sb2Se3,1.11,Borlido 2019,10,1; 1.06; 1.1; 1.11; 1.11; 1.13; 1.15; 1.2; 1.3; 1.4,Borlido 2019; Zhuo 2018
Sb2Te,0.0,consensus of 1 report,1,0,Zhuo 2018
Sb2Te3,0.28,Borlido 2019,8,0.19; 0.21; 0.22; 0.24; 0.28; 0.28; 0.3; 0.35,Borlido 2019; Zhuo 2018
Sb3IO4,2.61,consensus of 1 report,1,2.61,Zhuo 2018
Sb4Pb4S11,0.0,consensus of 1 report,1,0,Zhuo 2018
Sb5IO7,1.95,consensus of 1 report,1,1.95,Zhuo 2018
Sb6Pb4Se13,0.65,consensus of 1 report,1,0.65,Zhuo 2018
Sb6Pb6Se17,0.8,consensus of 1 report,1,0.8,Zhuo 2018
Sb8I2O11,2.72,consensus of 1 report,1,2.72,Zhuo 2018
SbAs,1.6,consensus of 1 report,1,1.6,Zhuo 2018
SbF3,4.3,Borlido 2019,1,4.3,Borlido 2019
SbI3,2.41,Borlido 2019,6,2.12; 2.22; 2.41; 2.41; 2.49; 2.5,Borlido 2019; Zhuo 2018
SbOsS,1.2,consensus of 1 report,1,1.2,Zhuo 2018
SbOsSe,0.4,consensus of 1 report,1,0.4,Zhuo 2018
SbPb2S2I3,2.0,consensus of 1 report,1,2,Zhuo 2018
SbPbBrO2,2.67,consensus of 1 report,1,2.67,Zhuo 2018
SbPbIO2,2.48,consensus of 1 report,1,2.48,Zhuo 2018
SbPd3,0.0,consensus of 1 report,1,0,Zhuo 2018
SbPt3,0.0,consensus of 1 report,1,0,Zhuo 2018
SbRh3,0.0,consensus of 1 report,1,0,Zhuo 2018
SbRuSe,0.9,consensus of 1 report,1,0.9,Zhuo 2018
SbSBr,2.27,Borlido 2019,4,2.17; 2.21; 2.22; 2.27,Borlido 2019; Zhuo 2018
SbSI,1.88,Borlido 2019,11,1.82; 1.84; 1.85; 1.88; 1.92; 1.93; 1.95; 1.96; 1.97; 1.99; 2.02,Borlido 2019; Zhuo 2018
SbSeBr,1.855,consensus of 2 reports,2,1.84; 1.87,Zhuo 2018
SbSeI,1.7,Borlido 2019,5,1.63; 1.66; 1.68; 1.7; 1.91,Borlido 2019; Zhuo 2018
SbTeI,1.265,consensus of 2 reports,2,1.25; 1.28,Zhuo 2018
SbTeOs,0.05,consensus of 1 report,1,0.05,Zhuo 2018
SbTeRh,0.5,consensus of 1 report,1,0.5,Zhuo 2018
SbTeRu,0.5,consensus of 1 report,1,0.5,Zhuo 2018
Sc(CuSe)3,0.3,consensus of 1 report,1,0.3,Zhuo 2018
Sc(GaFe)6,0.0,consensus of 1 report,1,0,Zhuo 2018
Sc(TiN)9,0.0,consensus of 1 report,1,0,Zhuo 2018
Sc(VGa2)2,0.0,consensus of 1 report,1,0,Zhuo 2018
Sc11(AlGe4)2,0.0,consensus of 1 report,1,0,Zhuo 2018
Sc14Cu14O37,0.0,consensus of 1 report,1,0,Zhuo 2018
Sc2(PO4)3,0.0,consensus of 1 report,1,0,Zhuo 2018
Sc2Al3Ru,0.0,consensus of 1 report,1,0,Zhuo 2018
Sc2CuRu,0.0,consensus of 1 report,1,0,Zhuo 2018
Sc2Fe,0.77,consensus of 1 report,1,0.77,Zhuo 2018
Sc2FeB2Ir5,0.0,consensus of 1 report,1,0,Zhuo 2018
Sc2GaAg,0.0,consensus of 1 report,1,0,Zhuo 2018
Sc2GaIr,0.0,consensus of 1 report,1,0,Zhuo 2018
Sc2MnC,0.0,consensus of 1 report,1,0,Zhuo 2018
Sc2O3,6.1,consensus of 2 reports,2,6; 6.2,Zhuo 2018
Sc2S3,2.0,consensus of 1 report,1,2,Zhuo 2018
Sc3(MnGa3)2,0.0,consensus of 1 report,1,0,Zhuo 2018
Sc3(ReSi2)2,0.0,consensus of 1 report,1,0,Zhuo 2018
Sc3BPb,0.0,consensus of 1 report,1,0,Zhuo 2018
Sc3C4,0.0,consensus of 1 report,1,0,Zhuo 2018
Sc3Fe2Si3,0.0,consensus of 1 report,1,0,Zhuo 2018
Sc3GaC,0.0,consensus of 1 report,1,0,Zhuo 2018
Sc3PbC,0.0,consensus of 1 report,1,0,Zhuo 2018
Sc4Ge6Rh7,0.0,consensus of 1 report,1,0,Zhuo 2018
Sc5Bi3,0.0,consensus of 1 report,1,0,Zhuo 2018
Sc5NCl8,0.0,consensus of 1 report,1,0,Zhuo 2018
Sc5Pb3,0.0,consensus of 1 report,1,0,Zhuo 2018
Sc6FeSb2,0.0,consensus of 1 report,1,0,Zhuo 2018
Sc6NiTe2,0.0,consensus of 1 report,1,0,Zhuo 2018
Sc6Te2Os,0.0,consensus of 1 report,1,0,Zhuo 2018
Sc7CI12,0.0,consensus of 1 report,1,0,Zhuo 2018
Sc8Te3,0.0,consensus of 1 report,1,0,Zhuo 2018
ScAg,0.0,consensus of 1 report,1,0,Zhuo 2018
ScAg(PSe3)2,1.55,Borlido 2019,2,1.55; 1.55,Borlido 2019; Zhuo 2018
ScAgO2,3.8,consensus of 1 report,1,3.8,Zhuo 2018
ScAlNi2,0.0,consensus of 1 report,1,0,Zhuo 2018
ScBIr3,0.0,consensus of 1 report,1,0,Zhuo 2018
ScBPd3,0.0,consensus of 1 report,1,0,Zhuo 2018
ScBe5,0.0,consensus of 1 report,1,0,Zhuo 2018
ScCd,1.71,consensus of 1 report,1,1.71,Zhuo 2018
ScCdAg2,0.0,consensus of 1 report,1,0,Zhuo 2018
ScCdHg2,0.0,consensus of 1 report,1,0,Zhuo 2018
ScCoGe2,0.0,consensus of 1 report,1,0,Zhuo 2018
ScCoO3,0.0,consensus of 1 report,1,0,Zhuo 2018
ScCrO4,0.0,consensus of 1 report,1,0,Zhuo 2018
ScCu2,0.0,consensus of 1 report,1,0,Zhuo 2018
ScCuO2,3.3,Borlido 2019,2,3.3; 3.3,Borlido 2019; Zhuo 2018
ScGa2,0.0,consensus of 1 report,1,0,Zhuo 2018
ScGe2,0.0,consensus of 1 report,1,0,Zhuo 2018
ScHg,0.24,consensus of 1 report,1,0.24,Zhuo 2018
ScIr,0.0,consensus of 1 report,1,0,Zhuo 2018
ScN,0.9,Borlido 2019,2,0.9; 2.6,Borlido 2019; Zhuo 2018
ScNiSb,0.11,Borlido 2019,2,0.11; 0.11,Borlido 2019; Zhuo 2018
ScPPt,0.0,consensus of 1 report,1,0,Zhuo 2018
ScRh,0.0,consensus of 1 report,1,0,Zhuo 2018
ScRh3C,0.0,consensus of 1 report,1,0,Zhuo 2018
ScSbPd,0.23,Borlido 2019,2,0.23; 0.23,Borlido 2019; Zhuo 2018
ScSbRh2,0.0,consensus of 1 report,1,0,Zhuo 2018
ScSbRu2,0.0,consensus of 1 report,1,0,Zhuo 2018
ScSi3Ni,0.0,consensus of 1 report,1,0,Zhuo 2018
ScSnPd,0.0,consensus of 1 report,1,0,Zhuo 2018
ScTa2NO5,2.67,consensus of 1 report,1,2.67,Zhuo 2018
ScTiNbO6,3.58,consensus of 1 report,1,3.58,Zhuo 2018
ScTiO3,0.0,consensus of 1 report,1,0,Zhuo 2018
ScTlS2,1.51,Borlido 2019,2,1.51; 1.51,Borlido 2019; Zhuo 2018
ScTlSe2,0.79,Borlido 2019,2,0.79; 0.79,Borlido 2019; Zhuo 2018
ScTlTe2,0.85,Borlido 2019,2,0.85; 0.85,Borlido 2019; Zhuo 2018
ScZn2,0.0,consensus of 1 report,1,0,Zhuo 2018
ScZn3,0.0,consensus of 1 report,1,0,Zhuo 2018
ScZnNi2,0.0,consensus of 1 report,1,0,Zhuo 2018
ScZnPt2,0.0,consensus of 1 report,1,0,Zhuo 2018
SeS,1.9,consensus of 1 report,1,1.9,Zhuo 2018
Si,1.17,Borlido 2019 + curated literature,2,1.17; 1.17,Borlido 2019; curated literature
Si(Bi3O5)4,3.225,consensus of 2 reports,2,3.2; 3.25,Zhuo 2018
Si0.001Ge0.999,0.65,consensus of 1 report,1,0.65,Zhuo 2018
Si0.03Ge0.97,0.67,consensus of 1 report,1,0.67,Zhuo 2018
Si0.0645Ge0.9355,1.04,consensus of 1 report,1,1.04,Zhuo 2018
Si0.07Ge0.93,1.04,consensus of 1 report,1,1.04,Zhuo 2018
Si0.08Ge0.92,0.72,consensus of 1 report,1,0.72,Zhuo 2018
Si0.109Ge0.891,1.13,consensus of 1 report,1,1.13,Zhuo 2018
Si0.12Ge0.88,0.84,consensus of 1 report,1,0.84,Zhuo 2018
Si0.162Ge0.838,1.32,consensus of 1 report,1,1.32,Zhuo 2018
Si0.1Ge0.9,0.8,consensus of 1 report,1,0.8,Zhuo 2018
Si0.226Ge0.774,1.5,consensus of 1 report,1,1.5,Zhuo 2018
Si0.2Ge0.8,0.86,consensus of 1 report,1,0.86,Zhuo 2018
Si0.347Ge0.653,1.91,consensus of 1 report,1,1.91,Zhuo 2018
Si0.3Ge0.7,0.88,consensus of 1 report,1,0.88,Zhuo 2018
Si0.458Ge0.542,2.24,consensus of 1 report,1,2.24,Zhuo 2018
Si0.4Ge0.6,0.9,consensus of 1 report,1,0.9,Zhuo 2018
Si0.6Ge0.4,0.94,consensus of 1 report,1,0.94,Zhuo 2018
Si0.7Ge0.3,1.0,consensus of 1 report,1,1,Zhuo 2018
Si0.8Ge0.2,1.1,consensus of 1 report,1,1.1,Zhuo 2018
Si0.94Ge0.06,1.06,consensus of 1 report,1,1.06,Zhuo 2018
Si0.98Ge0.02,1.08,consensus of 1 report,1,1.08,Zhuo 2018
Si0.999Ge0.001,1.09,consensus of 1 report,1,1.09,Zhuo 2018
Si0.9Ge0.1,1.04,consensus of 1 report,1,1.04,Zhuo 2018
Si15(TeP2)4,1.24,consensus of 1 report,1,1.24,Zhuo 2018
Si2Ni6B,0.0,consensus of 1 report,1,0,Zhuo 2018
Si2NiP3,0.0,consensus of 1 report,1,0,Zhuo 2018
Si2Pd9,0.0,consensus of 1 report,1,0,Zhuo 2018
Si2Ru,0.0,consensus of 1 report,1,0,Zhuo 2018
Si2SbO6,0.0,consensus of 1 report,1,0,Zhuo 2018
Si2Te3,2.095,consensus of 4 reports,4,2; 2.03; 2.16; 2.18,Zhuo 2018
Si3N4,5.1,Borlido 2019,2,5.1; 5.1,Borlido 2019; Zhuo 2018
Si3Ru2,0.57,consensus of 2 reports,2,0.44; 0.7,Zhuo 2018
SiAs,1.45,Borlido 2019,4,1.45; 1.45; 1.48; 1.57,Borlido 2019; Zhuo 2018
SiAs2,0.88,consensus of 1 report,1,0.88,Zhuo 2018
SiAu3,0.0,consensus of 1 report,1,0,Zhuo 2018
SiB3,2.0,consensus of 1 report,1,2,Zhuo 2018
SiBi3O7,0.0,consensus of 1 report,1,0,Zhuo 2018
SiC,3.03,Borlido 2019,4,2.42; 2.86; 3.2; 3.33,Borlido 2019
SiGe,0.88,consensus of 1 report,1,0.88,Zhuo 2018
SiHg3,0.0,consensus of 1 report,1,0,Zhuo 2018
SiO2,8.9,Borlido 2019,1,8.9,Borlido 2019
SiP,2.0,consensus of 1 report,1,2,Zhuo 2018
SiP2,1.89,Borlido 2019,2,1.89; 1.89,Borlido 2019; Zhuo 2018
SiSb,1.9,consensus of 1 report,1,1.9,Zhuo 2018
SiSb3,0.0,consensus of 1 report,1,0,Zhuo 2018
SiSe2,1.73,consensus of 3 reports,3,1.72; 1.73; 1.74,Zhuo 2018
SiSn,0.59,consensus of 1 report,2,0.59; 0.59,Zhuo 2018
SiTe2Os,0.0,consensus of 1 report,1,0,Zhuo 2018
SiW3,0.0,consensus of 1 report,1,0,Zhuo 2018
Sm(BOs)2,0.0,consensus of 1 report,1,0,Zhuo 2018
Sm(CoSi)2,0.0,consensus of 1 report,1,0,Zhuo 2018
Sm(CuO2)2,0.0,consensus of 1 report,1,0,Zhuo 2018
Sm(CuS)3,1.82,consensus of 1 report,1,1.82,Zhuo 2018
Sm(CuTe)3,0.23,consensus of 1 report,1,0.23,Zhuo 2018
Sm(ErSe2)3,2.0,consensus of 1 report,1,2,Zhuo 2018
Sm(InS2)3,1.18,consensus of 1 report,1,1.18,Zhuo 2018
Sm(MnGe)2,0.0,consensus of 1 report,1,0,Zhuo 2018
Sm(NiSn)2,0.0,consensus of 1 report,1,0,Zhuo 2018
Sm(SiAg)2,0.0,consensus of 1 report,1,0,Zhuo 2018
Sm(SiNi)2,0.0,consensus of 1 report,1,0,Zhuo 2018
Sm1.82Lu2.18Se6,1.51,consensus of 1 report,1,1.51,Zhuo 2018
Sm2(PPt2)3,0.0,consensus of 1 report,1,0,Zhuo 2018
Sm2(SnSe3)3,0.7,consensus of 1 report,1,0.7,Zhuo 2018
Sm2AgRu,0.0,consensus of 1 report,1,0,Zhuo 2018
Sm2AlCd,0.0,consensus of 1 report,1,0,Zhuo 2018
Sm2Cu4Sn5,0.0,consensus of 1 report,1,0,Zhuo 2018
Sm2CuAs3O,0.0,consensus of 1 report,1,0,Zhuo 2018
Sm2Fe17,0.0,consensus of 1 report,1,0,Zhuo 2018
Sm2IO2,0.0,consensus of 1 report,1,0,Zhuo 2018
Sm2In,0.0,consensus of 1 report,1,0,Zhuo 2018
Sm2IrPd,0.0,consensus of 1 report,1,0,Zhuo 2018
Sm2Mn3(SbS3)4,1.5,consensus of 1 report,1,1.5,Zhuo 2018
Sm2Mo2O7,0.0,consensus of 1 report,1,0,Zhuo 2018
Sm2O3,5.0,consensus of 1 report,1,5,Zhuo 2018
Sm2Pd2Pb,0.0,consensus of 1 report,1,0,Zhuo 2018
Sm2RuAu,0.0,consensus of 1 report,1,0,Zhuo 2018
Sm2S3,2.98,consensus of 2 reports,2,2.96; 3,Zhuo 2018
Sm2Sc3,2.3,consensus of 1 report,1,2.3,Zhuo 2018
Sm2Se3,2.3,consensus of 1 report,1,2.3,Zhuo 2018
Sm2Te3,0.7,consensus of 1 report,1,0.7,Zhuo 2018
Sm2Tl,0.0,consensus of 1 report,1,0,Zhuo 2018
Sm2TlHg,0.0,consensus of 1 report,1,0,Zhuo 2018
Sm2TlZn,0.0,consensus of 1 report,1,0,Zhuo 2018
Sm2ZrSe5,1.41,consensus of 1 report,1,1.41,Zhuo 2018
Sm3(Sb7Te12)2,0.0,consensus of 1 report,1,0,Zhuo 2018
Sm3Al,0.0,consensus of 1 report,1,0,Zhuo 2018
Sm3Al0.33Si1S7,2.26,consensus of 1 report,1,2.26,Zhuo 2018
Sm3AlN,0.0,consensus of 1 report,1,0,Zhuo 2018
Sm3B(SO)3,2.5,consensus of 1 report,1,2.5,Zhuo 2018
Sm3OsO7,0.0,consensus of 1 report,1,0,Zhuo 2018
Sm3Sc,0.0,consensus of 1 report,1,0,Zhuo 2018
Sm3Te4,0.51,consensus of 1 report,1,0.51,Zhuo 2018
Sm3Zr,0.0,consensus of 1 report,1,0,Zhuo 2018
Sm4Al23Ni6,0.0,consensus of 1 report,1,0,Zhuo 2018
Sm4GaSbS9,2.23,consensus of 1 report,1,2.23,Zhuo 2018
Sm4In21Pd10,0.0,consensus of 1 report,1,0,Zhuo 2018
Sm4InSbS9,2.13,consensus of 1 report,1,2.13,Zhuo 2018
Sm4MgRh,0.0,consensus of 1 report,1,0,Zhuo 2018
Sm5Br11,0.0,consensus of 1 report,1,0,Zhuo 2018
Sm6Br13,0.0,consensus of 1 report,1,0,Zhuo 2018
SmAg,0.0,consensus of 1 report,1,0,Zhuo 2018
SmAlCu,0.0,consensus of 1 report,1,0,Zhuo 2018
SmAs,1.03,consensus of 1 report,1,1.03,Zhuo 2018
SmAs2Au,0.0,consensus of 1 report,1,0,Zhuo 2018
SmAu3,0.0,consensus of 1 report,1,0,Zhuo 2018
SmB(SbO4)2,3.54,consensus of 1 report,1,3.54,Zhuo 2018
SmB6,3.5,consensus of 1 report,1,3.5,Zhuo 2018
SmB66,0.8,consensus of 1 report,1,0.8,Zhuo 2018
SmBPd3,0.0,consensus of 1 report,1,0,Zhuo 2018
SmBiW2O9,3.39,consensus of 1 report,1,3.39,Zhuo 2018
SmC10,0.0,consensus of 1 report,1,0,Zhuo 2018
SmCdHg2,0.0,consensus of 1 report,1,0,Zhuo 2018
SmCo2,0.0,consensus of 1 report,1,0,Zhuo 2018
SmCo3B2,0.0,consensus of 1 report,1,0,Zhuo 2018
SmCoC2,0.0,consensus of 1 report,1,0,Zhuo 2018
SmCrGe3,0.0,consensus of 1 report,1,0,Zhuo 2018
SmCuO3,0.0,consensus of 1 report,1,0,Zhuo 2018
SmCuSO,2.9,consensus of 1 report,1,2.9,Zhuo 2018
SmCuSe2,2.1,consensus of 1 report,1,2.1,Zhuo 2018
SmCuSeO,2.6,consensus of 1 report,1,2.6,Zhuo 2018
SmCuSi,0.0,consensus of 1 report,1,0,Zhuo 2018
SmErMg2,0.0,consensus of 1 report,1,0,Zhuo 2018
SmHg3,0.0,consensus of 1 report,1,0,Zhuo 2018
SmHgPd,0.0,consensus of 1 report,1,0,Zhuo 2018
SmHoHg2,0.0,consensus of 1 report,1,0,Zhuo 2018
SmHoZn2,0.0,consensus of 1 report,1,0,Zhuo 2018
SmIn2Rh,0.0,consensus of 1 report,1,0,Zhuo 2018
SmInAu,0.0,consensus of 1 report,1,0,Zhuo 2018
SmLuTl2,0.0,consensus of 1 report,1,0,Zhuo 2018
SmMg3,0.0,consensus of 1 report,1,0,Zhuo 2018
SmMgHg2,0.0,consensus of 1 report,1,0,Zhuo 2018
SmNi2B2C,0.0,consensus of 1 report,1,0,Zhuo 2018
SmNiAs,0.0,consensus of 1 report,1,0,Zhuo 2018
SmNiC2,0.0,consensus of 1 report,1,0,Zhuo 2018
SmP,1.09,consensus of 1 report,1,1.09,Zhuo 2018
SmPbAu,0.0,consensus of 1 report,1,0,Zhuo 2018
SmS,2.3,consensus of 1 report,1,2.3,Zhuo 2018
SmSb,0.59,consensus of 1 report,1,0.59,Zhuo 2018
SmSb2,0.0,consensus of 1 report,1,0,Zhuo 2018
SmSe,0.46,consensus of 1 report,1,0.46,Zhuo 2018
SmSi3Pt5,0.0,consensus of 1 report,1,0,Zhuo 2018
SmSnPd,0.0,consensus of 1 report,1,0,Zhuo 2018
SmSnRh2,0.0,consensus of 1 report,1,0,Zhuo 2018
SmSnTe2,0.52,consensus of 1 report,1,0.52,Zhuo 2018
SmTe,0.35,consensus of 5 reports,5,0.22; 0.32; 0.35; 0.38; 0.62,Zhuo 2018
SmTmZn2,0.0,consensus of 1 report,1,0,Zhuo 2018
Sn,0.09,Borlido 2019,1,0.09,Borlido 2019
Sn(PO3)3,0.0,consensus of 1 report,1,0,Zhuo 2018
Sn0.001Pb0.999Se1,0.28,consensus of 2 reports,2,0.24; 0.32,Zhuo 2018
Sn0.001Te1Pb0.999,0.22,consensus of 4 reports,4,0.18; 0.21; 0.23; 0.32,Zhuo 2018
Sn0.01Pb0.99Se1,0.22,consensus of 5 reports,5,0.16; 0.17; 0.22; 0.26; 0.31,Zhuo 2018
Sn0.01Te1Pb0.99,0.23,consensus of 1 report,1,0.23,Zhuo 2018
Sn0.03Pb0.97Se1,0.25,consensus of 2 reports,2,0.21; 0.29,Zhuo 2018
Sn0.03Te1Pb0.97,0.255,consensus of 2 reports,2,0.21; 0.3,Zhuo 2018
Sn0.05Pb0.95Se1,0.19,consensus of 3 reports,3,0.12; 0.19; 0.22,Zhuo 2018
Sn0.06Pb0.94Se1,0.19,consensus of 4 reports,5,0.14; 0.17; 0.19; 0.22; 0.22,Zhuo 2018
Sn0.06Te1Pb0.94,0.28,consensus of 1 report,1,0.28,Zhuo 2018
Sn0.07Pb0.93Se1,0.08,consensus of 1 report,1,0.08,Zhuo 2018
Sn0.08Pb0.92Se1,0.06,consensus of 1 report,1,0.06,Zhuo 2018
Sn0.08Te0.08Pb0.92Se0.92,0.22,consensus of 1 report,1,0.22,Zhuo 2018
Sn0.08Te1Pb0.92,0.145,consensus of 2 reports,2,0.13; 0.16,Zhuo 2018
Sn0.13Pb0.87Se1,0.02,consensus of 1 report,1,0.02,Zhuo 2018
Sn0.15Pb0.85Se1,0.14,consensus of 3 reports,3,0.13; 0.14; 0.22,Zhuo 2018
Sn0.15Te0.15Pb0.85Se0.85,0.18,consensus of 1 report,1,0.18,Zhuo 2018
Sn0.15Te1Pb0.85,0.14,consensus of 4 reports,4,0.1; 0.13; 0.15; 0.23,Zhuo 2018
Sn0.17Pb0.83Se1,0.04,consensus of 1 report,1,0.04,Zhuo 2018
Sn0.17Te1Pb0.83,0.15,consensus of 1 report,1,0.15,Zhuo 2018
Sn0.1Pb0.9Se1,0.145,consensus of 4 reports,4,0.08; 0.12; 0.17; 0.24,Zhuo 2018
Sn0.1Te1Pb0.9,0.16,consensus of 1 report,1,0.16,Zhuo 2018
Sn0.23Te1Pb0.77,0.04,consensus of 1 report,1,0.04,Zhuo 2018
Sn0.25Pb0.75Se1,0.04,consensus of 1 report,1,0.04,Zhuo 2018
Sn0.25Te1Pb0.75,0.04,consensus of 1 report,1,0.04,Zhuo 2018
Sn0.28Te0.28Pb0.72Se0.72,0.12,consensus of 1 report,1,0.12,Zhuo 2018
Sn0.2Pb0.8Se1,0.06,consensus of 2 reports,3,0.06; 0.06; 0.08,Zhuo 2018
Sn0.2Te0.2Pb0.8Se0.8,0.14,consensus of 1 report,1,0.14,Zhuo 2018
Sn0.2Te1Pb0.8,0.095,consensus of 2 reports,2,0.08; 0.11,Zhuo 2018
Sn0.35Te0.35Pb0.65Se0.65,0.09,consensus of 1 report,1,0.09,Zhuo 2018
Sn0.99Te1Pb0.01,0.28,consensus of 2 reports,2,0.26; 0.3,Zhuo 2018
Sn1Se0.01S0.99,1.095,consensus of 2 reports,2,1.08; 1.11,Zhuo 2018
Sn1Se0.2S0.8,1.05,consensus of 2 reports,2,1.03; 1.07,Zhuo 2018
Sn1Se0.6S0.4,1.0,consensus of 2 reports,2,0.98; 1.02,Zhuo 2018
Sn1Se0.75S0.25,0.965,consensus of 2 reports,2,0.94; 0.99,Zhuo 2018
Sn1Se0.99S0.01,0.92,consensus of 2 reports,2,0.89; 0.95,Zhuo 2018
Sn2BiS2I3,1.06,consensus of 2 reports,2,0.9; 1.22,Zhuo 2018
Sn2BiSI5,1.32,consensus of 1 report,1,1.32,Zhuo 2018
Sn2S,0.9,consensus of 2 reports,2,0.85; 0.95,Zhuo 2018
Sn2SbS2I3,1.5,Borlido 2019,2,1.5; 1.5,Borlido 2019; Zhuo 2018
Sn2WO5,2.6,consensus of 1 report,1,2.6,Zhuo 2018
Sn3As2,0.47,consensus of 1 report,1,0.47,Zhuo 2018
Sn3Ir2Se3,0.43,consensus of 1 report,1,0.43,Zhuo 2018
Sn3P3O13,0.0,consensus of 1 report,1,0,Zhuo 2018
Sn3Pd,0.0,consensus of 1 report,1,0,Zhuo 2018
Sn3WO6,2.49,consensus of 1 report,1,2.49,Zhuo 2018
Sn5(BIr3)2,0.0,consensus of 1 report,1,0,Zhuo 2018
Sn5(BRh3)2,0.0,consensus of 1 report,1,0,Zhuo 2018
SnAs3,0.0,consensus of 1 report,1,0,Zhuo 2018
SnB,0.0,consensus of 1 report,1,0,Zhuo 2018
SnBr2,3.45,Borlido 2019,3,3.4; 3.45; 3.5,Borlido 2019; Zhuo 2018
SnCl2,3.8,Borlido 2019,2,3.8; 3.9,Borlido 2019; Zhuo 2018
SnGe,0.8,consensus of 2 reports,3,0.4; 0.8; 0.8,Zhuo 2018
SnGeS3,2.23,consensus of 1 report,1,2.23,Zhuo 2018
SnH5CBr3N2,2.63,curated literature,1,2.63,curated literature
SnH5CI3N2,1.24,curated literature,1,1.24,curated literature
SnH5CN2Cl3,3.55,curated literature,1,3.55,curated literature
SnH6CBr3N,2.13,curated literature,1,2.13,curated literature
SnH6CI3N,1.24,curated literature,1,1.24,curated literature
SnH6CNCl3,3.5,curated literature,1,3.5,curated literature
SnHgO3,1.6,Borlido 2019,2,1.6; 1.6,Borlido 2019; Zhuo 2018
SnI2,2.4,consensus of 1 report,1,2.4,Zhuo 2018
SnI4,2.38,consensus of 1 report,1,2.38,Zhuo 2018
SnO,3.0,consensus of 1 report,1,3,Zhuo 2018
SnO2,3.6,Borlido 2019,2,3.6; 3.6,Borlido 2019; Zhuo 2018
SnPbS3,0.975,consensus of 2 reports,2,0.9; 1.05,Zhuo 2018
SnPt3C,0.0,consensus of 1 report,1,0,Zhuo 2018
SnRh,0.0,consensus of 1 report,1,0,Zhuo 2018
SnS,1.23,Borlido 2019,12,1.07; 1.08; 1.09; 1.1; 1.18; 1.2; 1.22; 1.23; 1.25; 1.26; 1.3; 1.42,Borlido 2019; Zhuo 2018
SnS2,2.48,Borlido 2019,2,2.43; 2.48,Borlido 2019; Zhuo 2018
SnSb3(PO4)4,0.0,consensus of 1 report,1,0,Zhuo 2018
SnSe,0.9,Borlido 2019,10,0.88; 0.9; 0.9; 0.9; 0.91; 0.94; 0.95; 0.95; 1.2; 1.3,Borlido 2019; Zhuo 2018
SnSe2,0.97,Borlido 2019,2,0.97; 1.62,Borlido 2019; Zhuo 2018
SnTe,0.36,Borlido 2019,4,0.3; 0.33; 0.36; 0.36,Borlido 2019; Zhuo 2018
Sr(CeS2)2,0.0,consensus of 1 report,1,0,Zhuo 2018
Sr(CeSe2)2,0.0,consensus of 1 report,1,0,Zhuo 2018
Sr(CoP)2,0.0,consensus of 1 report,1,0,Zhuo 2018
Sr(CuO)2,3.3,Borlido 2019,1,3.3,Borlido 2019
Sr(GaAu)2,0.0,consensus of 1 report,1,0,Zhuo 2018
Sr(In4Rh)2,0.0,consensus of 1 report,1,0,Zhuo 2018
Sr(LaS2)2,2.85,consensus of 1 report,1,2.85,Zhuo 2018
Sr(NdS2)2,2.45,consensus of 1 report,1,2.45,Zhuo 2018
Sr(PrS2)2,2.7,consensus of 1 report,1,2.7,Zhuo 2018
Sr(RuO3)2,0.0,consensus of 1 report,1,0,Zhuo 2018
Sr(Sb3Ru)4,0.0,consensus of 1 report,1,0,Zhuo 2018
Sr(YbS2)2,0.0,consensus of 1 report,1,0,Zhuo 2018
Sr0.5Ta1O3,3.7,consensus of 1 report,1,3.7,Zhuo 2018
Sr10Al4Si6O,0.0,consensus of 1 report,1,0,Zhuo 2018
Sr2Be2B2O7,8.0,consensus of 1 report,1,8,Zhuo 2018
Sr2Co2O5,0.0,consensus of 1 report,1,0,Zhuo 2018
Sr2CoReO6,0.0,consensus of 1 report,1,0,Zhuo 2018
Sr2Cu(ClO)2,0.0,consensus of 1 report,1,0,Zhuo 2018
Sr2GaCo2O7,0.0,consensus of 1 report,1,0,Zhuo 2018
Sr2GeN2,0.0,consensus of 1 report,1,0,Zhuo 2018
Sr2HoRuO6,0.0,consensus of 1 report,1,0,Zhuo 2018
Sr2La2.58Bi5.42S14,1.0,consensus of 1 report,1,1,Zhuo 2018
Sr2La2Pt1O7.13,2.52,consensus of 1 report,1,2.52,Zhuo 2018
Sr2Li2Nb3O10,0.0,consensus of 1 report,1,0,Zhuo 2018
Sr2MgIrO6,0.0,consensus of 1 report,1,0,Zhuo 2018
Sr2MgReO6,0.0,consensus of 1 report,1,0,Zhuo 2018
Sr2PbO4,1.75,Borlido 2019,1,1.75,Borlido 2019
Sr2Pr2Pt1O7.07,3.05,consensus of 1 report,1,3.05,Zhuo 2018
Sr2ScSbO6,3.57,consensus of 1 report,1,3.57,Zhuo 2018
Sr2SmTaO6,3.38,consensus of 1 report,1,3.38,Zhuo 2018
Sr2TiO4,3.41,Borlido 2019,2,3.41; 3.41,Borlido 2019; Zhuo 2018
Sr2V2(SeO5)3,2.96,consensus of 1 report,1,2.96,Zhuo 2018
Sr2V3Se5O18,2.47,consensus of 1 report,1,2.47,Zhuo 2018
Sr2YBi2O7,0.0,consensus of 1 report,1,0,Zhuo 2018
Sr2YReO6,0.0,consensus of 1 report,1,0,Zhuo 2018
Sr2ZnReO6,0.0,consensus of 1 report,1,0,Zhuo 2018
Sr3(AlSn)2,0.0,consensus of 1 report,1,0,Zhuo 2018
Sr3(SnIr)4,0.0,consensus of 1 report,1,0,Zhuo 2018
Sr3Bi(PO4)3,4.0,consensus of 1 report,1,4,Zhuo 2018
Sr3BiN,0.89,Borlido 2019,1,0.89,Borlido 2019
Sr3Co2S2O5,0.0,consensus of 1 report,1,0,Zhuo 2018
Sr3Eu(PO4)3,3.99,consensus of 1 report,1,3.99,Zhuo 2018
Sr3Ge(SbSe4)2,0.75,consensus of 1 report,1,0.75,Zhuo 2018
Sr3Li4La5O12,0.0,consensus of 1 report,1,0,Zhuo 2018
Sr3Sb2,0.0,consensus of 1 report,1,0,Zhuo 2018
Sr3SbN,1.15,Borlido 2019,1,1.15,Borlido 2019
Sr3ScNiO6,0.0,consensus of 1 report,1,0,Zhuo 2018
Sr3Se3ClO8,4.4,consensus of 1 report,1,4.4,Zhuo 2018
Sr3Ti2O7,3.26,Borlido 2019,2,3.26; 3.26,Borlido 2019; Zhuo 2018
Sr4Ga8Ge15,0.05,consensus of 1 report,1,0.05,Zhuo 2018
Sr4Te3(ClO2)4,4.0,consensus of 1 report,1,4,Zhuo 2018
Sr4V2(Se2O7)3,2.66,consensus of 1 report,1,2.66,Zhuo 2018
Sr5Bi3,0.0,consensus of 1 report,1,0,Zhuo 2018
Sr5Cd2Sb5F,0.0,consensus of 1 report,1,0,Zhuo 2018
Sr5Sn3,0.0,consensus of 1 report,1,0,Zhuo 2018
Sr5V3O12F,4.5,consensus of 1 report,1,4.5,Zhuo 2018
Sr6Nb7O21,0.0,consensus of 1 report,1,0,Zhuo 2018
Sr7Bi23O40,0.0,consensus of 1 report,1,0,Zhuo 2018
Sr8(MnN3)3,0.0,consensus of 1 report,1,0,Zhuo 2018
Sr8.007Ge2.043Bi7.949Se24,0.74,consensus of 1 report,1,0.74,Zhuo 2018
Sr8Al7,0.0,consensus of 1 report,1,0,Zhuo 2018
Sr8Co8O23,0.0,consensus of 1 report,1,0,Zhuo 2018
Sr8Fe3N8,0.0,consensus of 1 report,1,0,Zhuo 2018
SrAg,0.0,consensus of 1 report,1,0,Zhuo 2018
SrAl,0.0,consensus of 1 report,1,0,Zhuo 2018
SrB2,0.0,consensus of 1 report,1,0,Zhuo 2018
SrBiClO2,3.52,Borlido 2019,2,3.52; 3.52,Borlido 2019; Zhuo 2018
SrCd,0.0,consensus of 1 report,1,0,Zhuo 2018
SrCdSi,0.0,consensus of 1 report,1,0,Zhuo 2018
SrCl2,7.5,Borlido 2019,1,7.5,Borlido 2019
SrCrO4,2.45,Borlido 2019,2,2.45; 2.45,Borlido 2019; Zhuo 2018
SrCuBi,0.0,consensus of 1 report,1,0,Zhuo 2018
SrF2,9.6,Borlido 2019,1,9.6,Borlido 2019
SrGe2,0.82,Borlido 2019,2,0.82; 0.9,Borlido 2019; Zhuo 2018
SrIn2,0.0,consensus of 1 report,1,0,Zhuo 2018
SrIn2(GeIr)4,0.25,consensus of 1 report,1,0.25,Zhuo 2018
SrIn2Ir,0.0,consensus of 1 report,1,0,Zhuo 2018
SrIn2Rh,0.0,consensus of 1 report,1,0,Zhuo 2018
SrIn4Ir,0.0,consensus of 1 report,1,0,Zhuo 2018
SrIn4Pt,0.0,consensus of 1 report,1,0,Zhuo 2018
SrLa3MnO8,0.0,consensus of 1 report,1,0,Zhuo 2018
SrLaMn2O6,0.0,consensus of 1 report,1,0,Zhuo 2018
SrLi2Sn,0.0,consensus of 1 report,1,0,Zhuo 2018
SrLi4(BO3)2,6.67,consensus of 1 report,1,6.67,Zhuo 2018
SrMgIn3,0.0,consensus of 1 report,1,0,Zhuo 2018
SrMgSnSe4,2.0,consensus of 1 report,1,2,Zhuo 2018
SrMnGe,0.0,consensus of 1 report,1,0,Zhuo 2018
SrMoO4,3.98,Borlido 2019,1,3.98,Borlido 2019
SrN2,0.0,consensus of 1 report,1,0,Zhuo 2018
SrNi2(PO4)2,0.0,consensus of 1 report,1,0,Zhuo 2018
SrNi5As3,0.0,consensus of 1 report,1,0,Zhuo 2018
SrO,6.1,Borlido 2019,3,5.7; 5.77; 6.1,Borlido 2019; Zhuo 2018
SrPb3,0.0,consensus of 1 report,1,0,Zhuo 2018
SrPb3Br8,3.2,consensus of 1 report,1,3.2,Zhuo 2018
SrPbO3,1.78,Borlido 2019,2,1.78; 1.78,Borlido 2019; Zhuo 2018
SrRhF6,0.0,consensus of 1 report,1,0,Zhuo 2018
SrS,4.32,Borlido 2019,3,4.32; 4.76; 4.8,Borlido 2019; Zhuo 2018
SrSbAu,0.0,consensus of 1 report,1,0,Zhuo 2018
SrSe,3.81,Borlido 2019,2,3.81; 4.42,Borlido 2019; Zhuo 2018
SrSeO4,4.75,Borlido 2019,2,4.75; 4.75,Borlido 2019; Zhuo 2018
SrSiPd,0.0,consensus of 1 report,1,0,Zhuo 2018
SrSnO3,4.1,Borlido 2019,2,4.1; 4.1,Borlido 2019; Zhuo 2018
SrSnP,0.0,consensus of 1 report,1,0,Zhuo 2018
SrTaNO2,1.99,Borlido 2019,2,1.99; 1.99,Borlido 2019; Zhuo 2018
SrTe,3.75,consensus of 2 reports,2,3.73; 3.77,Zhuo 2018
SrTiO3,3.25,Borlido 2019,5,3; 3.15; 3.25; 3.4; 4.1,Borlido 2019; Zhuo 2018
SrTl2,0.0,consensus of 1 report,1,0,Zhuo 2018
SrTlHg2,0.0,consensus of 1 report,1,0,Zhuo 2018
SrV13O18,0.0,consensus of 1 report,1,0,Zhuo 2018
SrZnSO,3.1,consensus of 1 report,1,3.1,Zhuo 2018
SrZnSb2,0.0,consensus of 1 report,1,0,Zhuo 2018
SrZr2Nb,0.0,consensus of 1 report,1,0,Zhuo 2018
SrZrS3,1.0,Borlido 2019,3,0.8; 1; 1,Borlido 2019; Zhuo 2018
Ta11(CuO15)2,2.59,consensus of 1 report,1,2.59,Zhuo 2018
Ta11(CuO6)5,2.58,consensus of 1 report,1,2.58,Zhuo 2018
Ta22(CuS12)3,0.0,consensus of 1 report,1,0,Zhuo 2018
Ta2Mn3O8,1.89,consensus of 1 report,1,1.89,Zhuo 2018
Ta2MoOs,0.0,consensus of 1 report,1,0,Zhuo 2018
Ta2N,0.0,consensus of 1 report,1,0,Zhuo 2018
Ta2Nb3O12,0.0,consensus of 1 report,1,0,Zhuo 2018
Ta2O5,4.2,consensus of 1 report,1,4.2,Zhuo 2018
Ta2OsW,0.0,consensus of 1 report,1,0,Zhuo 2018
Ta2PtSe7,0.0,consensus of 1 report,1,0,Zhuo 2018
Ta2TiN3,0.0,consensus of 1 report,1,0,Zhuo 2018
Ta2Tl4S11,1.26,consensus of 1 report,1,1.26,Zhuo 2018
Ta2TlO6,0.0,consensus of 1 report,1,0,Zhuo 2018
Ta3B4,0.0,consensus of 1 report,1,0,Zhuo 2018
Ta3P,0.0,consensus of 1 report,1,0,Zhuo 2018
Ta4AlC3,0.0,consensus of 1 report,1,0,Zhuo 2018
Ta4Cu2O11,2.65,consensus of 2 reports,2,2.6; 2.7,Zhuo 2018
Ta4FeTe4,0.0,consensus of 1 report,1,0,Zhuo 2018
Ta4N5,0.0,consensus of 1 report,1,0,Zhuo 2018
Ta5N6,0.0,consensus of 1 report,1,0,Zhuo 2018
Ta6Be15Cu8,0.0,consensus of 1 report,1,0,Zhuo 2018
Ta6Ni16Ge7,0.0,consensus of 1 report,1,0,Zhuo 2018
Ta7Cu3O19,2.47,consensus of 1 report,1,2.47,Zhuo 2018
TaAl3,0.0,consensus of 1 report,1,0,Zhuo 2018
TaAlPt,0.0,consensus of 1 report,1,0,Zhuo 2018
TaAs,0.0,consensus of 1 report,1,0,Zhuo 2018
TaBe2,0.0,consensus of 1 report,1,0,Zhuo 2018
TaCoSn2,0.0,consensus of 1 report,1,0,Zhuo 2018
TaCu3S4,3.0,consensus of 1 report,1,3,Zhuo 2018
TaCuN2,1.5,Borlido 2019,1,1.5,Borlido 2019
TaGaPt,0.0,consensus of 1 report,1,0,Zhuo 2018
TaGaS2,2.495,consensus of 6 reports,6,2.4; 2.45; 2.46; 2.53; 2.54; 2.56,Zhuo 2018
TaGaSe2,2.15,consensus of 5 reports,5,2.03; 2.12; 2.15; 2.17; 2.23,Zhuo 2018
TaInNi,0.0,consensus of 1 report,1,0,Zhuo 2018
TaNO,2.4,Borlido 2019,3,2.4; 2.4; 2.8,Borlido 2019; Zhuo 2018
TaNiB2,0.0,consensus of 1 report,1,0,Zhuo 2018
TaPd3,0.0,consensus of 1 report,1,0,Zhuo 2018
TaPt3,0.0,consensus of 1 report,1,0,Zhuo 2018
TaRh3,0.0,consensus of 1 report,1,0,Zhuo 2018
TaTiFe2,0.0,consensus of 1 report,1,0,Zhuo 2018
TaTl3S4,2.44,consensus of 2 reports,2,2.18; 2.7,Zhuo 2018
TaTlS3,0.78,Borlido 2019,2,0.78; 0.78,Borlido 2019; Zhuo 2018
TaW3,0.0,consensus of 1 report,1,0,Zhuo 2018
Tb(Al2Fe)4,0.0,consensus of 1 report,1,0,Zhuo 2018
Tb(AlC)3,0.0,consensus of 1 report,1,0,Zhuo 2018
Tb(CoB)2,0.0,consensus of 1 report,1,0,Zhuo 2018
Tb(CoGe)2,0.0,consensus of 1 report,1,0,Zhuo 2018
Tb(CuSe)3,0.16,consensus of 1 report,1,0.16,Zhuo 2018
Tb(CuTe)3,0.46,consensus of 1 report,1,0.46,Zhuo 2018
Tb(FeP3)4,0.0,consensus of 1 report,1,0,Zhuo 2018
Tb(GePd)2,0.0,consensus of 1 report,1,0,Zhuo 2018
Tb(GeRh)2,0.0,consensus of 1 report,1,0,Zhuo 2018
Tb(InS2)3,1.2,consensus of 1 report,1,1.2,Zhuo 2018
Tb(MnGe)6,0.0,consensus of 1 report,1,0,Zhuo 2018
Tb(Ni2P)2,0.0,consensus of 1 report,1,0,Zhuo 2018
Tb0.52Pr2.48Ga1.67S7,2.61,consensus of 1 report,1,2.61,Zhuo 2018
Tb10B7C10,0.0,consensus of 1 report,1,0,Zhuo 2018
Tb11S16,0.0,consensus of 1 report,1,0,Zhuo 2018
Tb2(MoO4)3,1.505,consensus of 2 reports,2,1.41; 1.6,Zhuo 2018
Tb2AlCo2,0.0,consensus of 1 report,1,0,Zhuo 2018
Tb2C3,0.0,consensus of 1 report,1,0,Zhuo 2018
Tb2EuSe4,2.0,consensus of 1 report,1,2,Zhuo 2018
Tb2GeS5,2.1,consensus of 1 report,1,2.1,Zhuo 2018
Tb2In16Pt7,0.0,consensus of 1 report,1,0,Zhuo 2018
Tb2Sb5,0.0,consensus of 1 report,1,0,Zhuo 2018
Tb2SbO2,0.0,consensus of 1 report,1,0,Zhuo 2018
Tb2Ti3Ge4,0.0,consensus of 1 report,1,0,Zhuo 2018
Tb3(MnC3)2,0.0,consensus of 1 report,1,0,Zhuo 2018
Tb3FeB7,0.0,consensus of 1 report,1,0,Zhuo 2018
Tb3Ge5,0.0,consensus of 1 report,1,0,Zhuo 2018
Tb3Ni13B2,0.0,consensus of 1 report,1,0,Zhuo 2018
Tb3ReO7,0.0,consensus of 1 report,1,0,Zhuo 2018
Tb3Si,0.0,consensus of 1 report,1,0,Zhuo 2018
Tb4Al2O9,4.59,consensus of 1 report,1,4.59,Zhuo 2018
Tb4GaSbS9,2.44,consensus of 1 report,1,2.44,Zhuo 2018
Tb5Ti5O17,0.0,consensus of 1 report,1,0,Zhuo 2018
Tb5Tl3,0.0,consensus of 1 report,1,0,Zhuo 2018
Tb6PbSe10,0.0,consensus of 1 report,1,0,Zhuo 2018
TbB(SbO4)2,3.53,consensus of 1 report,1,3.53,Zhuo 2018
TbBRh3,0.0,consensus of 1 report,1,0,Zhuo 2018
TbBe13,0.0,consensus of 1 report,1,0,Zhuo 2018
TbCl,0.0,consensus of 1 report,1,0,Zhuo 2018
TbCo2,0.0,consensus of 1 report,1,0,Zhuo 2018
TbCu5,0.0,consensus of 1 report,1,0,Zhuo 2018
TbGa,0.0,consensus of 1 report,1,0,Zhuo 2018
TbGa2Co3,0.0,consensus of 1 report,1,0,Zhuo 2018
TbGa3,0.0,consensus of 1 report,1,0,Zhuo 2018
TbH2,0.0,consensus of 1 report,1,0,Zhuo 2018
TbHg2,0.0,consensus of 1 report,1,0,Zhuo 2018
TbIn2Ni,0.0,consensus of 1 report,1,0,Zhuo 2018
TbInAg2,0.0,consensus of 1 report,1,0,Zhuo 2018
TbInIr,0.0,consensus of 1 report,1,0,Zhuo 2018
TbMn5Ge3,0.0,consensus of 1 report,1,0,Zhuo 2018
TbNi5,0.0,consensus of 1 report,1,0,Zhuo 2018
TbNiGe2,0.0,consensus of 1 report,1,0,Zhuo 2018
TbNiO3,0.0,consensus of 1 report,1,0,Zhuo 2018
TbP,0.0,consensus of 1 report,1,0,Zhuo 2018
TbPt,0.0,consensus of 1 report,1,0,Zhuo 2018
TbRh2,0.0,consensus of 1 report,1,0,Zhuo 2018
TbSb2,0.0,consensus of 1 report,1,0,Zhuo 2018
TbSe2,0.0,consensus of 1 report,1,0,Zhuo 2018
TbSnAu,0.0,consensus of 1 report,1,0,Zhuo 2018
TbTe,0.0,consensus of 1 report,1,0,Zhuo 2018
TbTl,0.0,consensus of 1 report,1,0,Zhuo 2018
TbWClO4,4.24,consensus of 1 report,1,4.24,Zhuo 2018
TbYHg2,0.0,consensus of 1 report,1,0,Zhuo 2018
TbYbHg2,0.0,consensus of 1 report,1,0,Zhuo 2018
TbYbRh2,0.0,consensus of 1 report,1,0,Zhuo 2018
TbZn2,0.0,consensus of 1 report,1,0,Zhuo 2018
TbZrSb,0.0,consensus of 1 report,1,0,Zhuo 2018
Te0.01Pb1Se0.99,0.26,consensus of 1 report,1,0.26,Zhuo 2018
Te0.05Pb1Se0.95,0.26,consensus of 1 report,1,0.26,Zhuo 2018
Te0.4Se0.6,1.2,consensus of 1 report,1,1.2,Zhuo 2018
Te0.5Pb1Se0.5,0.29,consensus of 1 report,1,0.29,Zhuo 2018
Te0.5Se0.5,1.0,consensus of 1 report,1,1,Zhuo 2018
Te0.6Se0.4,0.7,consensus of 1 report,1,0.7,Zhuo 2018
Te0.8Se0.2,0.4,consensus of 1 report,1,0.4,Zhuo 2018
Te0.99Pb1Se0.01,0.3,consensus of 1 report,1,0.3,Zhuo 2018
Te2Au,0.0,consensus of 1 report,1,0,Zhuo 2018
Te2Mo,1.03,Borlido 2019,4,1.03; 1.08; 1.1; 1.2,Borlido 2019; Zhuo 2018
Te2Mo(WS2)3,0.0,consensus of 1 report,1,0,Zhuo 2018
Te2Mo2WSe4,0.0,consensus of 1 report,1,0,Zhuo 2018
Te2Mo3Se4,0.0,consensus of 1 report,1,0,Zhuo 2018
Te2MoWS2,0.0,consensus of 1 report,1,0,Zhuo 2018
Te2Os,0.3,consensus of 1 report,1,0.3,Zhuo 2018
Te2Pd,1.8,consensus of 1 report,1,1.8,Zhuo 2018
Te2Pd3,0.0,consensus of 1 report,1,0,Zhuo 2018
Te2Pd3Pb2,0.0,consensus of 1 report,1,0,Zhuo 2018
Te2Ru,0.49,Borlido 2019,2,0.25; 0.49,Borlido 2019; Zhuo 2018
Te2W2SeS,0.0,consensus of 1 report,1,0,Zhuo 2018
Te3As2,0.9,Borlido 2019,9,0.9; 1.59; 1.62; 1.63; 1.64; 1.68; 1.72; 1.75; 1.76,Borlido 2019; Zhuo 2018
Te3MoWS,0.0,consensus of 1 report,1,0,Zhuo 2018
Te4Mo(WS)2,0.0,consensus of 1 report,1,0,Zhuo 2018
Te4MoW3S4,0.0,consensus of 1 report,1,0,Zhuo 2018
TeAs,0.74,consensus of 1 report,1,0.74,Zhuo 2018
TeI,1.1,consensus of 1 report,1,1.1,Zhuo 2018
TeI4,1.1,consensus of 1 report,1,1.1,Zhuo 2018
TeMoSe,0.0,consensus of 1 report,1,0,Zhuo 2018
TeO2,3.455,Borlido 2019,3,3; 3.41; 3.5,Borlido 2019; Zhuo 2018
TePb,0.19,Borlido 2019,19,0.19; 0.19; 0.19; 0.19; 0.19; 0.19; 0.21; 0.22; 0.22; 0.25; 0.29; 0.3; 0.31; 0.31; 0.32; 0.33; 0.34; 0.36; 0.62,Borlido 2019; Zhuo 2018
TePb3Cl4O3,3.79,consensus of 1 report,1,3.79,Zhuo 2018
TePd,0.0,consensus of 1 report,1,0,Zhuo 2018
TeSe,1.58,consensus of 1 report,1,1.58,Zhuo 2018
TeSe3,1.87,consensus of 2 reports,3,1.4; 1.87; 1.87,Zhuo 2018
TeWCl9,0.0,consensus of 1 report,1,0,Zhuo 2018
Ti(Bi3O5)4,3.09,consensus of 1 report,1,3.09,Zhuo 2018
Ti10O11,0.0,consensus of 1 report,1,0,Zhuo 2018
Ti11O18,0.0,consensus of 1 report,1,0,Zhuo 2018
Ti13S24,0.0,consensus of 1 report,1,0,Zhuo 2018
Ti1C0.9,0.3,consensus of 1 report,1,0.3,Zhuo 2018
Ti20(Sb3Se)3,0.0,consensus of 1 report,1,0,Zhuo 2018
Ti2AlV,0.0,consensus of 1 report,1,0,Zhuo 2018
Ti2B,0.0,consensus of 1 report,1,0,Zhuo 2018
Ti2BRh6,0.0,consensus of 1 report,1,0,Zhuo 2018
Ti2Be17,0.0,consensus of 1 report,1,0,Zhuo 2018
Ti2C,0.0,consensus of 1 report,1,0,Zhuo 2018
Ti2Cd,0.0,consensus of 1 report,1,0,Zhuo 2018
Ti2CoGe,0.0,consensus of 1 report,1,0,Zhuo 2018
Ti2CoS4,0.0,consensus of 1 report,1,0,Zhuo 2018
Ti2CuS4,0.0,consensus of 1 report,1,0,Zhuo 2018
Ti2MnFe,0.0,consensus of 1 report,1,0,Zhuo 2018
Ti2NiH,0.0,consensus of 1 report,1,0,Zhuo 2018
Ti2NiSe4,0.0,consensus of 1 report,1,0,Zhuo 2018
Ti2OsRu,0.0,consensus of 1 report,1,0,Zhuo 2018
Ti2RePd,0.0,consensus of 1 report,1,0,Zhuo 2018
Ti2ReRh,0.0,consensus of 1 report,1,0,Zhuo 2018
Ti2ReRu,0.0,consensus of 1 report,1,0,Zhuo 2018
Ti2Sb(PO4)3,0.0,consensus of 1 report,1,0,Zhuo 2018
Ti2ZnS4,0.0,consensus of 1 report,1,0,Zhuo 2018
Ti3Be,0.0,consensus of 1 report,1,0,Zhuo 2018
Ti3Cu3O,0.0,consensus of 1 report,1,0,Zhuo 2018
Ti3Fe3O,0.0,consensus of 1 report,1,0,Zhuo 2018
Ti3PO7,0.0,consensus of 1 report,1,0,Zhuo 2018
Ti3Pt5,0.0,consensus of 1 report,1,0,Zhuo 2018
Ti3SnC2,0.0,consensus of 1 report,1,0,Zhuo 2018
Ti4NiBi2,0.0,consensus of 1 report,1,0,Zhuo 2018
Ti4O5,0.0,consensus of 1 report,1,0,Zhuo 2018
Ti4ZnO8,0.0,consensus of 1 report,1,0,Zhuo 2018
Ti5(B6O13)2,0.0,consensus of 1 report,1,0,Zhuo 2018
Ti5Zn4(TeO6)3,0.0,consensus of 1 report,1,0,Zhuo 2018
Ti5ZnO7,0.0,consensus of 1 report,1,0,Zhuo 2018
Ti6H2O13,3.4,consensus of 1 report,1,3.4,Zhuo 2018
Ti9O10,0.0,consensus of 1 report,1,0,Zhuo 2018
Ti9O8,0.0,consensus of 1 report,1,0,Zhuo 2018
TiAl,0.0,consensus of 1 report,1,0,Zhuo 2018
TiAlAu2,0.0,consensus of 1 report,1,0,Zhuo 2018
TiAsRh,0.0,consensus of 1 report,1,0,Zhuo 2018
TiAuCl,0.0,consensus of 1 report,1,0,Zhuo 2018
TiBi25O39,3.1,consensus of 1 report,1,3.1,Zhuo 2018
TiBr2,0.0,consensus of 1 report,1,0,Zhuo 2018
TiC,0.0,consensus of 1 report,1,0,Zhuo 2018
TiCoGe,0.0,consensus of 1 report,1,0,Zhuo 2018
TiCoSb,0.95,consensus of 1 report,1,0.95,Zhuo 2018
TiCoSn,0.0,consensus of 1 report,1,0,Zhuo 2018
TiCr3(PO4)6,0.0,consensus of 1 report,1,0,Zhuo 2018
TiFe2,0.0,consensus of 1 report,1,0,Zhuo 2018
TiFe2As,0.0,consensus of 1 report,1,0,Zhuo 2018
TiFe2Sb,0.0,consensus of 1 report,1,0,Zhuo 2018
TiFe2Si,0.4,consensus of 1 report,1,0.4,Zhuo 2018
TiFeH2,0.0,consensus of 1 report,1,0,Zhuo 2018
TiGaIr2,0.0,consensus of 1 report,1,0,Zhuo 2018
TiI,0.0,consensus of 1 report,1,0,Zhuo 2018
TiMn2Al,0.0,consensus of 1 report,1,0,Zhuo 2018
TiMn2Ge,0.0,consensus of 1 report,1,0,Zhuo 2018
TiNiSb,0.42,consensus of 1 report,1,0.42,Zhuo 2018
TiO2,3.165,Borlido 2019,3,3.03; 3.3; 3.3,Borlido 2019; Zhuo 2018
TiOs3,0.0,consensus of 1 report,1,0,Zhuo 2018
TiPO4,0.0,consensus of 1 report,1,0,Zhuo 2018
TiPd,0.0,consensus of 1 report,1,0,Zhuo 2018
TiReN3,0.0,consensus of 1 report,1,0,Zhuo 2018
TiS2,1.95,consensus of 1 report,1,1.95,Zhuo 2018
TiS3,0.9,consensus of 1 report,1,0.9,Zhuo 2018
TiSe,0.0,consensus of 1 report,1,0,Zhuo 2018
TiSe2,1.55,consensus of 1 report,1,1.55,Zhuo 2018
TiTe2,1.0,consensus of 1 report,1,1,Zhuo 2018
TiTlPS5,1.3,Borlido 2019,2,1.3; 1.3,Borlido 2019; Zhuo 2018
TiTlS2,1.0,consensus of 1 report,1,1,Zhuo 2018
TiTlSe2,0.56,consensus of 1 report,1,0.56,Zhuo 2018
TiV4CuO12,0.0,consensus of 1 report,1,0,Zhuo 2018
TiZn3,0.0,consensus of 1 report,1,0,Zhuo 2018
Tl(Cu3S2)2,0.0,consensus of 1 report,1,0,Zhuo 2018
Tl(MoSe)3,0.0,consensus of 1 report,1,0,Zhuo 2018
Tl(WO3)3,0.0,consensus of 1 report,1,0,Zhuo 2018
Tl0.001Te1Pb0.999,0.3,consensus of 1 report,1,0.3,Zhuo 2018
Tl0.005Te1Pb0.995,0.48,consensus of 1 report,1,0.48,Zhuo 2018
Tl0.01Te1Pb0.99,0.59,consensus of 1 report,1,0.59,Zhuo 2018
Tl0.04Te1Pb0.96,0.57,consensus of 1 report,1,0.57,Zhuo 2018
Tl0.07Te1Pb0.93,0.54,consensus of 1 report,1,0.54,Zhuo 2018
Tl16O15F17,0.0,consensus of 1 report,1,0,Zhuo 2018
Tl2.35Sb8.65Se14,0.6,consensus of 1 report,1,0.6,Zhuo 2018
Tl2BiP2S7,1.8,consensus of 1 report,1,1.8,Zhuo 2018
Tl2CdTe4,0.0,consensus of 1 report,1,0,Zhuo 2018
Tl2Cu2SnS4,1.4,Borlido 2019,2,1.4; 1.4,Borlido 2019; Zhuo 2018
Tl2GeTe3,0.365,consensus of 2 reports,2,0.36; 0.37,Zhuo 2018
Tl2Hg3S4,2.05,consensus of 1 report,1,2.05,Zhuo 2018
Tl2Hg3Se4,1.57,consensus of 1 report,1,1.57,Zhuo 2018
Tl2Hg3Te4,0.9,consensus of 1 report,1,0.9,Zhuo 2018
Tl2InGaSe4,2.05,consensus of 1 report,1,2.05,Zhuo 2018
Tl2InGaTe4,0.88,consensus of 1 report,1,0.88,Zhuo 2018
Tl2Mo7O22,0.0,consensus of 1 report,1,0,Zhuo 2018
Tl2O3,2.25,consensus of 1 report,1,2.25,Zhuo 2018
Tl2PAuS4,2.2,Borlido 2019,2,2.2; 2.2,Borlido 2019; Zhuo 2018
Tl2S,1.0,consensus of 1 report,1,1,Zhuo 2018
Tl2Se,0.37,consensus of 1 report,1,0.37,Zhuo 2018
Tl2Te3,0.6,consensus of 4 reports,4,0.48; 0.51; 0.69; 0.7,Zhuo 2018
Tl2Te3As2Se,0.67,consensus of 1 report,1,0.67,Zhuo 2018
Tl2TeBr6,2.06,Borlido 2019,2,2.06; 2.06,Borlido 2019; Zhuo 2018
Tl2TeI6,1.47,Borlido 2019,3,1.47; 1.47; 1.5,Borlido 2019; Zhuo 2018
Tl2TeS3,1.6,Borlido 2019,2,1.6; 1.6,Borlido 2019; Zhuo 2018
Tl3AsSe3,1.3,Borlido 2019,2,1.3; 1.3,Borlido 2019; Zhuo 2018
Tl3Cr,0.0,consensus of 1 report,1,0,Zhuo 2018
Tl3Ir,0.0,consensus of 1 report,1,0,Zhuo 2018
Tl3Pb,0.0,consensus of 1 report,1,0,Zhuo 2018
Tl3Si,0.0,consensus of 1 report,1,0,Zhuo 2018
Tl3VS4,1.76,consensus of 3 reports,3,1.7; 1.76; 1.97,Zhuo 2018
Tl4CdI6,2.8,Borlido 2019,2,2.8; 2.8,Borlido 2019; Zhuo 2018
Tl4CuTeO6,2.2,consensus of 1 report,1,2.2,Zhuo 2018
Tl4In3GaS8,2.63,consensus of 1 report,1,2.63,Zhuo 2018
Tl5Te3,0.0,consensus of 1 report,1,0,Zhuo 2018
Tl6Cu(TeO5)2,2.3,consensus of 1 report,1,2.3,Zhuo 2018
Tl8Os8O27,0.0,consensus of 1 report,1,0,Zhuo 2018
Tl9SbSe6,0.0,consensus of 1 report,1,0,Zhuo 2018
TlAgSe2,0.72,consensus of 1 report,1,0.72,Zhuo 2018
TlAgTe2,0.1,consensus of 1 report,1,0.1,Zhuo 2018
TlAsS2,2.185,consensus of 2 reports,2,2.15; 2.22,Zhuo 2018
TlAsSe2,1.375,consensus of 2 reports,2,1.35; 1.4,Zhuo 2018
TlBiTe2,0.12,consensus of 1 report,1,0.12,Zhuo 2018
TlBiTe3,0.5,consensus of 1 report,1,0.5,Zhuo 2018
TlBr,2.66,Borlido 2019,17,2.63; 2.64; 2.64; 2.65; 2.66; 2.67; 3.01; 3.02; 3.02; 3.05; 3.07; 3.1; 3.12; 3.24; 3.3; 3.3; 3.4,Borlido 2019; Zhuo 2018
TlCdS2,1.5,consensus of 1 report,1,1.5,Zhuo 2018
TlCl,3.23,Borlido 2019,12,3.2; 3.2; 3.21; 3.23; 3.23; 3.23; 3.46; 3.47; 3.5; 3.56; 3.75; 3.8,Borlido 2019; Zhuo 2018
TlCoBi,0.0,consensus of 1 report,1,0,Zhuo 2018
TlCoMo2,0.0,consensus of 1 report,1,0,Zhuo 2018
TlCr5(Se3S)2,0.75,consensus of 1 report,1,0.75,Zhuo 2018
TlCr5(SeS)4,0.85,consensus of 1 report,1,0.85,Zhuo 2018
TlCr5(SeS3)2,0.94,consensus of 1 report,1,0.94,Zhuo 2018
TlCr5S8,1.01,consensus of 1 report,1,1.01,Zhuo 2018
TlCr5Se3S5,0.89,consensus of 1 report,1,0.89,Zhuo 2018
TlCr5Se5S3,0.8,consensus of 1 report,1,0.8,Zhuo 2018
TlCr5Se7S,0.71,consensus of 1 report,1,0.71,Zhuo 2018
TlCr5Se8,0.67,consensus of 1 report,1,0.67,Zhuo 2018
TlCr5SeS7,0.97,consensus of 1 report,1,0.97,Zhuo 2018
TlCuSe2,1.07,consensus of 1 report,1,1.07,Zhuo 2018
TlGaS2,3.4,consensus of 1 report,1,3.4,Zhuo 2018
TlGaSe2,1.65,consensus of 1 report,1,1.65,Zhuo 2018
TlGaTe2,1.2,Borlido 2019,2,1.2; 1.8,Borlido 2019; Zhuo 2018
TlHg6S4Br5,3.03,consensus of 1 report,1,3.03,Zhuo 2018
TlHg6Se4Br5,2.8,consensus of 1 report,1,2.8,Zhuo 2018
TlI,2.87,Borlido 2019,3,2.1; 2.87; 2.92,Borlido 2019
TlInGeS4,2.3,consensus of 1 report,1,2.3,Zhuo 2018
TlInHgS3,1.74,consensus of 1 report,1,1.74,Zhuo 2018
TlInS2,2.275,consensus of 4 reports,4,2.2; 2.25; 2.3; 2.52,Zhuo 2018
TlInSe2,1.19,Borlido 2019,12,1.07; 1.1; 1.12; 1.14; 1.18; 1.19; 1.19; 1.2; 1.21; 1.22; 1.4; 1.44,Borlido 2019; Zhuo 2018
TlInTe2,0.96,Borlido 2019,4,0.62; 0.68; 0.7; 0.96,Borlido 2019; Zhuo 2018
TlN,1.4,consensus of 1 report,1,1.4,Zhuo 2018
TlN3,3.58,consensus of 1 report,1,3.58,Zhuo 2018
TlNi,0.0,consensus of 1 report,1,0,Zhuo 2018
TlPS2,1.65,consensus of 2 reports,2,1.6; 1.7,Zhuo 2018
TlPSe2,0.55,consensus of 2 reports,2,0.5; 0.6,Zhuo 2018
TlS,1.36,Borlido 2019,3,1.36; 1.36; 1.37,Borlido 2019; Zhuo 2018
TlS2,1.8,consensus of 1 report,1,1.8,Zhuo 2018
TlSbS2,1.71,consensus of 4 reports,4,1.42; 1.54; 1.88; 1.92,Zhuo 2018
TlSbSe2,0.82,consensus of 1 report,1,0.82,Zhuo 2018
TlSbTe3,0.38,consensus of 1 report,1,0.38,Zhuo 2018
TlSe,0.73,Borlido 2019,14,0.56; 0.57; 0.65; 0.67; 0.7; 0.71; 0.73; 0.73; 0.74; 0.75; 0.79; 0.8; 0.96; 1.3,Borlido 2019; Zhuo 2018
TlSn,0.0,consensus of 1 report,1,0,Zhuo 2018
TlSnAuSe3,1.2,consensus of 1 report,1,1.2,Zhuo 2018
TlTe,0.0,consensus of 1 report,1,0,Zhuo 2018
TlTeP,0.3,consensus of 1 report,1,0.3,Zhuo 2018
Tm(CoSi)2,0.0,consensus of 1 report,1,0,Zhuo 2018
Tm(CuGe)2,0.0,consensus of 1 report,1,0,Zhuo 2018
Tm(CuS)2,0.0,consensus of 1 report,1,0,Zhuo 2018
Tm(CuTe)3,0.14,consensus of 1 report,1,0.14,Zhuo 2018
Tm(FeSi)2,0.0,consensus of 1 report,1,0,Zhuo 2018
Tm(GeRu)2,0.0,consensus of 1 report,1,0,Zhuo 2018
Tm(MnGe)6,0.0,consensus of 1 report,1,0,Zhuo 2018
Tm(NiGe)2,0.0,consensus of 1 report,1,0,Zhuo 2018
Tm(SiOs)2,0.0,consensus of 1 report,1,0,Zhuo 2018
Tm2AlOs,0.0,consensus of 1 report,1,0,Zhuo 2018
Tm2CdHg,0.0,consensus of 1 report,1,0,Zhuo 2018
Tm2Ga10Os3,0.0,consensus of 1 report,1,0,Zhuo 2018
Tm2In,0.0,consensus of 1 report,1,0,Zhuo 2018
Tm2IrPd,0.0,consensus of 1 report,1,0,Zhuo 2018
Tm2MgRu,0.0,consensus of 1 report,1,0,Zhuo 2018
Tm2MgTl,0.0,consensus of 1 report,1,0,Zhuo 2018
Tm2O3,4.53,consensus of 1 report,1,4.53,Zhuo 2018
Tm2Ru2O7,0.0,consensus of 1 report,1,0,Zhuo 2018
Tm2ZnAg,0.0,consensus of 1 report,1,0,Zhuo 2018
Tm2ZnGa,0.0,consensus of 1 report,1,0,Zhuo 2018
Tm2ZnHg,0.0,consensus of 1 report,1,0,Zhuo 2018
Tm2ZnOs,0.0,consensus of 1 report,1,0,Zhuo 2018
Tm3(GePd)4,0.0,consensus of 1 report,1,0,Zhuo 2018
Tm3GaC,0.0,consensus of 1 report,1,0,Zhuo 2018
Tm4In(NiGe2)2,0.0,consensus of 1 report,1,0,Zhuo 2018
Tm4Sb2Se11.68,1.22,consensus of 1 report,1,1.22,Zhuo 2018
Tm5(Ge5Rh2)2,0.0,consensus of 1 report,1,0,Zhuo 2018
Tm5Ti5O17,0.0,consensus of 1 report,1,0,Zhuo 2018
TmAl4Ni,0.0,consensus of 1 report,1,0,Zhuo 2018
TmAlCu,0.0,consensus of 1 report,1,0,Zhuo 2018
TmAs,1.18,consensus of 1 report,1,1.18,Zhuo 2018
TmAu,0.0,consensus of 1 report,1,0,Zhuo 2018
TmAu2,0.0,consensus of 1 report,1,0,Zhuo 2018
TmB2C,0.0,consensus of 1 report,1,0,Zhuo 2018
TmBPd3,0.0,consensus of 1 report,1,0,Zhuo 2018
TmBRh3,0.0,consensus of 1 report,1,0,Zhuo 2018
TmCdAg2,0.0,consensus of 1 report,1,0,Zhuo 2018
TmCoSi2,0.0,consensus of 1 report,1,0,Zhuo 2018
TmCu4Ag,0.0,consensus of 1 report,1,0,Zhuo 2018
TmCuSi,0.0,consensus of 1 report,1,0,Zhuo 2018
TmGe,0.0,consensus of 1 report,1,0,Zhuo 2018
TmH2,0.0,consensus of 1 report,1,0,Zhuo 2018
TmIn3,0.0,consensus of 1 report,1,0,Zhuo 2018
TmLuPd2,0.0,consensus of 1 report,1,0,Zhuo 2018
TmMg2Sc,0.0,consensus of 1 report,1,0,Zhuo 2018
TmMgAg2,0.0,consensus of 1 report,1,0,Zhuo 2018
TmMgCd2,0.0,consensus of 1 report,1,0,Zhuo 2018
TmMnGe,0.0,consensus of 1 report,1,0,Zhuo 2018
TmMnO3,0.0,consensus of 1 report,1,0,Zhuo 2018
TmPd,0.0,consensus of 1 report,1,0,Zhuo 2018
TmSb,0.0,consensus of 1 report,1,0,Zhuo 2018
TmScHg2,0.0,consensus of 1 report,1,0,Zhuo 2018
TmSnRh,0.0,consensus of 1 report,1,0,Zhuo 2018
TmSnRu2,0.0,consensus of 1 report,1,0,Zhuo 2018
TmTl,0.0,consensus of 1 report,1,0,Zhuo 2018
V12P7,0.0,consensus of 1 report,1,0,Zhuo 2018
V2(OF)3,0.0,consensus of 1 report,1,0,Zhuo 2018
V2Bi4O11,2.0,consensus of 1 report,1,2,Zhuo 2018
V2Cd2Te2O11,2.48,consensus of 1 report,1,2.48,Zhuo 2018
V2GaSn2,0.0,consensus of 1 report,1,0,Zhuo 2018
V2NO,0.0,consensus of 1 report,1,0,Zhuo 2018
V2O5,2.35,consensus of 6 reports,6,2.3; 2.32; 2.34; 2.36; 2.49; 2.54,Zhuo 2018
V2OsRu,0.0,consensus of 1 report,1,0,Zhuo 2018
V2Pb4(Se2O7)3,3.37,consensus of 1 report,1,3.37,Zhuo 2018
V2Sb(PO4)3,0.0,consensus of 1 report,1,0,Zhuo 2018
V2Si2O7,0.0,consensus of 1 report,1,0,Zhuo 2018
V2Zn3TeO10,2.96,consensus of 1 report,1,2.96,Zhuo 2018
V2ZnO4,0.0,consensus of 1 report,1,0,Zhuo 2018
V3(HO2)4,0.0,consensus of 1 report,1,0,Zhuo 2018
V3Ag,0.0,consensus of 1 report,1,0,Zhuo 2018
V3As2O9,0.76,consensus of 1 report,1,0.76,Zhuo 2018
V3Bi(PbO4)3,2.5,consensus of 1 report,1,2.5,Zhuo 2018
V3Cd4(TeO5)3,2.66,consensus of 1 report,1,2.66,Zhuo 2018
V3CrO10,0.0,consensus of 1 report,1,0,Zhuo 2018
V3Cu,0.0,consensus of 1 report,1,0,Zhuo 2018
V3CuO8,0.0,consensus of 1 report,1,0,Zhuo 2018
V3Pb2Se5O18,3.14,consensus of 1 report,1,3.14,Zhuo 2018
V3Pt,0.0,consensus of 1 report,1,0,Zhuo 2018
V3Re,0.0,consensus of 1 report,1,0,Zhuo 2018
V3Si,0.0,consensus of 1 report,1,0,Zhuo 2018
V3SiNi2,0.0,consensus of 1 report,1,0,Zhuo 2018
V4ZnO8,0.0,consensus of 1 report,1,0,Zhuo 2018
V5SiB2,0.0,consensus of 1 report,1,0,Zhuo 2018
V6AgO15,0.0,consensus of 1 report,1,0,Zhuo 2018
V6PbO11,0.0,consensus of 1 report,1,0,Zhuo 2018
V8O,0.0,consensus of 1 report,1,0,Zhuo 2018
VAg(IO4)2,2.24,consensus of 1 report,1,2.24,Zhuo 2018
VAg(PSe3)2,0.0,consensus of 1 report,1,0,Zhuo 2018
VAg2I3O11,2.16,consensus of 1 report,1,2.16,Zhuo 2018
VB2,0.0,consensus of 1 report,1,0,Zhuo 2018
VBi(SeO4)2,2.2,consensus of 1 report,1,2.2,Zhuo 2018
VBi24O41,3.25,consensus of 1 report,1,3.25,Zhuo 2018
VCo,0.0,consensus of 1 report,1,0,Zhuo 2018
VCu3(PO4)4,0.0,consensus of 1 report,1,0,Zhuo 2018
VCu3S4,1.0,consensus of 1 report,1,1,Zhuo 2018
VFeRu2,0.0,consensus of 1 report,1,0,Zhuo 2018
VFeSb,0.46,consensus of 1 report,1,0.46,Zhuo 2018
VGa(TeO4)2,3.0,consensus of 1 report,1,3,Zhuo 2018
VIn(NiO3)2,1.92,consensus of 1 report,1,1.92,Zhuo 2018
VIr,0.0,consensus of 1 report,1,0,Zhuo 2018
VIr3,0.0,consensus of 1 report,1,0,Zhuo 2018
VNi2,0.0,consensus of 1 report,1,0,Zhuo 2018
VNi5(PO4)6,0.0,consensus of 1 report,1,0,Zhuo 2018
VO2,0.65,consensus of 4 reports,5,0.4; 0.5; 0.65; 0.66; 0.66,Zhuo 2018
VP,0.0,consensus of 1 report,1,0,Zhuo 2018
VP4,0.0,consensus of 1 report,1,0,Zhuo 2018
VPt2,0.0,consensus of 1 report,1,0,Zhuo 2018
VSb,0.0,consensus of 1 report,1,0,Zhuo 2018
VTe2,0.0,consensus of 1 report,1,0,Zhuo 2018
VTeHO5,2.51,consensus of 1 report,1,2.51,Zhuo 2018
VZn2BiO6,2.4,consensus of 1 report,1,2.4,Zhuo 2018
VZnRu2,0.0,consensus of 1 report,1,0,Zhuo 2018
W2C,0.0,consensus of 1 report,1,0,Zhuo 2018
W2N,0.0,consensus of 1 report,1,0,Zhuo 2018
W3O7F,0.0,consensus of 1 report,1,0,Zhuo 2018
WCl3,0.0,consensus of 1 report,1,0,Zhuo 2018
WO3,2.8,consensus of 3 reports,3,2.7; 2.8; 2.9,Zhuo 2018
WS2,1.35,Borlido 2019,1,1.35,Borlido 2019
WSe2,1.2,Borlido 2019,5,1.2; 1.35; 1.45; 1.49; 1.57,Borlido 2019; Zhuo 2018
Xe,9.29,Borlido 2019,1,9.29,Borlido 2019
Y(Al2Cu)4,0.0,consensus of 1 report,1,0,Zhuo 2018
Y(Al5Fe)2,0.0,consensus of 1 report,1,0,Zhuo 2018
Y(AlSi)2,0.0,consensus of 1 report,1,0,Zhuo 2018
Y(CrSi)2,0.0,consensus of 1 report,1,0,Zhuo 2018
Y(CuSe)3,0.88,consensus of 1 report,1,0.88,Zhuo 2018
Y(CuSi)2,0.0,consensus of 1 report,1,0,Zhuo 2018
Y(CuTe)3,0.72,consensus of 1 report,1,0.72,Zhuo 2018
Y(FeSi)2,0.0,consensus of 1 report,1,0,Zhuo 2018
Y(NiP)2,0.0,consensus of 1 report,1,0,Zhuo 2018
Y(Re2Si)2,0.0,consensus of 1 report,1,0,Zhuo 2018
Y(SiPt)2,0.0,consensus of 1 report,1,0,Zhuo 2018
Y(SiRh)2,0.0,consensus of 1 report,1,0,Zhuo 2018
Y(SiRu)2,0.0,consensus of 1 report,1,0,Zhuo 2018
Y(TiGa2)2,0.0,consensus of 1 report,1,0,Zhuo 2018
Y2AlZn,0.0,consensus of 1 report,1,0,Zhuo 2018
Y2C3,0.0,consensus of 1 report,1,0,Zhuo 2018
Y2CuO4,0.0,consensus of 1 report,1,0,Zhuo 2018
Y2Fe2Si2C,0.0,consensus of 1 report,1,0,Zhuo 2018
Y2Ge5Ir3,0.0,consensus of 1 report,1,0,Zhuo 2018
Y2Mo2O7,0.0,consensus of 1 report,1,0,Zhuo 2018
Y2O3,5.6,consensus of 1 report,1,5.6,Zhuo 2018
Y2ReB6,0.0,consensus of 1 report,1,0,Zhuo 2018
Y2Ru2O7,0.0,consensus of 1 report,1,0,Zhuo 2018
Y2S3,2.9,consensus of 1 report,1,2.9,Zhuo 2018
Y3(Fe31B7)2,0.0,consensus of 1 report,1,0,Zhuo 2018
Y3Al3NiGe2,0.0,consensus of 1 report,1,0,Zhuo 2018
Y3Fe29,0.0,consensus of 1 report,1,0,Zhuo 2018
Y3GaCo3,0.0,consensus of 1 report,1,0,Zhuo 2018
Y3GaS6,2.88,consensus of 1 report,1,2.88,Zhuo 2018
Y3Ge4,0.0,consensus of 1 report,1,0,Zhuo 2018
Y3Si3Pd2,0.0,consensus of 1 report,1,0,Zhuo 2018
Y3Tm,0.0,consensus of 1 report,1,0,Zhuo 2018
Y4AsSe3,0.0,consensus of 1 report,1,0,Zhuo 2018
Y4C7,0.0,consensus of 1 report,1,0,Zhuo 2018
Y4CuTe8,0.0,consensus of 1 report,1,0,Zhuo 2018
Y4GaSbS9,2.06,consensus of 1 report,1,2.06,Zhuo 2018
Y6Zn(SiS7)2,2.38,consensus of 1 report,1,2.38,Zhuo 2018
YAgO3,0.0,consensus of 1 report,1,0,Zhuo 2018
YAlGe,0.0,consensus of 1 report,1,0,Zhuo 2018
YAlPd,0.0,consensus of 1 report,1,0,Zhuo 2018
YAs,0.0,consensus of 1 report,1,0,Zhuo 2018
YB2C,0.0,consensus of 1 report,1,0,Zhuo 2018
YB2Rh2C,0.0,consensus of 1 report,1,0,Zhuo 2018
YB66,0.8,consensus of 1 report,1,0.8,Zhuo 2018
YBi,0.0,consensus of 1 report,1,0,Zhuo 2018
YCd4B3O10,3.78,consensus of 1 report,1,3.78,Zhuo 2018
YCdHg2,0.0,consensus of 1 report,1,0,Zhuo 2018
YCdPd2,0.0,consensus of 1 report,1,0,Zhuo 2018
YCdPt2,0.0,consensus of 1 report,1,0,Zhuo 2018
YCo2,0.0,consensus of 1 report,1,0,Zhuo 2018
YCu3(WO3)4,0.0,consensus of 1 report,1,0,Zhuo 2018
YCuO2,3.5,consensus of 1 report,1,3.5,Zhuo 2018
YErRh2,0.0,consensus of 1 report,1,0,Zhuo 2018
YF3,12.5,Borlido 2019,1,12.5,Borlido 2019
YH2,0.0,consensus of 1 report,1,0,Zhuo 2018
YH2NO5,4.83,consensus of 1 report,1,4.83,Zhuo 2018
YHg2,0.0,consensus of 1 report,1,0,Zhuo 2018
YIn2Ni,0.0,consensus of 1 report,1,0,Zhuo 2018
YMg4Cu,0.0,consensus of 1 report,1,0,Zhuo 2018
YMgAl,0.0,consensus of 1 report,1,0,Zhuo 2018
YMgCu4,0.0,consensus of 1 report,1,0,Zhuo 2018
YMgGa,0.0,consensus of 1 report,1,0,Zhuo 2018
YMoClO4,3.82,consensus of 1 report,1,3.82,Zhuo 2018
YMoO4F,3.78,consensus of 1 report,1,3.78,Zhuo 2018
YN,1.9,consensus of 1 report,1,1.9,Zhuo 2018
YNi4B,0.0,consensus of 1 report,1,0,Zhuo 2018
YNiSb,0.18,Borlido 2019,3,0.18; 0.18; 0.29,Borlido 2019; Zhuo 2018
YSbPd,0.27,consensus of 1 report,1,0.27,Zhuo 2018
YSbPt,0.16,Borlido 2019,2,0.16; 0.16,Borlido 2019; Zhuo 2018
YScO2,0.0,consensus of 1 report,1,0,Zhuo 2018
YSi2,0.0,consensus of 1 report,1,0,Zhuo 2018
YSiNi,0.0,consensus of 1 report,1,0,Zhuo 2018
YSiRu,0.0,consensus of 1 report,1,0,Zhuo 2018
YSn3,0.0,consensus of 1 report,1,0,Zhuo 2018
YTi4(CuO4)3,0.0,consensus of 1 report,1,0,Zhuo 2018
YTiO3,0.0,consensus of 1 report,1,0,Zhuo 2018
YTmCu2,0.0,consensus of 1 report,1,0,Zhuo 2018
YV(BiO4)2,2.09,consensus of 1 report,1,2.09,Zhuo 2018
YVSeO10,2.7,consensus of 1 report,1,2.7,Zhuo 2018
YVTeO10,2.2,consensus of 1 report,1,2.2,Zhuo 2018
YWO3,0.0,consensus of 1 report,1,0,Zhuo 2018
YZn5,0.0,consensus of 1 report,1,0,Zhuo 2018
YZnBiO4,1.58,consensus of 1 report,1,1.58,Zhuo 2018
Yb(Al2Mo)2,0.0,consensus of 1 report,1,0,Zhuo 2018
Yb(AlGa)2,0.0,consensus of 1 report,1,0,Zhuo 2018
Yb(AlGe)2,0.0,consensus of 1 report,1,0,Zhuo 2018
Yb(AlSi)2,0.0,consensus of 1 report,1,0,Zhuo 2018
Yb(CuS)3,1.56,consensus of 1 report,1,1.56,Zhuo 2018
Yb(CuSe)3,0.2,consensus of 1 report,1,0.2,Zhuo 2018
Yb(Fe2Ge)2,0.0,consensus of 1 report,1,0,Zhuo 2018
Yb(Ga4Co)2,0.0,consensus of 1 report,1,0,Zhuo 2018
Yb(GaS2)2,2.3,consensus of 1 report,1,2.3,Zhuo 2018
Yb(GaSe2)2,1.8,consensus of 1 report,1,1.8,Zhuo 2018
Yb(HO)3,0.0,consensus of 1 report,1,0,Zhuo 2018
Yb(IO3)3,0.0,consensus of 1 report,1,0,Zhuo 2018
Yb(InS2)3,1.31,consensus of 1 report,1,1.31,Zhuo 2018
Yb(MnAs)2,0.0,consensus of 1 report,1,0,Zhuo 2018
Yb(SbS2)2,1.12,consensus of 1 report,1,1.12,Zhuo 2018
Yb(SbTe2)2,0.34,consensus of 1 report,1,0.34,Zhuo 2018
Yb(SiAg)2,0.0,consensus of 1 report,1,0,Zhuo 2018
Yb(SiRh)2,0.0,consensus of 1 report,1,0,Zhuo 2018
Yb11(Ni10C)6,0.0,consensus of 1 report,1,0,Zhuo 2018
Yb14Ti10O41,0.0,consensus of 1 report,1,0,Zhuo 2018
Yb16S29,0.0,consensus of 1 report,1,0,Zhuo 2018
Yb2(ZnGe)3,0.0,consensus of 1 report,1,0,Zhuo 2018
Yb23Mg4Cu7,0.0,consensus of 1 report,1,0,Zhuo 2018
Yb2Ce8O19,0.0,consensus of 1 report,1,0,Zhuo 2018
Yb2EuS4,1.6,consensus of 1 report,1,1.6,Zhuo 2018
Yb2EuSe4,1.3,consensus of 1 report,1,1.3,Zhuo 2018
Yb2Ge2Ir,0.0,consensus of 1 report,1,0,Zhuo 2018
Yb2HgPb,0.0,consensus of 1 report,1,0,Zhuo 2018
Yb2InPd2,0.0,consensus of 1 report,1,0,Zhuo 2018
Yb2MgS4,0.0,consensus of 1 report,1,0,Zhuo 2018
Yb2MgSe4,0.0,consensus of 1 report,1,0,Zhuo 2018
Yb2O3,5.22,consensus of 1 report,1,5.22,Zhuo 2018
Yb2SmS4,0.0,consensus of 1 report,1,0,Zhuo 2018
Yb2Sn,0.0,consensus of 1 report,1,0,Zhuo 2018
Yb2ZnPb,0.0,consensus of 1 report,1,0,Zhuo 2018
Yb3Al5O12,0.0,consensus of 1 report,1,0,Zhuo 2018
Yb3Sn13Rh4,0.0,consensus of 1 report,1,0,Zhuo 2018
Yb3Ti3O14,0.0,consensus of 1 report,1,0,Zhuo 2018
Yb3V,0.0,consensus of 1 report,1,0,Zhuo 2018
Yb4Sb2S11.25,1.71,consensus of 1 report,1,1.71,Zhuo 2018
Yb4Sb3,0.0,consensus of 1 report,1,0,Zhuo 2018
Yb5Au4,0.0,consensus of 1 report,1,0,Zhuo 2018
Yb8Ge3Sb5,0.0,consensus of 1 report,1,0,Zhuo 2018
YbAg2,0.0,consensus of 1 report,1,0,Zhuo 2018
YbAgGe,0.0,consensus of 1 report,1,0,Zhuo 2018
YbAgO2,0.0,consensus of 1 report,1,0,Zhuo 2018
YbAl3,0.0,consensus of 1 report,1,0,Zhuo 2018
YbAs,1.02,consensus of 1 report,1,1.02,Zhuo 2018
YbB2Rh3,0.0,consensus of 1 report,1,0,Zhuo 2018
YbB66,1.27,consensus of 1 report,1,1.27,Zhuo 2018
YbBO3,0.0,consensus of 1 report,1,0,Zhuo 2018
YbCdHg2,0.0,consensus of 1 report,1,0,Zhuo 2018
YbCe2CuS5,1.37,consensus of 1 report,1,1.37,Zhuo 2018
YbCe2CuSe5,1.05,consensus of 1 report,1,1.05,Zhuo 2018
YbCuGe,0.0,consensus of 1 report,1,0,Zhuo 2018
YbCuSi,0.0,consensus of 1 report,1,0,Zhuo 2018
YbDyPd2,0.0,consensus of 1 report,1,0,Zhuo 2018
YbGa2Pd,0.0,consensus of 1 report,1,0,Zhuo 2018
YbGeRh,0.0,consensus of 1 report,1,0,Zhuo 2018
YbH2ClO2,0.0,consensus of 1 report,1,0,Zhuo 2018
YbIn4Ni,0.0,consensus of 1 report,1,0,Zhuo 2018
YbIn4Rh,0.0,consensus of 1 report,1,0,Zhuo 2018
YbIr2,0.0,consensus of 1 report,1,0,Zhuo 2018
YbMgPd,0.0,consensus of 1 report,1,0,Zhuo 2018
YbMn2O5,0.0,consensus of 1 report,1,0,Zhuo 2018
YbNd2CuS5,1.35,consensus of 1 report,1,1.35,Zhuo 2018
YbNd3,0.0,consensus of 1 report,1,0,Zhuo 2018
YbNdAg2,0.0,consensus of 1 report,1,0,Zhuo 2018
YbPO4,0.0,consensus of 1 report,1,0,Zhuo 2018
YbPr11Se16,0.0,consensus of 1 report,1,0,Zhuo 2018
YbPr2CuS5,1.25,consensus of 1 report,1,1.25,Zhuo 2018
YbRh2,0.0,consensus of 1 report,1,0,Zhuo 2018
YbSb,1.0,consensus of 1 report,1,1,Zhuo 2018
YbSb4Te7,0.22,consensus of 1 report,1,0.22,Zhuo 2018
YbSe,1.5,consensus of 1 report,1,1.5,Zhuo 2018
YbSi2Ni,0.0,consensus of 1 report,1,0,Zhuo 2018
YbSm2CuS5,1.28,consensus of 1 report,1,1.28,Zhuo 2018
YbSmRh2,0.0,consensus of 1 report,1,0,Zhuo 2018
YbSn2Pd,0.0,consensus of 1 report,1,0,Zhuo 2018
YbSnRh,0.0,consensus of 1 report,1,0,Zhuo 2018
YbSnTe2,0.75,consensus of 1 report,1,0.75,Zhuo 2018
YbTe,1.8,consensus of 1 report,1,1.8,Zhuo 2018
YbTlS2,0.0,consensus of 1 report,1,0,Zhuo 2018
YbTlSe2,0.0,consensus of 1 report,1,0,Zhuo 2018
YbWClO4,4.23,consensus of 1 report,1,4.23,Zhuo 2018
YbZnAu2,0.0,consensus of 1 report,1,0,Zhuo 2018
YbZnPt,0.0,consensus of 1 report,1,0,Zhuo 2018
Zn(Bi19O29)2,2.88,consensus of 1 report,1,2.88,Zhuo 2018
Zn(CoO2)2,0.0,consensus of 1 report,1,0,Zhuo 2018
Zn(CuO2)2,0.0,consensus of 1 report,1,0,Zhuo 2018
Zn(FeN)2,0.0,consensus of 1 report,1,0,Zhuo 2018
Zn(GaSe2)2,2.18,Borlido 2019,2,1.72; 2.18,Borlido 2019; Zhuo 2018
Zn(GaTe2)2,1.33,Borlido 2019,1,1.33,Borlido 2019
Zn(InS2)2,2.75,consensus of 10 reports,10,2.5; 2.6; 2.65; 2.68; 2.7; 2.8; 2.85; 2.86; 2.9; 2.99,Zhuo 2018
Zn(InSe2)2,1.975,consensus of 4 reports,4,1.82; 1.95; 2; 2.05,Zhuo 2018
Zn(InTe2)2,1.49,Borlido 2019,4,1.49; 1.8; 1.87; 1.95,Borlido 2019; Zhuo 2018
Zn0.01Cd0.99Se1,2.45,consensus of 2 reports,2,2.4; 2.5,Zhuo 2018
Zn0.01Ga0.99As0.99Se0.01,1.39,consensus of 1 report,1,1.39,Zhuo 2018
Zn0.01Ga0.99P0.99S0.01,2.25,consensus of 1 report,1,2.25,Zhuo 2018
Zn0.01Ga0.99P0.99Se0.01,2.24,consensus of 1 report,1,2.24,Zhuo 2018
Zn0.01Ga0.99Sb0.99Te0.01,0.72,consensus of 1 report,1,0.72,Zhuo 2018
Zn0.05Ga0.95Sb0.95Te0.05,0.85,consensus of 1 report,1,0.85,Zhuo 2018
Zn0.15Cd0.85Se1,2.55,consensus of 2 reports,2,2.5; 2.6,Zhuo 2018
Zn0.15Ga0.85As0.85Se0.15,1.47,consensus of 1 report,1,1.47,Zhuo 2018
Zn0.1Ga0.9Sb0.9Te0.1,1.0,consensus of 1 report,1,1,Zhuo 2018
Zn0.25Ga0.75As0.75Se0.25,1.51,consensus of 1 report,1,1.51,Zhuo 2018
Zn0.25Ga0.75P0.75Se0.25,2.18,consensus of 1 report,1,2.18,Zhuo 2018
Zn0.2Ga0.8Sb0.8Te0.2,1.15,consensus of 1 report,1,1.15,Zhuo 2018
Zn0.2Hg0.8Te1,0.075,consensus of 2 reports,2,0.07; 0.08,Zhuo 2018
Zn0.3Ga0.7P0.7S0.3,2.3,consensus of 1 report,1,2.3,Zhuo 2018
Zn0.42Ga0.58As0.58Se0.42,1.67,consensus of 1 report,1,1.67,Zhuo 2018
Zn0.43Cd0.57Se1,2.85,consensus of 2 reports,2,2.8; 2.9,Zhuo 2018
Zn0.4Hg0.6Se1,0.46,consensus of 2 reports,2,0.42; 0.5,Zhuo 2018
Zn0.55Ga0.45P0.45S0.55,2.35,consensus of 2 reports,2,2.3; 2.4,Zhuo 2018
Zn0.55Hg0.45Se1,0.8,consensus of 1 report,1,0.8,Zhuo 2018
Zn0.5Cd0.5Se1,2.95,consensus of 2 reports,2,2.9; 3,Zhuo 2018
Zn0.5Ga0.5As0.5Se0.5,1.52,consensus of 1 report,1,1.52,Zhuo 2018
Zn0.5Ga0.5P0.5Se0.5,2.13,consensus of 1 report,1,2.13,Zhuo 2018
Zn0.5Hg0.5Se1,0.675,consensus of 2 reports,2,0.6; 0.75,Zhuo 2018
Zn0.65Hg0.35Se1,1.0,consensus of 1 report,1,1,Zhuo 2018
Zn0.6Ga0.4As0.4Se0.6,1.8,consensus of 1 report,1,1.8,Zhuo 2018
Zn0.75Cd0.25Se1,3.25,consensus of 2 reports,2,3.2; 3.3,Zhuo 2018
Zn0.75Hg0.25Se1,1.4,consensus of 1 report,1,1.4,Zhuo 2018
Zn0.75Hg0.25Te1,1.31,consensus of 2 reports,2,1.25; 1.37,Zhuo 2018
Zn0.7Ga0.3As0.3Se0.7,1.93,consensus of 1 report,1,1.93,Zhuo 2018
Zn0.7Ga0.3P0.3S0.7,2.45,consensus of 2 reports,2,2.4; 2.5,Zhuo 2018
Zn0.7Ga0.3P0.3Se0.7,2.15,consensus of 1 report,1,2.15,Zhuo 2018
Zn0.85Ga0.15As0.15Se0.85,2.25,consensus of 1 report,1,2.25,Zhuo 2018
Zn0.85Ga0.15P0.15S0.85,2.65,consensus of 2 reports,2,2.4; 2.9,Zhuo 2018
Zn0.85Hg0.15Se1,1.8,consensus of 1 report,1,1.8,Zhuo 2018
Zn0.86Hg0.14Te1,1.695,consensus of 2 reports,2,1.66; 1.73,Zhuo 2018
Zn0.8Hg0.2Se1,1.4,consensus of 1 report,1,1.4,Zhuo 2018
Zn0.8Hg0.2Te1,1.43,consensus of 2 reports,2,1.4; 1.46,Zhuo 2018
Zn0.92Hg0.08Te1,1.9,consensus of 1 report,1,1.9,Zhuo 2018
Zn0.94Hg0.06Te1,2.075,consensus of 2 reports,2,2.03; 2.12,Zhuo 2018
Zn0.95Ga0.05P0.05S0.95,2.85,consensus of 2 reports,2,2.7; 3,Zhuo 2018
Zn0.95Ga0.05P0.05Se0.95,2.4,consensus of 1 report,1,2.4,Zhuo 2018
Zn0.99Cd0.01Se1,3.65,consensus of 2 reports,2,3.6; 3.7,Zhuo 2018
Zn0.99Ga0.01As0.01Se0.99,2.59,consensus of 1 report,1,2.59,Zhuo 2018
Zn0.99Ga0.01P0.01S0.99,3.7,consensus of 1 report,1,3.7,Zhuo 2018
Zn0.99Ga0.01P0.01Se0.99,2.6,consensus of 1 report,1,2.6,Zhuo 2018
Zn0.99Ga0.01Sb0.01Te0.99,2.1,consensus of 1 report,1,2.1,Zhuo 2018
Zn0.99Hg0.01Se1,2.6,consensus of 1 report,1,2.6,Zhuo 2018
Zn0.99Hg0.01Te1,2.235,consensus of 2 reports,2,2.17; 2.3,Zhuo 2018
Zn0.9Ga0.1As0.1Se0.9,2.34,consensus of 1 report,1,2.34,Zhuo 2018
Zn0.9Ga0.1P0.1S0.9,2.8,consensus of 1 report,1,2.8,Zhuo 2018
Zn0.9Ga0.1P0.1Se0.9,2.3,consensus of 1 report,1,2.3,Zhuo 2018
Zn0.9Hg0.1Se1,1.75,consensus of 1 report,1,1.75,Zhuo 2018
Zn0.9Hg0.1Te1,1.785,consensus of 2 reports,2,1.74; 1.83,Zhuo 2018
Zn2BIr2,0.0,consensus of 1 report,1,0,Zhuo 2018
Zn2In2S5,2.68,consensus of 5 reports,5,2.5; 2.65; 2.68; 2.7; 2.95,Zhuo 2018
Zn2InCuSe4,1.1,consensus of 1 report,1,1.1,Zhuo 2018
Zn2InCuTe4,1.05,consensus of 1 report,1,1.05,Zhuo 2018
Zn2MoSeO7,4.2,consensus of 1 report,1,4.2,Zhuo 2018
Zn2Ni9O13,0.0,consensus of 1 report,1,0,Zhuo 2018
Zn2Sb3O8,0.0,consensus of 1 report,1,0,Zhuo 2018
Zn2SnN2,0.0,consensus of 1 report,1,0,Zhuo 2018
Zn2TeMoO7,4.1,consensus of 1 report,1,4.1,Zhuo 2018
Zn2WN2,0.0,consensus of 1 report,1,0,Zhuo 2018
Zn3(BO3)2,2.6,consensus of 1 report,1,2.6,Zhuo 2018
Zn3(PS4)2,3.07,consensus of 1 report,1,3.07,Zhuo 2018
Zn3.5Ga1Sn0.5O6,2.99,consensus of 1 report,1,2.99,Zhuo 2018
Zn3As2,0.99,consensus of 8 reports,8,0.86; 0.93; 0.96; 0.98; 1; 1.09; 1.1; 1.11,Zhuo 2018
Zn3Cd,0.0,consensus of 1 report,1,0,Zhuo 2018
Zn3Cu,0.0,consensus of 1 report,1,0,Zhuo 2018
Zn3Cu10(TeO6)6,0.0,consensus of 1 report,1,0,Zhuo 2018
Zn3N2,0.0,consensus of 1 report,1,0,Zhuo 2018
Zn3P2,1.175,consensus of 2 reports,2,1.15; 1.2,Zhuo 2018
Zn3Sb2,0.2,consensus of 3 reports,3,0.11; 0.2; 0.22,Zhuo 2018
Zn4.5Ga1Sn0.5O7,3.0,consensus of 1 report,1,3,Zhuo 2018
Zn4Sb3,1.1,consensus of 2 reports,2,1; 1.2,Zhuo 2018
Zn5.5Ga1Sn0.5O8,2.99,consensus of 1 report,1,2.99,Zhuo 2018
Zn6S5Cl2,2.71,consensus of 1 report,1,2.71,Zhuo 2018
Zn8Ag5,0.0,consensus of 1 report,1,0,Zhuo 2018
ZnAgF5,0.0,consensus of 1 report,1,0,Zhuo 2018
ZnAs,0.9,consensus of 1 report,1,0.9,Zhuo 2018
ZnAs2,0.97,Borlido 2019,7,0.9; 0.91; 0.92; 0.93; 0.97; 1.2; 1.3,Borlido 2019; Zhuo 2018
ZnB12(H5O12)2,4.6,consensus of 1 report,1,4.6,Zhuo 2018
ZnCrO2,0.0,consensus of 1 report,1,0,Zhuo 2018
ZnCu2GeS4,2.1,consensus of 1 report,1,2.1,Zhuo 2018
ZnCu2GeSe4,1.29,Borlido 2019,2,1.29; 1.63,Borlido 2019; Zhuo 2018
ZnCu2SiS4,2.97,Borlido 2019,4,2.97; 3; 3.2; 3.25,Borlido 2019; Zhuo 2018
ZnCu2SiSe4,2.33,consensus of 1 report,1,2.33,Zhuo 2018
ZnCu2SiTe4,1.47,consensus of 1 report,1,1.47,Zhuo 2018
ZnCu2SnS4,1.51,Borlido 2019,1,1.51,Borlido 2019
ZnCu2SnSe4,1.44,consensus of 1 report,1,1.44,Zhuo 2018
ZnCu2SnTe4,1.39,consensus of 1 report,1,1.39,Zhuo 2018
ZnCu3P3O13,0.0,consensus of 1 report,1,0,Zhuo 2018
ZnGaRh2,0.0,consensus of 1 report,1,0,Zhuo 2018
ZnGeAs2,1.15,Borlido 2019,4,1.05; 1.1; 1.15; 1.16,Borlido 2019; Zhuo 2018
ZnGeN2,3.36,Borlido 2019,3,2.9; 3.2; 3.36,Borlido 2019; Zhuo 2018
ZnGeP2,2.02,Borlido 2019,5,2; 2.02; 2.1; 2.2; 2.34,Borlido 2019; Zhuo 2018
ZnHg3(SeCl2)2,2.23,consensus of 1 report,1,2.23,Zhuo 2018
ZnI2,4.53,consensus of 1 report,1,4.53,Zhuo 2018
ZnIrO3,0.0,consensus of 1 report,1,0,Zhuo 2018
ZnO,3.44,Borlido 2019,23,3.2; 3.25; 3.26; 3.3; 3.31; 3.35; 3.35; 3.42; 3.44; 3.44; 3.44; 3.44; 3.44; 3.44; 3.44; 3.44; 3.45; 3.46; 3.48; 3.48; 3.48; 3.49; 3.51,Borlido 2019; Zhuo 2018
ZnP2,1.42,Borlido 2019,1,1.42,Borlido 2019
ZnS,3.815,Borlido 2019,22,3.54; 3.56; 3.58; 3.6; 3.63; 3.64; 3.66; 3.67; 3.68; 3.69; 3.7; 3.7; 3.72; 3.73; 3.74; 3.76; 3.78; 3.82; 3.85; 3.87; 3.88; 3.91,Borlido 2019; Zhuo 2018
ZnSb,0.5,Borlido 2019,4,0.5; 1.05; 1.09; 1.11,Borlido 2019; Zhuo 2018
ZnSb2MoO7,3.3,consensus of 1 report,1,3.3,Zhuo 2018
ZnSb3,0.0,consensus of 1 report,1,0,Zhuo 2018
ZnSe,2.82,Borlido 2019,17,2.67; 2.68; 2.69; 2.7; 2.71; 2.76; 2.79; 2.8; 2.8; 2.81; 2.82; 2.82; 2.82; 2.82; 2.82; 2.83; 2.87,Borlido 2019; Zhuo 2018
ZnSi(AgS2)2,3.28,consensus of 1 report,1,3.28,Zhuo 2018
ZnSiAs2,1.93,Borlido 2019,2,1.93; 2.12,Borlido 2019; Zhuo 2018
ZnSiP2,2.0,Borlido 2019,2,2; 2.07,Borlido 2019; Zhuo 2018
ZnSn3,0.0,consensus of 1 report,1,0,Zhuo 2018
ZnSnAs2,0.75,Borlido 2019,7,0.6; 0.65; 0.66; 0.67; 0.74; 0.75; 0.9,Borlido 2019; Zhuo 2018
ZnSnO3,3.9,Borlido 2019,2,3.9; 3.9,Borlido 2019; Zhuo 2018
ZnSnP2,1.68,Borlido 2019,5,1.3; 1.45; 1.66; 1.68; 2.1,Borlido 2019; Zhuo 2018
ZnSnSb2,0.4,Borlido 2019,3,0.3; 0.4; 0.4,Borlido 2019; Zhuo 2018
ZnTe,2.28,curated literature,19,2.1; 2.18; 2.2; 2.23; 2.24; 2.25; 2.26; 2.26; 2.28; 2.28; 2.29; 2.3; 2.34; 2.35; 2.37; 2.37; 2.39; 2.39; 2.4,Zhuo 2018; curated literature
ZnWO2,0.0,consensus of 1 report,1,0,Zhuo 2018
Zr(Fe2Si)2,0.0,consensus of 1 report,1,0,Zhuo 2018
Zr(Ni2P)2,0.0,consensus of 1 report,1,0,Zhuo 2018
Zr0.67Ta1.33N3.03O0.12,1.71,consensus of 1 report,1,1.71,Zhuo 2018
Zr1.33Ta0.67N1.63O1.89,2.48,consensus of 1 report,1,2.48,Zhuo 2018
Zr1.33Ta0.67N1.97O1.38,2.31,consensus of 1 report,1,2.31,Zhuo 2018
Zr1.33Ta0.67N2.61O0.42,1.93,consensus of 1 report,1,1.93,Zhuo 2018
Zr1.86Cu1S4,1.26,consensus of 1 report,1,1.26,Zhuo 2018
Zr2(Co7B2)3,0.0,consensus of 1 report,1,0,Zhuo 2018
Zr2Al,0.0,consensus of 1 report,1,0,Zhuo 2018
Zr2Co12P7,0.0,consensus of 1 report,1,0,Zhuo 2018
Zr2CuS4,0.0,consensus of 1 report,1,0,Zhuo 2018
Zr2HBr2,0.0,consensus of 1 report,1,0,Zhuo 2018
Zr2In5Ni,0.0,consensus of 1 report,1,0,Zhuo 2018
Zr2Ni12P7,0.0,consensus of 1 report,1,0,Zhuo 2018
Zr2Se,0.0,consensus of 1 report,1,0,Zhuo 2018
Zr2Te,0.0,consensus of 1 report,1,0,Zhuo 2018
Zr3(Al2C3)2,0.0,consensus of 1 report,1,0,Zhuo 2018
Zr3(Cu2Si3)2,0.0,consensus of 1 report,1,0,Zhuo 2018
Zr3Ag,0.0,consensus of 1 report,1,0,Zhuo 2018
Zr3Al2,0.0,consensus of 1 report,1,0,Zhuo 2018
Zr3Hg,0.0,consensus of 1 report,1,0,Zhuo 2018
Zr3Ir,0.0,consensus of 1 report,1,0,Zhuo 2018
Zr3NiO,0.0,consensus of 1 report,1,0,Zhuo 2018
Zr3O,0.2,consensus of 1 report,1,0.2,Zhuo 2018
Zr4AlNi2,0.0,consensus of 1 report,1,0,Zhuo 2018
Zr4Co4Ge7,0.0,consensus of 1 report,1,0,Zhuo 2018
Zr5Al3,0.0,consensus of 1 report,1,0,Zhuo 2018
Zr5Al3C,0.0,consensus of 1 report,1,0,Zhuo 2018
Zr5Sb3,0.0,consensus of 1 report,1,0,Zhuo 2018
Zr5SiSb3,0.0,consensus of 1 report,1,0,Zhuo 2018
Zr5Sn3,0.0,consensus of 1 report,1,0,Zhuo 2018
Zr5Sn4,0.0,consensus of 1 report,1,0,Zhuo 2018
Zr6Al2CoH10,0.0,consensus of 1 report,1,0,Zhuo 2018
Zr6Al2Ni,0.0,consensus of 1 report,1,0,Zhuo 2018
Zr6NiCl15,0.0,consensus of 1 report,1,0,Zhuo 2018
Zr6O,0.18,consensus of 1 report,1,0.18,Zhuo 2018
Zr6Sb2Pt,0.0,consensus of 1 report,1,0,Zhuo 2018
Zr7P4,0.0,consensus of 1 report,1,0,Zhuo 2018
Zr7Sb4,0.0,consensus of 1 report,1,0,Zhuo 2018
ZrAl5Ni2,0.0,consensus of 1 report,1,0,Zhuo 2018
ZrAlPt,0.0,consensus of 1 report,1,0,Zhuo 2018
ZrAlRu2,0.0,consensus of 1 report,1,0,Zhuo 2018
ZrAlW,0.0,consensus of 1 report,1,0,Zhuo 2018
ZrAu4,0.0,consensus of 1 report,1,0,Zhuo 2018
ZrB2,0.0,consensus of 1 report,1,0,Zhuo 2018
ZrC,0.6,consensus of 1 report,1,0.6,Zhuo 2018
ZrCd,0.0,consensus of 1 report,1,0,Zhuo 2018
ZrCrSi2,0.0,consensus of 1 report,1,0,Zhuo 2018
ZrGaPt,0.0,consensus of 1 report,1,0,Zhuo 2018
ZrGe2,0.0,consensus of 1 report,1,0,Zhuo 2018
ZrGeRu,0.0,consensus of 1 report,1,0,Zhuo 2018
ZrHCl,0.0,consensus of 1 report,1,0,Zhuo 2018
ZrHg4(AsCl3)2,2.48,consensus of 1 report,1,2.48,Zhuo 2018
ZrHg4(PCl3)2,3.22,consensus of 1 report,1,3.22,Zhuo 2018
ZrInCu2,0.0,consensus of 1 report,1,0,Zhuo 2018
ZrInPd2,0.0,consensus of 1 report,1,0,Zhuo 2018
ZrInRh2,0.0,consensus of 1 report,1,0,Zhuo 2018
ZrIr2,0.0,consensus of 1 report,1,0,Zhuo 2018
ZrMo3,0.0,consensus of 1 report,1,0,Zhuo 2018
ZrNiGe,0.0,consensus of 1 report,1,0,Zhuo 2018
ZrNiSb,0.55,consensus of 1 report,1,0.55,Zhuo 2018
ZrNiSn,0.0,consensus of 1 report,1,0,Zhuo 2018
ZrO2,4.99,consensus of 1 report,1,4.99,Zhuo 2018
ZrPd2,0.0,consensus of 1 report,1,0,Zhuo 2018
ZrPd3,0.0,consensus of 1 report,1,0,Zhuo 2018
ZrRe2,0.0,consensus of 1 report,1,0,Zhuo 2018
ZrRh,0.0,consensus of 1 report,1,0,Zhuo 2018
ZrRu3C,0.0,consensus of 1 report,1,0,Zhuo 2018
ZrS2,1.68,Borlido 2019,2,1.68; 2.75,Borlido 2019; Zhuo 2018
ZrS3,2.225,consensus of 2 reports,2,2.17; 2.28,Zhuo 2018
ZrSb,0.0,consensus of 1 report,1,0,Zhuo 2018
ZrSbRu,0.0,consensus of 1 report,1,0,Zhuo 2018
ZrSe,0.0,consensus of 1 report,1,0,Zhuo 2018
ZrSe2,1.18,Borlido 2019,2,1.18; 2,Borlido 2019; Zhuo 2018
ZrSe3,1.5,consensus of 3 reports,3,1.25; 1.5; 1.6,Zhuo 2018
ZrSi2,0.0,consensus of 1 report,1,0,Zhuo 2018
ZrSiTe,0.0,consensus of 1 report,1,0,Zhuo 2018
ZrTaN3,1.72,consensus of 1 report,1,1.72,Zhuo 2018
ZrTe,0.0,consensus of 1 report,1,0,Zhuo 2018
ZrTi2O,0.0,consensus of 1 report,1,0,Zhuo 2018
ZrTiF6,0.0,consensus of 1 report,1,0,Zhuo 2018
ZrW2,0.0,consensus of 1 report,1,0,Zhuo 2018
