formula,gap_ev,basis,n_reports,values,sources,predicted,error,fold,group,dft_gga,dft_hybrid
Ag0.5Ge1Pb1.75S4,1.83,consensus of 1 report,1,1.83,Zhuo 2018,1.825,-0.005,1,Ag-Ge-Pb-S,,
Ag0.5Ge1Pb1.75Se4,1.51,consensus of 1 report,1,1.51,Zhuo 2018,1.142,-0.368,0,Ag-Ge-Pb-Se,,
Ag2GeS3,1.98,Borlido 2019,2,1.98; 1.98,Borlido 2019; Zhuo 2018,1.768,-0.212,4,Ag-Ge-S,0.375,1.403
Ag2GeSe3,0.905,consensus of 2 reports,2,0.9; 0.91,Zhuo 2018,0.911,0.006,1,Ag-Ge-Se,0.0,
Ag2GeTe3,0.16,consensus of 2 reports,2,0.07; 0.25,Zhuo 2018,0.831,0.671,3,Ag-Ge-Te,,
Ag2HgI4,2.47,consensus of 1 report,1,2.47,Zhuo 2018,2.203,-0.267,3,Ag-Hg-I,1.049,1.999
Ag2Mo(I2O7)2,3.06,consensus of 1 report,1,3.06,Zhuo 2018,2.344,-0.716,1,Ag-I-Mo-O,,
Ag2MoO4,3.4,Borlido 2019,1,3.4,Borlido 2019,2.582,-0.818,2,Ag-Mo-O,1.962,3.165
Ag2O,1.3,Borlido 2019,6,1.3; 1.4; 1.5; 1.57; 1.59; 1.6,Borlido 2019; Zhuo 2018,1.064,-0.236,1,Ag-O,0.073,0.815
Ag2PdO2,0.18,Borlido 2019,2,0.18; 0.18,Borlido 2019; Zhuo 2018,1.17,0.99,4,Ag-O-Pd,0.101,0.861
Ag2S,0.85,Borlido 2019,5,0.85; 0.87; 1; 1.03; 1.23,Borlido 2019; Zhuo 2018,1.687,0.837,0,Ag-S,1.003,1.653
Ag2Se,0.15,Borlido 2019,1,0.15,Borlido 2019,0.572,0.422,3,Ag-Se,0.0,0.163
Ag2SnS3,1.37,consensus of 3 reports,3,1.26; 1.37; 1.43,Zhuo 2018,1.656,0.286,4,Ag-S-Sn,,
Ag2SnSe3,0.81,consensus of 3 reports,3,0.7; 0.81; 0.84,Zhuo 2018,0.769,-0.041,4,Ag-Se-Sn,0.001,
Ag3AsS3,2.13,Borlido 2019,9,1.86; 1.98; 2; 2.03; 2.1; 2.13; 2.18; 2.2; 2.24,Borlido 2019; Zhuo 2018,1.875,-0.255,1,Ag-As-S,1.134,1.922
Ag3AsSe3,2.1,consensus of 7 reports,7,1.86; 1.98; 2.07; 2.1; 2.18; 2.2; 2.24,Zhuo 2018,1.099,-1.001,3,Ag-As-Se,0.68,1.415
Ag3SbS3,1.93,Borlido 2019,13,1.75; 1.77; 1.81; 1.93; 2.02; 2.05; 2.08; 2.1; 2.13; 2.17; 2.17; 2.2; 2.33,Borlido 2019; Zhuo 2018,1.867,-0.063,0,Ag-S-Sb,1.153,1.975
Ag5IO6,1.4,Borlido 2019,2,1.4; 1.4,Borlido 2019; Zhuo 2018,1.506,0.106,1,Ag-I-O,0.097,1.034
Ag7AsS6,1.0,consensus of 1 report,1,1,Zhuo 2018,1.494,0.494,1,Ag-As-S,,
Ag7AsSe6,1.0,consensus of 1 report,1,1,Zhuo 2018,0.619,-0.381,3,Ag-As-Se,,
Ag8GeS6,1.18,consensus of 1 report,1,1.18,Zhuo 2018,1.311,0.131,4,Ag-Ge-S,,
Ag8SnSe6,0.71,consensus of 1 report,1,0.71,Zhuo 2018,0.498,-0.212,4,Ag-Se-Sn,0.0,0.757
AgAsS2,2.2,consensus of 2 reports,2,2.14; 2.26,Zhuo 2018,2.141,-0.059,1,Ag-As-S,1.245,1.988
AgAsSe2,1.4,consensus of 1 report,1,1.4,Zhuo 2018,0.706,-0.694,3,Ag-As-Se,0.0,0.325
AgBi(PS3)2,1.7,Borlido 2019,2,1.7; 1.7,Borlido 2019; Zhuo 2018,1.898,0.198,1,Ag-Bi-P-S,1.138,1.746
AgBi(PSe3)2,1.4,Borlido 2019,2,1.4; 1.4,Borlido 2019; Zhuo 2018,1.589,0.189,1,Ag-Bi-P-Se,1.19,2.096
AgBiPbS3,1.2,consensus of 1 report,1,1.2,Zhuo 2018,0.646,-0.554,0,Ag-Bi-Pb-S,0.105,0.637
AgBiPbSe3,0.13,consensus of 1 report,1,0.13,Zhuo 2018,0.271,0.141,3,Ag-Bi-Pb-Se,,
AgBiS2,0.9,consensus of 1 report,1,0.9,Zhuo 2018,0.77,-0.13,0,Ag-Bi-S,0.485,0.805
AgBiSe2,0.34,consensus of 1 report,1,0.34,Zhuo 2018,0.407,0.067,1,Ag-Bi-Se,0.161,0.428
AgBr,2.71,Borlido 2019,2,2.52; 2.71,Borlido 2019; Zhuo 2018,3.06,0.35,4,Ag-Br,0.73,2.515
AgCl,3.25,Borlido 2019,2,3.25; 5.13,Borlido 2019; Zhuo 2018,3.006,-0.244,0,Ag-Cl,0.888,2.407
AgF,2.8,Borlido 2019,2,2.8; 2.8,Borlido 2019; Zhuo 2018,2.311,-0.489,2,Ag-F,0.0,1.672
AgI,2.965,Borlido 2019,8,2.8; 2.82; 2.91; 2.92; 3.01; 3.02; 3.02; 3.02,Borlido 2019; Zhuo 2018,3.098,0.133,2,Ag-I,1.259,2.456
AgN3,3.67,consensus of 2 reports,2,3.44; 3.9,Zhuo 2018,2.86,-0.81,1,Ag-N,1.783,2.82
AgO,1.57,consensus of 1 report,1,1.57,Zhuo 2018,1.491,-0.079,1,Ag-O,0.04,0.767
AgP15,1.47,consensus of 1 report,1,1.47,Zhuo 2018,1.434,-0.036,4,Ag-P,1.105,1.774
AgPd(IO3)3,1.5,consensus of 1 report,1,1.5,Zhuo 2018,2.965,1.465,0,Ag-I-O-Pd,1.292,2.805
AgS,1.25,consensus of 6 reports,6,0.9; 1; 1.2; 1.3; 1.34; 1.4,Zhuo 2018,1.306,0.056,0,Ag-S,0.0,
AgSO4,0.18,consensus of 1 report,1,0.18,Zhuo 2018,2.629,2.449,4,Ag-O-S,0.0,
AgSbS2,1.9,consensus of 3 reports,3,1.88; 1.9; 1.99,Zhuo 2018,1.759,-0.141,0,Ag-S-Sb,1.242,1.911
AgSbSe2,0.67,consensus of 5 reports,5,0.58; 0.62; 0.67; 0.74; 0.85,Zhuo 2018,0.783,0.113,0,Ag-Sb-Se,0.0,0.0
AgSbTe2,0.48,consensus of 3 reports,3,0.35; 0.48; 0.6,Zhuo 2018,0.481,0.001,4,Ag-Sb-Te,0.0,0.006
AgTe,0.79,consensus of 2 reports,2,0.73; 0.85,Zhuo 2018,0.597,-0.193,0,Ag-Te,,
AgTe2As,0.8,consensus of 1 report,1,0.8,Zhuo 2018,0.492,-0.308,0,Ag-As-Te,,
Al0.01Cd0.99Sb0.01Te0.99,1.6,consensus of 1 report,1,1.6,Zhuo 2018,1.114,-0.486,3,Al-Cd-Sb-Te,,
Al0.01Ga0.99P1,2.27,consensus of 1 report,1,2.27,Zhuo 2018,2.129,-0.141,1,Al-Ga-P,,
Al0.01In0.99P1,1.3,consensus of 1 report,1,1.3,Zhuo 2018,1.368,0.068,0,Al-In-P,,
Al0.05Cd0.95Sb0.05Te0.95,1.37,consensus of 1 report,1,1.37,Zhuo 2018,0.993,-0.377,3,Al-Cd-Sb-Te,,
Al0.15Ga0.85As1,1.6,consensus of 1 report,1,1.6,Zhuo 2018,1.365,-0.235,0,Al-As-Ga,,
Al0.1Cd0.9Sb0.1Te0.9,1.36,consensus of 1 report,1,1.36,Zhuo 2018,0.995,-0.365,3,Al-Cd-Sb-Te,,
Al0.1In0.9P1,1.5,consensus of 1 report,1,1.5,Zhuo 2018,1.451,-0.049,0,Al-In-P,,
Al0.2Ga0.8P1,2.3,consensus of 1 report,1,2.3,Zhuo 2018,2.083,-0.217,1,Al-Ga-P,,
Al0.2In0.8P1,1.7,consensus of 1 report,1,1.7,Zhuo 2018,1.659,-0.041,0,Al-In-P,,
Al0.35Ga0.65As1,2.0,consensus of 1 report,1,2,Zhuo 2018,1.369,-0.631,0,Al-As-Ga,,
Al0.3Ga0.7As1,1.81,consensus of 1 report,1,1.81,Zhuo 2018,1.367,-0.443,0,Al-As-Ga,,
Al0.3In0.7P1,1.9,consensus of 1 report,1,1.9,Zhuo 2018,1.698,-0.202,0,Al-In-P,,
Al0.45Cd0.55Sb0.45Te0.55,1.93,consensus of 1 report,1,1.93,Zhuo 2018,0.877,-1.053,3,Al-Cd-Sb-Te,,
Al0.4Cd0.6Sb0.4Te0.6,1.8,consensus of 1 report,1,1.8,Zhuo 2018,0.902,-0.898,3,Al-Cd-Sb-Te,,
Al0.4Ga0.6P1,2.35,consensus of 1 report,1,2.35,Zhuo 2018,2.104,-0.246,1,Al-Ga-P,,
Al0.4In0.6P1,2.12,consensus of 1 report,1,2.12,Zhuo 2018,1.739,-0.381,0,Al-In-P,,
Al0.5Ga0.5As1,2.12,consensus of 1 report,1,2.12,Zhuo 2018,1.359,-0.761,0,Al-As-Ga,,
Al0.5In0.5P1,2.35,consensus of 2 reports,2,2.3; 2.4,Zhuo 2018,1.711,-0.639,0,Al-In-P,,
Al0.6Ga0.4As1,2.3,consensus of 1 report,1,2.3,Zhuo 2018,1.345,-0.955,0,Al-As-Ga,,
Al0.6Ga0.4P1,2.4,consensus of 1 report,1,2.4,Zhuo 2018,2.254,-0.146,1,Al-Ga-P,,
Al0.6In0.4P1,2.3,consensus of 1 report,1,2.3,Zhuo 2018,1.748,-0.552,0,Al-In-P,,
Al0.75Ga0.25As1,2.42,consensus of 1 report,1,2.42,Zhuo 2018,1.409,-1.011,0,Al-As-Ga,,
Al0.7In0.3P1,2.3,consensus of 1 report,1,2.3,Zhuo 2018,1.748,-0.552,0,Al-In-P,,
Al0.8Ga0.2P1,2.43,consensus of 1 report,1,2.43,Zhuo 2018,2.165,-0.265,1,Al-Ga-P,,
Al0.99Cd0.01Sb0.99Te0.01,2.21,consensus of 1 report,1,2.21,Zhuo 2018,1.187,-1.023,3,Al-Cd-Sb-Te,,
Al0.99Ga0.01P1,2.49,consensus of 1 report,1,2.49,Zhuo 2018,2.317,-0.173,1,Al-Ga-P,,
Al0.99In0.01P1,2.4,consensus of 1 report,1,2.4,Zhuo 2018,2.228,-0.172,0,Al-In-P,,
Al2CdS4,3.58,Borlido 2019,1,3.58,Borlido 2019,3.684,0.104,2,Al-Cd-S,2.638,3.694
Al2O3,8.8,Borlido 2019,1,8.8,Borlido 2019,5.861,-2.939,4,Al-O,4.851,6.442
Al2S3,4.1,consensus of 1 report,1,4.1,Zhuo 2018,4.015,-0.085,0,Al-S,2.501,3.38
Al2Se3,3.125,consensus of 2 reports,2,3.1; 3.15,Zhuo 2018,3.01,-0.115,3,Al-Se,1.878,2.988
Al2Te3,2.35,consensus of 2 reports,2,2.2; 2.5,Zhuo 2018,2.281,-0.069,1,Al-Te,1.776,2.273
Al2ZnS4,3.5,Borlido 2019,1,3.5,Borlido 2019,3.293,-0.207,3,Al-S-Zn,1.754,3.306
AlAgO2,2.95,Borlido 2019,2,2.95; 3.6,Borlido 2019; Zhuo 2018,2.503,-0.447,3,Ag-Al-O,1.237,2.39
AlAgS2,3.13,Borlido 2019,2,3.13; 3.13,Borlido 2019; Zhuo 2018,3.353,0.223,0,Ag-Al-S,1.84,2.914
AlAgSe2,2.55,Borlido 2019,2,2.55; 2.55,Borlido 2019; Zhuo 2018,2.329,-0.221,3,Ag-Al-Se,1.178,2.263
AlAgTe2,2.35,Borlido 2019,3,1.8; 1.9; 2.35,Borlido 2019; Zhuo 2018,1.628,-0.722,2,Ag-Al-Te,1.075,1.916
AlAs,2.23,Borlido 2019,2,0; 2.23,Borlido 2019; Zhuo 2018,2.388,0.158,4,Al-As,1.568,2.154
AlB12,1.96,consensus of 3 reports,3,1.9; 1.96; 2.2,Zhuo 2018,1.365,-0.595,1,Al-B,,
AlBi,0.4,consensus of 1 report,1,0.4,Zhuo 2018,0.205,-0.195,0,Al-Bi,0.0,0.088
AlCuO2,2.99,Borlido 2019,1,2.99,Borlido 2019,2.808,-0.182,2,Al-Cu-O,2.086,2.082
AlCuS2,3.45,Borlido 2019,2,3.45; 3.5,Borlido 2019; Zhuo 2018,2.862,-0.588,2,Al-Cu-S,1.896,2.545
AlCuSe2,2.68,Borlido 2019,3,2.5; 2.68; 2.7,Borlido 2019; Zhuo 2018,2.246,-0.434,3,Al-Cu-Se,1.069,1.93
AlCuTe2,2.06,consensus of 1 report,1,2.06,Zhuo 2018,2.172,0.112,0,Al-Cu-Te,1.184,1.874
AlN,6.11,Borlido 2019 + curated literature,7,5.9; 6.03; 6.09; 6.11; 6.11; 6.2; 6.28,Borlido 2019; Zhuo 2018; curated literature,4.751,-1.359,4,Al-N,3.545,4.801
AlP,2.45,Borlido 2019,12,2.42; 2.43; 2.45; 2.5; 2.51; 2.51; 2.52; 2.53; 3; 3.1; 3.62; 3.63,Borlido 2019; Zhuo 2018,2.781,0.331,4,Al-P,1.794,2.563
AlPO4,7.89,Borlido 2019,1,7.89,Borlido 2019,7.209,-0.681,2,Al-O-P,5.438,8.325
AlSb,1.69,Borlido 2019 + curated literature,17,1.32; 1.49; 1.5; 1.52; 1.6; 1.62; 1.63; 1.65; 1.67; 1.68; 1.69; 1.69; 1.69; 1.7; 1.7; 1.8; 2.22,Borlido 2019; Zhuo 2018; curated literature,1.689,-0.001,3,Al-Sb,1.219,1.777
AlV(TeO4)2,2.9,consensus of 1 report,1,2.9,Zhuo 2018,2.901,0.001,1,Al-O-Te-V,,
Ar,14.15,Borlido 2019,1,14.15,Borlido 2019,10.613,-3.537,1,Ar,8.667,11.96
As2Ir,1.0,consensus of 1 report,1,1,Zhuo 2018,0.66,-0.34,2,As-Ir,0.837,1.22
As2O3,4.0,consensus of 1 report,1,4,Zhuo 2018,5.63,1.63,0,As-O,3.581,5.142
As2Os,0.92,Borlido 2019,3,0.9; 0.92; 0.92,Borlido 2019; Zhuo 2018,0.719,-0.201,4,As-Os,0.651,1.307
As2Pt,0.55,consensus of 3 reports,3,0.5; 0.55; 0.8,Zhuo 2018,0.645,0.095,1,As-Pt,0.182,0.451
As2Rh,1.15,consensus of 1 report,1,1.15,Zhuo 2018,0.668,-0.482,3,As-Rh,0.239,0.686
As2Ru,0.8,consensus of 1 report,1,0.8,Zhuo 2018,0.889,0.089,0,As-Ru,0.51,0.798
As2S3,2.6,Borlido 2019,25,1.89; 2; 2.06; 2.1; 2.2; 2.21; 2.23; 2.32; 2.35; 2.36; 2.36; 2.37; 2.43; 2.45; 2.48; 2.5; 2.56; 2.57; 2.6; 2.6; 2.64; 2.74; 2.78; 2.8; 3,Borlido 2019; Zhuo 2018,2.645,0.045,0,As-S,1.719,2.65
As2S5,2.48,consensus of 1 report,1,2.48,Zhuo 2018,2.356,-0.124,0,As-S,,
As2Se3,2.15,Borlido 2019,8,1.7; 1.73; 1.77; 1.8; 1.81; 1.84; 1.85; 2.15,Borlido 2019; Zhuo 2018,1.414,-0.736,3,As-Se,0.733,1.524
AsBr3,2.6,consensus of 1 report,1,2.6,Zhuo 2018,3.128,0.528,0,As-Br,2.19,3.072
AsI3,2.47,Borlido 2019,4,2.29; 2.47; 2.47; 2.54,Borlido 2019; Zhuo 2018,1.863,-0.607,1,As-I,2.165,2.823
AsOsS,1.3,consensus of 1 report,1,1.3,Zhuo 2018,1.199,-0.101,1,As-Os-S,1.158,
AsP,0.23,consensus of 1 report,1,0.23,Zhuo 2018,1.144,0.914,2,As-P,0.0,0.0
AsPPd,0.45,consensus of 1 report,1,0.45,Zhuo 2018,0.375,-0.075,2,As-P-Pd,0.0,
AsPPt,0.4,consensus of 1 report,1,0.4,Zhuo 2018,0.745,0.345,3,As-P-Pt,0.608,
AsPRu,0.8,consensus of 1 report,1,0.8,Zhuo 2018,0.816,0.016,3,As-P-Ru,,
AsRuS,1.2,consensus of 1 report,1,1.2,Zhuo 2018,1.039,-0.161,1,As-Ru-S,0.892,0.987
AsS,2.4,consensus of 1 report,1,2.4,Zhuo 2018,2.279,-0.121,0,As-S,1.645,2.439
AsSI,2.05,consensus of 1 report,1,2.05,Zhuo 2018,1.387,-0.663,2,As-I-S,0.0,
AsSeI,1.76,consensus of 1 report,1,1.76,Zhuo 2018,1.253,-0.507,0,As-I-Se,1.139,1.764
B,2.0,Borlido 2019,1,2,Borlido 2019,1.917,-0.083,3,B,1.554,2.013
B2Mo(PbO2)6,2.9,consensus of 1 report,1,2.9,Zhuo 2018,2.088,-0.812,1,B-Mo-O-Pb,,
B2O3,4.895,consensus of 2 reports,2,4.89; 4.9,Zhuo 2018,8.167,3.272,0,B-O,6.541,9.188
B2Se2O7,4.64,consensus of 1 report,1,4.64,Zhuo 2018,5.037,0.397,3,B-O-Se,3.885,
B3H2Pb2O7.5,4.42,consensus of 1 report,1,4.42,Zhuo 2018,3.906,-0.514,0,B-H-O-Pb,,
B3Pb10Br3O13,3.25,consensus of 1 report,1,3.25,Zhuo 2018,2.761,-0.489,3,B-Br-O-Pb,,
B3Pb3NO10,3.64,consensus of 1 report,1,3.64,Zhuo 2018,3.771,0.131,4,B-N-O-Pb,,
B4C,1.64,consensus of 1 report,1,1.64,Zhuo 2018,2.372,0.732,0,B-C,1.509,2.486
B4H2Pb6O13,3.24,consensus of 1 report,1,3.24,Zhuo 2018,3.24,-0.0,0,B-H-O-Pb,,
B6As,1.51,consensus of 1 report,1,1.51,Zhuo 2018,2.378,0.868,2,As-B,2.65,3.459
B6P,3.35,Borlido 2019,3,3.3; 3.3; 3.35,Borlido 2019; Zhuo 2018,1.668,-1.682,3,B-P,2.482,3.442
BAs,1.455,consensus of 2 reports,2,1.45; 1.46,Zhuo 2018,2.307,0.852,2,As-B,1.328,1.852
BH(PbO2)2,3.76,consensus of 1 report,1,3.76,Zhuo 2018,3.724,-0.036,0,B-H-O-Pb,3.023,3.874
BN,6.16,Borlido 2019,2,5.96; 6.36,Borlido 2019,5.324,-0.836,2,B-N,4.424,5.813
BP,2.1,Borlido 2019,2,2.1; 4.2,Borlido 2019; Zhuo 2018,1.888,-0.212,3,B-P,1.306,1.879
BPb2ClO3,3.99,consensus of 1 report,1,3.99,Zhuo 2018,3.071,-0.919,1,B-Cl-O-Pb,,
BPb6BrO7,2.84,consensus of 1 report,1,2.84,Zhuo 2018,2.31,-0.53,3,B-Br-O-Pb,,
BPb7Br3O7,2.62,consensus of 1 report,1,2.62,Zhuo 2018,2.463,-0.157,3,B-Br-O-Pb,,
BSb,2.6,consensus of 1 report,1,2.6,Zhuo 2018,1.129,-1.471,4,B-Sb,0.888,1.222
BSbPbS4,1.8,consensus of 1 report,1,1.8,Zhuo 2018,2.071,0.271,4,B-Pb-S-Sb,,
Ba(BO2)2,6.43,consensus of 3 reports,3,6.2; 6.43; 6.7,Zhuo 2018,4.45,-1.98,3,B-Ba-O,,
Ba(CuS)2,2.1,Borlido 2019,1,2.1,Borlido 2019,1.346,-0.754,2,Ba-Cu-S,0.701,1.415
Ba(GaS2)2,4.13,consensus of 1 report,1,4.13,Zhuo 2018,2.781,-1.349,0,Ba-Ga-S,,
Ba(GaSe2)2,3.16,consensus of 1 report,1,3.16,Zhuo 2018,2.803,-0.357,3,Ba-Ga-Se,1.771,2.729
Ba(InS2)2,3.06,consensus of 1 report,1,3.06,Zhuo 2018,2.604,-0.456,2,Ba-In-S,2.064,
Ba(InSe2)2,2.63,consensus of 1 report,1,2.63,Zhuo 2018,2.156,-0.474,0,Ba-In-Se,,
Ba(ZnAs)2,0.23,Borlido 2019,2,0.23; 0.23,Borlido 2019; Zhuo 2018,0.671,0.441,0,As-Ba-Zn,0.159,0.225
Ba1.88Ta15O32,0.13,consensus of 1 report,1,0.13,Zhuo 2018,0.85,0.72,0,Ba-O-Ta,,
Ba12In4S19,2.56,consensus of 1 report,1,2.56,Zhuo 2018,2.42,-0.14,2,Ba-In-S,,
Ba23Ga8(SbS19)2,2.84,consensus of 1 report,1,2.84,Zhuo 2018,2.755,-0.085,3,Ba-Ga-S-Sb,,
Ba2B4H2O9,5.12,consensus of 1 report,1,5.12,Zhuo 2018,5.999,0.879,3,B-Ba-H-O,,
Ba2B6H4O13,6.53,consensus of 1 report,1,6.53,Zhuo 2018,5.406,-1.124,3,B-Ba-H-O,,
Ba2B6O11,5.17,consensus of 1 report,1,5.17,Zhuo 2018,4.821,-0.349,3,B-Ba-O,,
Ba2Cd(BO2)6,4.59,consensus of 1 report,1,4.59,Zhuo 2018,4.809,0.219,2,B-Ba-Cd-O,4.576,6.728
Ba2CeInTe5,1.35,consensus of 1 report,1,1.35,Zhuo 2018,1.385,0.035,3,Ba-Ce-In-Te,,
Ba2DyGaSe5,2.35,consensus of 1 report,1,2.35,Zhuo 2018,2.207,-0.143,3,Ba-Dy-Ga-Se,1.658,
Ba2DyGaTe5,1.13,consensus of 1 report,1,1.13,Zhuo 2018,1.324,0.194,4,Ba-Dy-Ga-Te,,
Ba2DyInSe5,2.27,consensus of 1 report,1,2.27,Zhuo 2018,2.255,-0.015,4,Ba-Dy-In-Se,1.013,
Ba2DyInTe5,1.35,consensus of 1 report,1,1.35,Zhuo 2018,1.32,-0.03,2,Ba-Dy-In-Te,0.623,
Ba2ErGaSe5,1.95,consensus of 1 report,1,1.95,Zhuo 2018,2.342,0.392,0,Ba-Er-Ga-Se,1.674,
Ba2ErGaTe5,1.15,consensus of 1 report,1,1.15,Zhuo 2018,0.971,-0.179,3,Ba-Er-Ga-Te,0.344,
Ba2ErInSe5,2.29,consensus of 1 report,1,2.29,Zhuo 2018,1.992,-0.298,3,Ba-Er-In-Se,1.038,
Ba2ErInTe5,1.35,consensus of 1 report,1,1.35,Zhuo 2018,1.353,0.003,1,Ba-Er-In-Te,0.625,
Ba2Ga8GeS16,3.0,consensus of 1 report,1,3,Zhuo 2018,2.848,-0.152,1,Ba-Ga-Ge-S,,
Ba2Ga8SiS16,3.4,consensus of 1 report,1,3.4,Zhuo 2018,2.878,-0.522,1,Ba-Ga-S-Si,,
Ba2GaAsSe5,1.39,consensus of 1 report,1,1.39,Zhuo 2018,2.377,0.987,4,As-Ba-Ga-Se,1.75,2.503
Ba2GaBiS5,2.38,consensus of 1 report,1,2.38,Zhuo 2018,2.211,-0.169,2,Ba-Bi-Ga-S,2.22,3.015
Ba2GaBiSe5,2.21,consensus of 1 report,1,2.21,Zhuo 2018,1.877,-0.333,1,Ba-Bi-Ga-Se,1.625,2.286
Ba2GaBiTe5,1.43,consensus of 1 report,1,1.43,Zhuo 2018,1.256,-0.174,2,Ba-Bi-Ga-Te,1.072,1.605
Ba2GaS4,2.55,consensus of 1 report,1,2.55,Zhuo 2018,2.513,-0.037,0,Ba-Ga-S,,
Ba2GaSbSe5,2.51,consensus of 1 report,1,2.51,Zhuo 2018,2.125,-0.385,4,Ba-Ga-Sb-Se,1.573,2.224
Ba2GaSbTe5,1.66,consensus of 1 report,1,1.66,Zhuo 2018,1.397,-0.263,2,Ba-Ga-Sb-Te,1.008,1.548
Ba2GaSe4,1.63,consensus of 1 report,1,1.63,Zhuo 2018,2.093,0.463,3,Ba-Ga-Se,,
Ba2GdGaSe5,1.87,consensus of 1 report,1,1.87,Zhuo 2018,2.214,0.344,3,Ba-Ga-Gd-Se,,
Ba2GdGaTe5,1.12,consensus of 1 report,1,1.12,Zhuo 2018,1.307,0.187,4,Ba-Ga-Gd-Te,,
Ba2GdInSe5,2.24,consensus of 1 report,1,2.24,Zhuo 2018,1.944,-0.296,1,Ba-Gd-In-Se,,
Ba2GdInTe5,1.36,consensus of 1 report,1,1.36,Zhuo 2018,1.139,-0.221,1,Ba-Gd-In-Te,,
Ba2HgS5,2.4,consensus of 1 report,1,2.4,Zhuo 2018,2.062,-0.338,4,Ba-Hg-S,1.661,2.683
Ba2In2S5,2.47,consensus of 1 report,1,2.47,Zhuo 2018,2.43,-0.04,2,Ba-In-S,,
Ba2In2Se5,2.12,consensus of 1 report,1,2.12,Zhuo 2018,2.129,0.009,0,Ba-In-Se,,
Ba2InAgS4,2.32,consensus of 1 report,1,2.32,Zhuo 2018,2.375,0.055,1,Ag-Ba-In-S,1.684,2.643
Ba2InBiS5,1.55,Borlido 2019,2,1.55; 1.55,Borlido 2019; Zhuo 2018,1.878,0.328,1,Ba-Bi-In-S,1.401,2.329
Ba2InSbSe5,1.92,consensus of 1 report,1,1.92,Zhuo 2018,1.707,-0.213,4,Ba-In-Sb-Se,0.736,1.391
Ba2NaCu3S5,0.45,consensus of 1 report,1,0.45,Zhuo 2018,2.033,1.583,1,Ba-Cu-Na-S,0.684,1.742
Ba2NdGaS5,2.12,consensus of 1 report,1,2.12,Zhuo 2018,2.25,0.13,1,Ba-Ga-Nd-S,,
Ba2NdGaSe5,2.18,consensus of 1 report,1,2.18,Zhuo 2018,1.921,-0.259,4,Ba-Ga-Nd-Se,,
Ba2NdInSe5,2.2,consensus of 1 report,1,2.2,Zhuo 2018,2.298,0.098,2,Ba-In-Nd-Se,0.924,
Ba2NdInTe5,1.37,consensus of 1 report,1,1.37,Zhuo 2018,1.245,-0.125,4,Ba-In-Nd-Te,0.54,
Ba2Sb7HO14,2.7,consensus of 1 report,1,2.7,Zhuo 2018,4.376,1.676,1,Ba-H-O-Sb,,
Ba2ScTaO6,4.19,consensus of 1 report,1,4.19,Zhuo 2018,4.161,-0.029,2,Ba-O-Sc-Ta,3.065,
Ba2SmGaSe5,2.27,consensus of 1 report,1,2.27,Zhuo 2018,2.411,0.141,2,Ba-Ga-Se-Sm,1.63,
Ba2SmGaTe5,1.04,consensus of 1 report,1,1.04,Zhuo 2018,1.416,0.376,2,Ba-Ga-Sm-Te,,
Ba2SmInSe5,2.22,consensus of 1 report,1,2.22,Zhuo 2018,2.22,-0.0,3,Ba-In-Se-Sm,0.955,
Ba2SmInTe5,1.36,consensus of 1 report,1,1.36,Zhuo 2018,1.286,-0.074,0,Ba-In-Sm-Te,,
Ba2SmTaO6,3.02,consensus of 1 report,1,3.02,Zhuo 2018,3.099,0.079,3,Ba-O-Sm-Ta,3.415,4.635
Ba2SnSe4,1.9,consensus of 1 report,1,1.9,Zhuo 2018,2.039,0.139,4,Ba-Se-Sn,1.235,2.009
Ba2SnSe5,1.8,consensus of 1 report,1,1.8,Zhuo 2018,1.651,-0.149,4,Ba-Se-Sn,1.234,2.065
Ba2TaInO6,4.17,Borlido 2019,2,4.17; 4.17,Borlido 2019; Zhuo 2018,4.464,0.294,1,Ba-In-O-Ta,4.216,
Ba2V2Te2O11,3.16,consensus of 1 report,1,3.16,Zhuo 2018,2.904,-0.256,2,Ba-O-Te-V,,
Ba2V2ZnO8,3.48,consensus of 1 report,1,3.48,Zhuo 2018,2.412,-1.068,2,Ba-O-V-Zn,,
Ba2V4(TeO6)3,2.64,consensus of 1 report,1,2.64,Zhuo 2018,2.735,0.095,2,Ba-O-Te-V,,
Ba2YGaSe5,2.31,consensus of 1 report,1,2.31,Zhuo 2018,2.396,0.086,0,Ba-Ga-Se-Y,1.649,2.465
Ba2YGaTe5,1.08,consensus of 1 report,1,1.08,Zhuo 2018,1.312,0.232,0,Ba-Ga-Te-Y,0.379,1.011
Ba2YInSe5,2.31,consensus of 1 report,1,2.31,Zhuo 2018,2.235,-0.075,1,Ba-In-Se-Y,1.047,1.902
Ba2YInTe5,1.36,consensus of 1 report,1,1.36,Zhuo 2018,1.364,0.004,4,Ba-In-Te-Y,0.647,1.302
Ba2Zn0.2B2S5.2,3.54,consensus of 1 report,1,3.54,Zhuo 2018,2.958,-0.582,3,B-Ba-S-Zn,,
Ba2ZnSe3,2.75,consensus of 1 report,1,2.75,Zhuo 2018,2.747,-0.003,1,Ba-Se-Zn,1.797,2.642
Ba2ZnTe3,2.1,consensus of 1 report,1,2.1,Zhuo 2018,2.592,0.492,1,Ba-Te-Zn,1.313,1.985
Ba3Ag2(SnS4)2,2.37,consensus of 1 report,1,2.37,Zhuo 2018,2.388,0.018,3,Ag-Ba-S-Sn,,
Ba3B1.5Sb0.5S6,3.01,consensus of 1 report,1,3.01,Zhuo 2018,2.91,-0.1,4,B-Ba-S-Sb,,
Ba3BSbS6,2.62,consensus of 1 report,1,2.62,Zhuo 2018,2.675,0.055,4,B-Ba-S-Sb,,
Ba3BSbSe6,1.89,consensus of 1 report,1,1.89,Zhuo 2018,1.874,-0.016,1,B-Ba-Sb-Se,,
Ba3Bi0.5B1.5S6,2.43,consensus of 1 report,1,2.43,Zhuo 2018,2.15,-0.28,2,B-Ba-Bi-S,,
Ba3Bi2TeO9,2.3,consensus of 1 report,1,2.3,Zhuo 2018,3.205,0.905,4,Ba-Bi-O-Te,2.158,2.974
Ba3Cd(SnS4)2,2.75,consensus of 1 report,1,2.75,Zhuo 2018,2.353,-0.397,0,Ba-Cd-S-Sn,,
Ba3Dy2(PS4)4,3.28,consensus of 1 report,1,3.28,Zhuo 2018,3.376,0.096,0,Ba-Dy-P-S,,
Ba3Er2(PS4)4,3.3,consensus of 1 report,1,3.3,Zhuo 2018,3.248,-0.052,4,Ba-Er-P-S,,
Ba3Eu(PO4)3,4.09,consensus of 1 report,1,4.09,Zhuo 2018,5.163,1.073,3,Ba-Eu-O-P,,
Ba3FeS4Br,1.65,consensus of 1 report,1,1.65,Zhuo 2018,1.431,-0.219,0,Ba-Br-Fe-S,1.243,2.254
Ba3Gd2(PS4)4,3.41,consensus of 1 report,1,3.41,Zhuo 2018,2.628,-0.782,4,Ba-Gd-P-S,,
Ba3GeS5,3.0,consensus of 1 report,1,3,Zhuo 2018,2.774,-0.226,1,Ba-Ge-S,2.025,3.047
Ba3Ho2(PS4)4,3.3,consensus of 1 report,1,3.3,Zhuo 2018,3.313,0.013,1,Ba-Ho-P-S,,
Ba3In2(PO4)4,3.87,consensus of 1 report,1,3.87,Zhuo 2018,4.29,0.42,2,Ba-In-O-P,,
Ba3InS4Cl,3.42,consensus of 1 report,1,3.42,Zhuo 2018,3.174,-0.246,2,Ba-Cl-In-S,2.75,3.783
Ba3La3(Cu3O7)2,1.8,consensus of 1 report,1,1.8,Zhuo 2018,2.609,0.809,4,Ba-Cu-La-O,,
Ba3MgTa2O9,4.28,Borlido 2019,2,4.28; 4.28,Borlido 2019; Zhuo 2018,4.583,0.303,1,Ba-Mg-O-Ta,3.353,4.386
Ba3Nb2Se9,1.3,consensus of 1 report,1,1.3,Zhuo 2018,1.689,0.389,3,Ba-Nb-Se,,
Ba3P3ClO10,6.89,consensus of 1 report,1,6.89,Zhuo 2018,4.767,-2.123,4,Ba-Cl-O-P,,
Ba3Sb2S7,2.4,consensus of 1 report,1,2.4,Zhuo 2018,1.965,-0.435,2,Ba-S-Sb,,
Ba3Sn(SbSe4)2,0.97,consensus of 1 report,1,0.97,Zhuo 2018,1.692,0.722,0,Ba-Sb-Se-Sn,,
Ba3Sn0.87Bi2.13Se8,0.79,consensus of 1 report,1,0.79,Zhuo 2018,1.25,0.46,0,Ba-Bi-Se-Sn,,
Ba3Ta2Se9,1.6,consensus of 1 report,1,1.6,Zhuo 2018,1.439,-0.161,2,Ba-Se-Ta,,
Ba3Ta2ZnO9,4.32,consensus of 1 report,1,4.32,Zhuo 2018,3.871,-0.449,0,Ba-O-Ta-Zn,3.446,
Ba3Ta5NO14,2.8,consensus of 1 report,1,2.8,Zhuo 2018,2.653,-0.147,1,Ba-N-O-Ta,,
Ba3Tb2(PS4)4,3.37,consensus of 1 report,1,3.37,Zhuo 2018,3.303,-0.067,1,Ba-P-S-Tb,,
Ba3V2(SeO4)4,2.87,consensus of 1 report,1,2.87,Zhuo 2018,3.142,0.272,0,Ba-O-Se-V,,
Ba4B11O20F,7.1,consensus of 1 report,1,7.1,Zhuo 2018,5.252,-1.848,1,B-Ba-F-O,,
Ba4Ga4GeSe12,2.18,consensus of 1 report,1,2.18,Zhuo 2018,2.168,-0.012,0,Ba-Ga-Ge-Se,,
Ba4Ga4SnSe12,2.16,consensus of 1 report,1,2.16,Zhuo 2018,2.281,0.121,3,Ba-Ga-Se-Sn,,
Ba4Ga5AgS12,2.52,consensus of 1 report,1,2.52,Zhuo 2018,2.949,0.429,4,Ag-Ba-Ga-S,,
Ba4Ga5CuS12,2.82,consensus of 1 report,1,2.82,Zhuo 2018,1.961,-0.859,0,Ba-Cu-Ga-S,,
Ba4Ga5CuSe12,1.45,consensus of 1 report,1,1.45,Zhuo 2018,1.98,0.53,2,Ba-Cu-Ga-Se,,
Ba4Ga5Si18,0.31,consensus of 1 report,1,0.31,Zhuo 2018,1.2,0.89,3,Ba-Ga-Si,,
Ba4Ge3S9Cl2,2.91,consensus of 1 report,1,2.91,Zhuo 2018,2.608,-0.302,4,Ba-Cl-Ge-S,,
Ba4Ge3Se9Cl2,1.89,consensus of 1 report,1,1.89,Zhuo 2018,1.867,-0.023,4,Ba-Cl-Ge-Se,,
Ba4InAgSe6,2.41,consensus of 1 report,1,2.41,Zhuo 2018,2.027,-0.383,4,Ag-Ba-In-Se,,
Ba4InCuSe6,2.23,consensus of 1 report,1,2.23,Zhuo 2018,1.601,-0.629,4,Ba-Cu-In-Se,,
Ba4LiGa5Se12,2.65,consensus of 1 report,1,2.65,Zhuo 2018,2.381,-0.269,1,Ba-Ga-Li-Se,,
Ba4Sb3S8Cl,2.09,consensus of 1 report,1,2.09,Zhuo 2018,2.024,-0.066,0,Ba-Cl-S-Sb,,
Ba4Si3Se9Cl2,1.76,consensus of 1 report,1,1.76,Zhuo 2018,2.167,0.407,3,Ba-Cl-Se-Si,,
Ba5(Ga2Se5)2,2.2,consensus of 1 report,1,2.2,Zhuo 2018,2.198,-0.002,3,Ba-Ga-Se,,
Ba5(GaSe4)2,2.51,consensus of 1 report,1,2.51,Zhuo 2018,2.376,-0.134,3,Ba-Ga-Se,,
Ba5Cd(Ga2Se5)3,2.6,consensus of 1 report,1,2.6,Zhuo 2018,2.177,-0.423,2,Ba-Cd-Ga-Se,,
Ba5Ga6GeP12,1.39,consensus of 1 report,1,1.39,Zhuo 2018,1.359,-0.031,0,Ba-Ga-Ge-P,,
Ba5Ga6SnP12,1.21,consensus of 1 report,1,1.21,Zhuo 2018,1.391,0.181,0,Ba-Ga-P-Sn,,
Ba5In4Te4S7,2.13,consensus of 1 report,1,2.13,Zhuo 2018,2.278,0.148,3,Ba-In-S-Te,1.147,
Ba5V3O12F,3.85,consensus of 1 report,1,3.85,Zhuo 2018,3.662,-0.188,0,Ba-F-O-V,,
Ba6Ag2.7Sn4.3S16,1.48,consensus of 2 reports,2,1.38; 1.58,Zhuo 2018,2.352,0.872,3,Ag-Ba-S-Sn,,
Ba6Al4B14O33,3.44,consensus of 1 report,1,3.44,Zhuo 2018,5.912,2.472,0,Al-B-Ba-O,,
Ba6Ga2SnSe11,1.99,consensus of 1 report,1,1.99,Zhuo 2018,2.299,0.309,3,Ba-Ga-Se-Sn,,
Ba6Sn6Se13,1.52,consensus of 1 report,1,1.52,Zhuo 2018,1.565,0.045,4,Ba-Se-Sn,,
Ba7(SnS3)5,2.29,consensus of 1 report,1,2.29,Zhuo 2018,2.108,-0.182,0,Ba-S-Sn,,
Ba7B3O9F5,4.94,consensus of 1 report,1,4.94,Zhuo 2018,4.996,0.056,1,B-Ba-F-O,,
Ba7Ga5AgS15,2.6,consensus of 1 report,1,2.6,Zhuo 2018,2.607,0.007,4,Ag-Ba-Ga-S,,
Ba8Al10B12O41,3.1,consensus of 1 report,1,3.1,Zhuo 2018,5.791,2.691,0,Al-B-Ba-O,,
Ba8Hg4Se7S5,1.98,consensus of 1 report,1,1.98,Zhuo 2018,1.912,-0.068,3,Ba-Hg-S-Se,,
Ba8Sn4S15,2.31,consensus of 1 report,1,2.31,Zhuo 2018,2.319,0.009,0,Ba-S-Sn,,
BaAg2GeS4,2.02,Borlido 2019,1,2.02,Borlido 2019,2.234,0.214,4,Ag-Ba-Ge-S,0.578,1.726
BaAg2SnS4,1.77,Borlido 2019,1,1.77,Borlido 2019,2.109,0.339,3,Ag-Ba-S-Sn,0.437,1.419
BaAgSbS3,2.2,consensus of 1 report,1,2.2,Zhuo 2018,2.227,0.027,3,Ag-Ba-S-Sb,1.34,2.065
BaAl4Se7,3.4,consensus of 1 report,1,3.4,Zhuo 2018,3.173,-0.227,4,Al-Ba-Se,2.542,3.379
BaAu(IO3)5,2.32,consensus of 1 report,1,2.32,Zhuo 2018,3.073,0.753,3,Au-Ba-I-O,,
BaB6,2.64,consensus of 1 report,1,2.64,Zhuo 2018,3.181,0.541,2,B-Ba,0.018,0.383
BaBClF4,6.89,consensus of 1 report,1,6.89,Zhuo 2018,7.242,0.352,2,B-Ba-Cl-F,6.014,
BaBSbS4,2.7,Borlido 2019,2,2.34; 2.7,Borlido 2019; Zhuo 2018,3.133,0.433,4,B-Ba-S-Sb,2.278,3.119
BaBiBS4,2.34,Borlido 2019,1,2.34,Borlido 2019,1.893,-0.447,2,B-Ba-Bi-S,1.813,2.644
BaBiClO2,3.71,Borlido 2019,2,3.71; 3.71,Borlido 2019; Zhuo 2018,2.86,-0.85,3,Ba-Bi-Cl-O,2.468,
BaCaB2O5,5.6,consensus of 1 report,1,5.6,Zhuo 2018,4.761,-0.839,4,B-Ba-Ca-O,,
BaCdSnS4,2.3,consensus of 1 report,1,2.3,Zhuo 2018,2.562,0.262,0,Ba-Cd-S-Sn,2.05,
BaCl2,7.0,Borlido 2019,1,7,Borlido 2019,7.934,0.934,3,Ba-Cl,5.034,6.37
BaCu2GeS4,2.47,Borlido 2019,1,2.47,Borlido 2019,2.099,-0.371,0,Ba-Cu-Ge-S,1.351,2.235
BaCu2SnSe3S,1.59,curated literature,1,1.59,curated literature,1.962,0.372,2,Ba-Cu-S-Se-Sn,,
BaCu2SnSe4,1.72,Borlido 2019,2,0.48; 1.72,Borlido 2019; Zhuo 2018,1.615,-0.105,2,Ba-Cu-Se-Sn,0.597,1.458
BaCuSbS3,2.0,consensus of 1 report,1,2,Zhuo 2018,1.896,-0.104,2,Ba-Cu-S-Sb,,
BaCuSbSe3,1.6,consensus of 1 report,1,1.6,Zhuo 2018,1.551,-0.049,1,Ba-Cu-Sb-Se,,
BaCuTeF,2.3,Borlido 2019,2,2.3; 2.3,Borlido 2019; Zhuo 2018,2.18,-0.12,4,Ba-Cu-F-Te,1.18,1.852
BaF2,9.1,Borlido 2019,5,9.06; 9.1; 9.1; 9.2; 9.21,Borlido 2019; Zhuo 2018,9.25,0.15,1,Ba-F,6.824,8.705
BaGa2GeS6,3.245,consensus of 2 reports,2,3.23; 3.26,Zhuo 2018,3.103,-0.142,1,Ba-Ga-Ge-S,2.577,
BaGa2GeSe6,2.515,consensus of 2 reports,2,2.22; 2.81,Zhuo 2018,2.458,-0.057,0,Ba-Ga-Ge-Se,1.744,
BaGa2SiS6,3.75,consensus of 1 report,1,3.75,Zhuo 2018,3.302,-0.448,1,Ba-Ga-S-Si,2.88,
BaGa2SiSe6,2.88,consensus of 1 report,1,2.88,Zhuo 2018,2.518,-0.362,2,Ba-Ga-Se-Si,2.082,
BaGa2SnSe6,1.775,consensus of 2 reports,2,1.6; 1.95,Zhuo 2018,1.852,0.077,3,Ba-Ga-Se-Sn,,
BaGa4S7,3.54,consensus of 1 report,1,3.54,Zhuo 2018,3.629,0.089,0,Ba-Ga-S,2.451,3.415
BaGa4Se7,2.64,consensus of 1 report,1,2.64,Zhuo 2018,2.462,-0.178,3,Ba-Ga-Se,1.48,2.405
BaGe2,0.97,Borlido 2019,2,0.97; 1,Borlido 2019; Zhuo 2018,0.747,-0.223,0,Ba-Ge,0.28,
BaGe4(IrS3)2,1.54,consensus of 1 report,1,1.54,Zhuo 2018,1.858,0.318,1,Ba-Ge-Ir-S,,
BaGe4(IrSe3)2,1.33,consensus of 1 report,1,1.33,Zhuo 2018,1.096,-0.234,1,Ba-Ge-Ir-Se,,
BaGe4(RhSe3)2,1.09,consensus of 1 report,1,1.09,Zhuo 2018,1.184,0.094,3,Ba-Ge-Rh-Se,,
BaHgS2,1.93,Borlido 2019,2,1.93; 1.93,Borlido 2019; Zhuo 2018,1.784,-0.146,4,Ba-Hg-S,1.247,2.134
BaHgSe2,1.56,consensus of 1 report,1,1.56,Zhuo 2018,1.468,-0.092,2,Ba-Hg-Se,0.795,
BaIn2(P2O7)2,3.97,consensus of 1 report,1,3.97,Zhuo 2018,4.329,0.359,2,Ba-In-O-P,,
BaLa2In2S7,1.87,consensus of 1 report,1,1.87,Zhuo 2018,2.29,0.42,0,Ba-In-La-S,,
BaLa2In2Se7,1.66,consensus of 1 report,1,1.66,Zhuo 2018,1.804,0.144,1,Ba-In-La-Se,,
BaLa2Te5O14,3.81,consensus of 1 report,1,3.81,Zhuo 2018,3.221,-0.589,4,Ba-La-O-Te,,
BaNa2GeS4,3.7,consensus of 1 report,1,3.7,Zhuo 2018,2.951,-0.749,2,Ba-Ge-Na-S,,
BaNa2GeSe4,2.25,consensus of 1 report,1,2.25,Zhuo 2018,2.251,0.001,3,Ba-Ge-Na-Se,,
BaNa2SnS4,3.27,consensus of 1 report,1,3.27,Zhuo 2018,3.279,0.009,1,Ba-Na-S-Sn,,
BaNa2SnSe4,2.46,consensus of 1 report,1,2.46,Zhuo 2018,2.416,-0.044,2,Ba-Na-Se-Sn,,
BaNaB5O9,4.78,consensus of 1 report,1,4.78,Zhuo 2018,4.548,-0.232,0,B-Ba-Na-O,,
BaO,4.8,Borlido 2019,2,4.8; 4.8,Borlido 2019; Zhuo 2018,4.631,-0.169,4,Ba-O,2.112,3.594
BaPd(IO3)4,1.97,consensus of 1 report,1,1.97,Zhuo 2018,3.126,1.156,0,Ba-I-O-Pd,1.931,3.585
BaPdSe6,2.15,consensus of 1 report,1,2.15,Zhuo 2018,1.043,-1.107,1,Ba-Pd-Se,,
BaPrO3,2.0,consensus of 1 report,1,2,Zhuo 2018,1.161,-0.839,1,Ba-O-Pr,0.0,
BaReH9,3.44,consensus of 1 report,1,3.44,Zhuo 2018,3.524,0.084,3,Ba-H-Re,3.46,4.801
BaS,3.81,Borlido 2019,3,3.81; 3.88; 3.9,Borlido 2019; Zhuo 2018,3.36,-0.45,3,Ba-S,2.147,3.177
BaSe,3.42,Borlido 2019,4,3.42; 3.58; 3.6; 3.7,Borlido 2019; Zhuo 2018,3.7,0.28,4,Ba-Se,1.916,2.782
BaSi2,1.15,Borlido 2019,2,1.15; 1.3,Borlido 2019; Zhuo 2018,1.054,-0.096,3,Ba-Si,0.032,0.581
BaSn2S5,2.35,consensus of 1 report,1,2.35,Zhuo 2018,2.308,-0.042,0,Ba-S-Sn,1.521,2.4
BaSnO3,3.7,Borlido 2019,2,3.1; 3.7,Borlido 2019; Zhuo 2018,2.933,-0.767,4,Ba-O-Sn,0.578,2.166
BaTaNO2,1.78,consensus of 1 report,1,1.78,Zhuo 2018,1.768,-0.012,1,Ba-N-O-Ta,0.323,1.449
BaTe,3.4,Borlido 2019,2,3.4; 3.4,Borlido 2019; Zhuo 2018,3.437,0.037,1,Ba-Te,1.581,2.148
BaTeMo2O9,2.95,Borlido 2019,2,2.95; 3.12,Borlido 2019; Zhuo 2018,3.012,0.062,2,Ba-Mo-O-Te,2.649,3.698
BaTiO3,3.06,consensus of 5 reports,5,2.96; 3.04; 3.06; 3.1; 3.13,Zhuo 2018,3.275,0.215,1,Ba-O-Ti,1.753,2.54
BaV2SeO8,2.13,consensus of 1 report,1,2.13,Zhuo 2018,2.978,0.848,0,Ba-O-Se-V,,
BaZnGeSe4,2.46,consensus of 1 report,1,2.46,Zhuo 2018,1.788,-0.672,1,Ba-Ge-Se-Zn,,
BaZnSO,3.9,Borlido 2019,2,3.9; 3.9,Borlido 2019; Zhuo 2018,2.898,-1.002,1,Ba-O-S-Zn,2.394,3.306
BaZnSiSe4,2.71,consensus of 1 report,1,2.71,Zhuo 2018,1.804,-0.906,1,Ba-Se-Si-Zn,,
Be3N2,3.8,consensus of 1 report,1,3.8,Zhuo 2018,4.529,0.729,1,Be-N,3.343,4.65
Be3Sb2,0.67,consensus of 1 report,1,0.67,Zhuo 2018,1.563,0.893,3,Be-Sb,,
BeO,10.59,Borlido 2019,2,10.39; 10.59,Borlido 2019; Zhuo 2018,7.61,-2.98,0,Be-O,7.418,9.12
BeS,4.17,consensus of 1 report,1,4.17,Zhuo 2018,6.279,2.109,1,Be-S,3.192,4.141
BeSe,5.5,Borlido 2019,2,4; 5.5,Borlido 2019; Zhuo 2018,4.003,-1.497,3,Be-Se,2.737,3.691
BeTe,2.8,Borlido 2019,2,2.8; 2.89,Borlido 2019; Zhuo 2018,2.878,0.078,1,Be-Te,2.104,2.755
Bi0.002Te0.003Pb0.999Se0.999,0.79,consensus of 1 report,1,0.79,Zhuo 2018,0.244,-0.546,3,Bi-Pb-Se-Te,,
Bi0.04Te0.06Pb0.98Se0.98,0.28,consensus of 1 report,1,0.28,Zhuo 2018,0.222,-0.058,3,Bi-Pb-Se-Te,,
Bi0.2Sb1.8Te3,0.28,consensus of 1 report,1,0.28,Zhuo 2018,0.323,0.043,2,Bi-Sb-Te,,
Bi0.2Te0.3Pb0.9Se0.9,0.25,consensus of 1 report,1,0.25,Zhuo 2018,0.189,-0.061,3,Bi-Pb-Se-Te,,
Bi0.4Sb1.6Te3,0.21,consensus of 1 report,1,0.21,Zhuo 2018,0.247,0.037,2,Bi-Sb-Te,,
Bi0.4Te0.6Pb0.8Se0.8,0.22,consensus of 1 report,1,0.22,Zhuo 2018,0.196,-0.024,3,Bi-Pb-Se-Te,,
Bi0.6Sb1.4Te3,0.2,consensus of 1 report,1,0.2,Zhuo 2018,0.254,0.054,2,Bi-Sb-Te,,
Bi1.4Sb0.6Te3,0.17,consensus of 1 report,1,0.17,Zhuo 2018,0.208,0.038,2,Bi-Sb-Te,,
Bi1.6Sb0.4Te3,0.16,consensus of 1 report,1,0.16,Zhuo 2018,0.118,-0.042,2,Bi-Sb-Te,,
Bi1.8Sb0.2Te3,0.15,consensus of 1 report,1,0.15,Zhuo 2018,0.105,-0.045,2,Bi-Sb-Te,,
Bi1.98Sb0.02Te3,0.14,consensus of 1 report,1,0.14,Zhuo 2018,0.075,-0.065,2,Bi-Sb-Te,,
Bi12PO20,3.25,consensus of 1 report,1,3.25,Zhuo 2018,3.433,0.183,4,Bi-O-P,,
Bi1Sb0.15,0.02,consensus of 1 report,1,0.02,Zhuo 2018,0.221,0.201,4,Bi-Sb,,
Bi2(MoO4)3,2.9,consensus of 1 report,1,2.9,Zhuo 2018,2.814,-0.086,2,Bi-Mo-O,,
Bi24BO39,2.91,consensus of 1 report,1,2.91,Zhuo 2018,3.596,0.686,4,B-Bi-O,,
Bi2AsClO4,3.43,consensus of 1 report,1,3.43,Zhuo 2018,2.743,-0.687,2,As-Bi-Cl-O,,
Bi2CO5,3.42,Borlido 2019,2,3.42; 3.42,Borlido 2019; Zhuo 2018,3.314,-0.106,0,Bi-C-O,1.759,2.753
Bi2I4O13,3.3,consensus of 1 report,1,3.3,Zhuo 2018,3.61,0.31,2,Bi-I-O,,
Bi2Mo2Se2O13,3.15,consensus of 1 report,1,3.15,Zhuo 2018,2.942,-0.208,3,Bi-Mo-O-Se,2.514,3.581
Bi2O3,2.39,Borlido 2019,6,2.28; 2.5; 2.8; 2.85; 2.86; 2.91,Borlido 2019; Zhuo 2018,2.524,0.134,0,Bi-O,1.517,2.294
Bi2S3,1.45,Borlido 2019,6,1.2; 1.25; 1.3; 1.4; 1.45; 1.45,Borlido 2019; Zhuo 2018,0.976,-0.474,4,Bi-S,1.256,1.854
Bi2SI2O11,3.74,consensus of 1 report,1,3.74,Zhuo 2018,3.524,-0.216,3,Bi-I-O-S,,
Bi2Se3,0.22,Borlido 2019,3,0.22; 0.35; 0.4,Borlido 2019; Zhuo 2018,0.544,0.324,2,Bi-Se,0.604,1.25
Bi2SeI2O11,3.7,consensus of 1 report,1,3.7,Zhuo 2018,3.531,-0.169,1,Bi-I-O-Se,,
Bi2Te0.03Se2.97,0.27,consensus of 1 report,1,0.27,Zhuo 2018,0.458,0.188,0,Bi-Se-Te,,
Bi2Te0.1Se2.9,0.78,consensus of 1 report,1,0.78,Zhuo 2018,0.452,-0.328,0,Bi-Se-Te,,
Bi2Te0.3Se2.7,0.24,consensus of 1 report,1,0.24,Zhuo 2018,0.405,0.165,0,Bi-Se-Te,,
Bi2Te0.45Se2.55,0.2,consensus of 1 report,1,0.2,Zhuo 2018,0.395,0.195,0,Bi-Se-Te,,
Bi2Te0.4Se2.6,0.7,consensus of 1 report,1,0.7,Zhuo 2018,0.401,-0.299,0,Bi-Se-Te,,
Bi2Te0.6Se2.4,0.28,consensus of 1 report,1,0.28,Zhuo 2018,0.382,0.102,0,Bi-Se-Te,,
Bi2Te0.9Se2.1,0.28,consensus of 1 report,1,0.28,Zhuo 2018,0.37,0.09,0,Bi-Se-Te,,
Bi2Te1.2Se1.8,0.28,consensus of 1 report,1,0.28,Zhuo 2018,0.326,0.046,0,Bi-Se-Te,,
Bi2Te1.5Se1.5,0.29,consensus of 1 report,1,0.29,Zhuo 2018,0.277,-0.013,0,Bi-Se-Te,,
Bi2Te2.1Se0.9,0.295,consensus of 2 reports,2,0.29; 0.3,Zhuo 2018,0.183,-0.112,0,Bi-Se-Te,,
Bi2Te2.4Se0.6,0.26,consensus of 2 reports,2,0.25; 0.27,Zhuo 2018,0.21,-0.05,0,Bi-Se-Te,,
Bi2Te2.7Se0.3,0.205,consensus of 2 reports,2,0.2; 0.21,Zhuo 2018,0.204,-0.001,0,Bi-Se-Te,,
Bi2Te2.97Se0.03,0.155,consensus of 2 reports,2,0.15; 0.16,Zhuo 2018,0.23,0.075,0,Bi-Se-Te,,
Bi2Te2SO10,3.6,consensus of 1 report,1,3.6,Zhuo 2018,3.595,-0.005,1,Bi-O-S-Te,,
Bi2Te2Se,0.3,consensus of 1 report,1,0.3,Zhuo 2018,0.122,-0.178,0,Bi-Se-Te,0.219,0.225
Bi2Te3,0.15,Borlido 2019,2,0.15; 0.25,Borlido 2019; Zhuo 2018,0.136,-0.014,1,Bi-Te,0.03,0.039
Bi3BTeO9,2.6,consensus of 1 report,1,2.6,Zhuo 2018,3.268,0.668,4,B-Bi-O-Te,,
Bi3I4O13F3,3.7,consensus of 1 report,1,3.7,Zhuo 2018,3.502,-0.198,0,Bi-F-I-O,,
Bi3Se2NO11,3.59,consensus of 1 report,1,3.59,Zhuo 2018,3.714,0.124,2,Bi-N-O-Se,,
Bi4Pb7Se13,0.29,consensus of 1 report,1,0.29,Zhuo 2018,0.173,-0.117,0,Bi-Pb-Se,0.464,0.481
Bi4Pd(SeO3)4,2.06,consensus of 1 report,1,2.06,Zhuo 2018,2.607,0.547,4,Bi-O-Pd-Se,,
Bi5IO7,2.76,consensus of 1 report,1,2.76,Zhuo 2018,2.485,-0.275,2,Bi-I-O,2.536,3.518
Bi7O5F11,4.05,consensus of 1 report,1,4.05,Zhuo 2018,4.361,0.311,0,Bi-F-O,3.919,
Bi8Te7S5,0.4,consensus of 1 report,1,0.4,Zhuo 2018,0.362,-0.038,2,Bi-S-Te,,
Bi9S6O7.5,1.27,consensus of 1 report,1,1.27,Zhuo 2018,1.651,0.381,1,Bi-O-S,,
BiBPbO4,3.2,consensus of 1 report,1,3.2,Zhuo 2018,3.068,-0.132,0,B-Bi-O-Pb,2.726,3.801
BiBr3,2.66,consensus of 1 report,1,2.66,Zhuo 2018,2.699,0.039,2,Bi-Br,2.69,3.522
BiBrO,2.92,Borlido 2019,2,2.92; 2.92,Borlido 2019; Zhuo 2018,2.765,-0.155,4,Bi-Br-O,2.245,3.15
BiClO,3.46,Borlido 2019,2,3.46; 3.46,Borlido 2019; Zhuo 2018,2.909,-0.551,2,Bi-Cl-O,2.714,3.775
BiF3,3.94,Borlido 2019,1,3.94,Borlido 2019,4.107,0.167,4,Bi-F,4.625,5.859
BiI3,1.67,Borlido 2019,8,1.67; 1.8; 1.81; 1.92; 1.93; 2; 2.03; 2.03,Borlido 2019; Zhuo 2018,2.096,0.426,0,Bi-I,2.241,2.856
BiIO,1.89,Borlido 2019,3,1.89; 1.89; 2.12,Borlido 2019; Zhuo 2018,2.15,0.26,2,Bi-I-O,1.504,2.261
BiIO3F2,3.97,consensus of 1 report,1,3.97,Zhuo 2018,3.424,-0.546,0,Bi-F-I-O,,
BiP3(PbO4)3,3.7,consensus of 1 report,1,3.7,Zhuo 2018,3.77,0.07,1,Bi-O-P-Pb,,
BiPO4,3.85,consensus of 1 report,1,3.85,Zhuo 2018,4.135,0.285,4,Bi-O-P,3.769,4.965
BiPb2S2I3,1.6,consensus of 1 report,1,1.6,Zhuo 2018,1.093,-0.507,3,Bi-I-Pb-S,,
BiPbBrO2,2.385,consensus of 2 reports,2,2.3; 2.47,Zhuo 2018,2.651,0.266,1,Bi-Br-O-Pb,1.767,
BiPbClO2,2.45,consensus of 1 report,1,2.45,Zhuo 2018,3.3,0.85,1,Bi-Cl-O-Pb,2.103,3.153
BiSBr,1.95,Borlido 2019,3,1.88; 1.92; 1.95,Borlido 2019; Zhuo 2018,1.807,-0.143,1,Bi-Br-S,1.932,2.661
BiSCl,1.89,Borlido 2019,3,1.89; 1.89; 1.93,Borlido 2019; Zhuo 2018,2.612,0.722,0,Bi-Cl-S,1.82,2.722
BiSI,1.56,Borlido 2019,4,1.56; 1.56; 1.58; 1.64,Borlido 2019; Zhuo 2018,1.886,0.326,4,Bi-I-S,1.767,2.407
BiSbTe3,0.19,consensus of 1 report,1,0.19,Zhuo 2018,0.268,0.078,2,Bi-Sb-Te,,
BiSe,0.4,consensus of 1 report,1,0.4,Zhuo 2018,0.302,-0.098,2,Bi-Se,0.0,0.0
BiSeBr,1.5,Borlido 2019,4,1.5; 1.5; 1.54; 1.96,Borlido 2019; Zhuo 2018,1.94,0.44,2,Bi-Br-Se,1.566,2.225
BiSeI,1.3,Borlido 2019,4,1.28; 1.3; 1.3; 1.32,Borlido 2019; Zhuo 2018,1.135,-0.165,1,Bi-I-Se,1.536,2.209
BiSeO3F,3.83,consensus of 1 report,1,3.83,Zhuo 2018,3.61,-0.22,4,Bi-F-O-Se,,
BiTeI,0.46,consensus of 1 report,1,0.46,Zhuo 2018,0.787,0.327,1,Bi-I-Te,1.228,1.711
BiTeNO6,3.62,consensus of 1 report,1,3.62,Zhuo 2018,3.791,0.171,3,Bi-N-O-Te,2.732,4.274
C,5.5,Borlido 2019,1,5.5,Borlido 2019,1.144,-4.356,0,C,0.034,0.225
CBr4,3.7,consensus of 1 report,1,3.7,Zhuo 2018,3.102,-0.598,0,Br-C,,
CI4,2.26,consensus of 1 report,1,2.26,Zhuo 2018,1.71,-0.55,4,C-I,0.902,1.721
Ca(BiO2)2,3.08,consensus of 1 report,1,3.08,Zhuo 2018,2.838,-0.242,0,Bi-Ca-O,1.753,2.918
Ca(GdS2)2,2.55,consensus of 1 report,1,2.55,Zhuo 2018,2.102,-0.448,2,Ca-Gd-S,,
Ca(LaS2)2,2.7,consensus of 1 report,1,2.7,Zhuo 2018,2.827,0.127,4,Ca-La-S,2.135,
Ca(NdS2)2,2.7,consensus of 1 report,1,2.7,Zhuo 2018,2.595,-0.105,4,Ca-Nd-S,2.079,2.782
Ca(PrS2)2,2.9,consensus of 1 report,1,2.9,Zhuo 2018,2.712,-0.188,3,Ca-Pr-S,2.074,2.75
Ca(SmS2)2,2.05,consensus of 1 report,1,2.05,Zhuo 2018,2.787,0.737,0,Ca-S-Sm,2.108,2.918
Ca10Ge16(B2O17)3,5.47,consensus of 1 report,1,5.47,Zhuo 2018,3.602,-1.868,1,B-Ca-Ge-O,,
Ca2Bi2O5,3.34,consensus of 1 report,1,3.34,Zhuo 2018,2.141,-1.199,0,Bi-Ca-O,1.528,
Ca2CdAs2,0.95,consensus of 1 report,1,0.95,Zhuo 2018,1.228,0.278,2,As-Ca-Cd,0.861,1.437
Ca2Ge,1.0,consensus of 1 report,1,1,Zhuo 2018,0.88,-0.12,1,Ca-Ge,0.358,0.906
Ca2Pb,0.46,Borlido 2019,1,0.46,Borlido 2019,0.645,0.185,0,Ca-Pb,0.386,0.596
Ca2ScSbO6,3.68,consensus of 1 report,1,3.68,Zhuo 2018,2.699,-0.981,1,Ca-O-Sb-Sc,2.119,1.708
Ca2Si,1.9,Borlido 2019,2,1.9; 1.9,Borlido 2019; Zhuo 2018,1.246,-0.654,4,Ca-Si,0.464,0.783
Ca2SmTaO6,3.45,consensus of 1 report,1,3.45,Zhuo 2018,2.798,-0.652,0,Ca-O-Sm-Ta,,
Ca2Sn,0.9,Borlido 2019,2,0.9; 0.9,Borlido 2019; Zhuo 2018,0.662,-0.238,3,Ca-Sn,0.103,0.375
Ca2SnS4,2.32,Borlido 2019,2,2.32; 2.32,Borlido 2019; Zhuo 2018,2.365,0.045,4,Ca-S-Sn,1.265,2.102
Ca3(BN2)2,4.0,consensus of 2 reports,2,3.9; 4.1,Zhuo 2018,3.364,-0.636,0,B-Ca-N,,
Ca3Bi(PO4)3,4.2,consensus of 1 report,1,4.2,Zhuo 2018,4.345,0.145,4,Bi-Ca-O-P,,
Ca3La2(SnS4)3,1.45,consensus of 1 report,1,1.45,Zhuo 2018,2.198,0.748,1,Ca-La-S-Sn,,
Ca3N2,1.55,consensus of 1 report,1,1.55,Zhuo 2018,3.035,1.485,2,Ca-N,1.633,2.544
Ca3Sb2,1.4,consensus of 1 report,1,1.4,Zhuo 2018,0.893,-0.507,1,Ca-Sb,0.222,0.748
Ca3Ti2(SiO4)3,1.65,consensus of 1 report,1,1.65,Zhuo 2018,3.418,1.768,3,Ca-O-Si-Ti,,
Ca4Bi6O13,2.76,consensus of 1 report,1,2.76,Zhuo 2018,2.767,0.007,0,Bi-Ca-O,1.736,
Ca5(Bi7O13)2,2.6,consensus of 1 report,1,2.6,Zhuo 2018,2.874,0.274,0,Bi-Ca-O,,
Ca5B3O9F,6.53,consensus of 1 report,1,6.53,Zhuo 2018,6.894,0.364,1,B-Ca-F-O,4.511,6.83
CaB6,1.15,Borlido 2019,1,1.15,Borlido 2019,3.113,1.963,0,B-Ca,0.022,0.254
CaCO3,6.0,Borlido 2019,1,6,Borlido 2019,7.091,1.091,3,C-Ca-O,4.883,6.905
CaCl2,6.9,Borlido 2019,1,6.9,Borlido 2019,8.978,2.078,1,Ca-Cl,5.411,6.95
CaF2,12.1,Borlido 2019,3,9.92; 10; 12.1,Borlido 2019; Zhuo 2018,10.005,-2.095,4,Ca-F,7.243,9.228
CaH2,4.4,Borlido 2019,1,4.4,Borlido 2019,2.676,-1.724,4,Ca-H,1.055,2.48
CaI2,5.98,consensus of 1 report,1,5.98,Zhuo 2018,5.543,-0.437,3,Ca-I,3.601,4.63
CaMg2N2,3.25,Borlido 2019,2,3.25; 3.25,Borlido 2019; Zhuo 2018,2.715,-0.535,1,Ca-Mg-N,2.266,3.291
CaO,6.88,Borlido 2019,6,6.88; 6.93; 6.97; 7; 7.03; 7.09,Borlido 2019; Zhuo 2018,7.642,0.762,1,Ca-O,3.642,5.29
CaS,4.43,Borlido 2019,4,4.43; 5.38; 5.4; 6,Borlido 2019; Zhuo 2018,3.542,-0.888,4,Ca-S,2.353,3.355
CaSe,3.85,Borlido 2019,3,3.85; 4.87; 5,Borlido 2019; Zhuo 2018,4.061,0.211,2,Ca-Se,2.094,2.955
CaSnO3,4.4,Borlido 2019,2,4.4; 4.4,Borlido 2019; Zhuo 2018,3.491,-0.909,1,Ca-O-Sn,2.34,3.751
CaTaNO2,2.4,consensus of 1 report,1,2.4,Zhuo 2018,2.769,0.369,4,Ca-N-O-Ta,1.615,2.978
CaTe,4.185,consensus of 2 reports,2,4.07; 4.3,Zhuo 2018,2.928,-1.257,4,Ca-Te,1.559,2.012
CaZnSO,3.7,Borlido 2019,2,3.7; 3.7,Borlido 2019; Zhuo 2018,5.164,1.464,3,Ca-O-S-Zn,2.888,4.521
Cd(GaS2)2,3.31,Borlido 2019,3,3.31; 3.4; 3.44,Borlido 2019; Zhuo 2018,3.212,-0.098,4,Cd-Ga-S,2.102,3.411
Cd(GaSe2)2,2.16,Borlido 2019,10,2.1; 2.16; 2.2; 2.25; 2.27; 2.41; 2.43; 2.48; 2.5; 2.75,Borlido 2019; Zhuo 2018,2.421,0.261,0,Cd-Ga-Se,1.324,2.473
Cd(GaTe2)2,1.45,Borlido 2019,1,1.45,Borlido 2019,1.457,0.007,3,Cd-Ga-Te,1.004,1.801
Cd(In15Te23)2,1.17,consensus of 1 report,1,1.17,Zhuo 2018,0.935,-0.235,2,Cd-In-Te,,
Cd(InS2)2,2.44,Borlido 2019,6,2; 2.2; 2.3; 2.44; 2.6; 2.7,Borlido 2019; Zhuo 2018,2.382,-0.058,3,Cd-In-S,1.026,2.276
Cd(InSe2)2,1.505,Borlido 2019,7,1.3; 1.45; 1.46; 1.55; 1.57; 1.72; 2,Borlido 2019; Zhuo 2018,1.485,-0.02,2,Cd-In-Se,0.784,1.717
Cd(InTe2)2,1.17,consensus of 5 reports,5,0.9; 1.12; 1.17; 1.28; 1.44,Zhuo 2018,0.836,-0.334,2,Cd-In-Te,0.776,1.603
Cd(PS2)2,3.76,consensus of 1 report,1,3.76,Zhuo 2018,2.353,-1.407,3,Cd-P-S,,
Cd0.01Ga0.99Sb0.99Te0.01,0.72,consensus of 1 report,1,0.72,Zhuo 2018,0.785,0.065,4,Cd-Ga-Sb-Te,,
Cd0.01Hg0.99Se1,1.72,consensus of 1 report,1,1.72,Zhuo 2018,0.614,-1.106,1,Cd-Hg-Se,,
Cd0.01In0.99Te0.01As0.99,0.76,consensus of 1 report,1,0.76,Zhuo 2018,0.313,-0.447,3,As-Cd-In-Te,,
Cd0.02In0.98Te0.02As0.98,0.73,consensus of 1 report,1,0.73,Zhuo 2018,0.315,-0.415,3,As-Cd-In-Te,,
Cd0.03In0.97Te0.03As0.97,0.71,consensus of 1 report,1,0.71,Zhuo 2018,0.318,-0.392,3,As-Cd-In-Te,,
Cd0.04In0.96Te0.04As0.96,0.69,consensus of 1 report,1,0.69,Zhuo 2018,0.319,-0.371,3,As-Cd-In-Te,,
Cd0.05Ga0.95Sb0.95Te0.05,0.74,consensus of 1 report,1,0.74,Zhuo 2018,0.76,0.02,4,Cd-Ga-Sb-Te,,
Cd0.05In0.95Te0.05As0.95,0.68,consensus of 1 report,1,0.68,Zhuo 2018,0.314,-0.366,3,As-Cd-In-Te,,
Cd0.06In0.94Te0.06As0.94,0.68,consensus of 1 report,1,0.68,Zhuo 2018,0.307,-0.373,3,As-Cd-In-Te,,
Cd0.07In0.93Te0.07As0.93,0.68,consensus of 1 report,1,0.68,Zhuo 2018,0.317,-0.363,3,As-Cd-In-Te,,
Cd0.1Ga0.9Sb0.9Te0.1,0.78,consensus of 1 report,1,0.78,Zhuo 2018,0.746,-0.034,4,Cd-Ga-Sb-Te,,
Cd0.1Hg0.9Se1,1.32,consensus of 3 reports,3,1.3; 1.32; 1.5,Zhuo 2018,0.631,-0.689,1,Cd-Hg-Se,,
Cd0.1In0.9Te0.1As0.9,0.69,consensus of 1 report,1,0.69,Zhuo 2018,0.346,-0.344,3,As-Cd-In-Te,,
Cd0.204Hg0.796Te1,0.06,consensus of 1 report,1,0.06,Zhuo 2018,0.607,0.547,3,Cd-Hg-Te,,
Cd0.23Hg0.77Te1,0.165,consensus of 2 reports,2,0.12; 0.21,Zhuo 2018,0.608,0.443,3,Cd-Hg-Te,,
Cd0.28Hg0.72Te1,0.21,consensus of 1 report,1,0.21,Zhuo 2018,0.576,0.366,3,Cd-Hg-Te,,
Cd0.2Ga0.8Sb0.8Te0.2,0.8,consensus of 1 report,1,0.8,Zhuo 2018,0.759,-0.041,4,Cd-Ga-Sb-Te,,
Cd0.2Hg0.8Se1,1.1,consensus of 3 reports,3,0.95; 1.1; 1.3,Zhuo 2018,0.663,-0.437,1,Cd-Hg-Se,,
Cd0.2In2.4Ag0.4Te4,0.42,consensus of 1 report,1,0.42,Zhuo 2018,1.004,0.584,1,Ag-Cd-In-Te,,
Cd0.35Hg0.65Te1,0.28,consensus of 1 report,1,0.28,Zhuo 2018,0.581,0.301,3,Cd-Hg-Te,,
Cd0.37Hg0.63Te1,0.35,consensus of 1 report,1,0.35,Zhuo 2018,0.542,0.192,3,Cd-Hg-Te,,
Cd0.3Hg0.7Se1,1.1,consensus of 1 report,1,1.1,Zhuo 2018,0.695,-0.405,1,Cd-Hg-Se,,
Cd0.3Hg0.7Te1,0.31,consensus of 2 reports,2,0.27; 0.35,Zhuo 2018,0.59,0.28,3,Cd-Hg-Te,,
Cd0.4Hg0.6Se1,0.95,consensus of 1 report,1,0.95,Zhuo 2018,0.771,-0.179,1,Cd-Hg-Se,,
Cd0.5Hg0.5Se1,0.8,consensus of 1 report,1,0.8,Zhuo 2018,0.859,0.059,1,Cd-Hg-Se,,
Cd0.5In2.25Ag0.25Te4,0.39,consensus of 1 report,1,0.39,Zhuo 2018,1.019,0.629,1,Ag-Cd-In-Te,,
Cd0.5In2.2Ag0.4Te4,0.19,consensus of 1 report,1,0.19,Zhuo 2018,1.034,0.844,1,Ag-Cd-In-Te,,
Cd0.6Hg0.4Se1,0.7,consensus of 1 report,1,0.7,Zhuo 2018,0.91,0.21,1,Cd-Hg-Se,,
Cd0.75In2.1Ag0.2Te4,0.54,consensus of 1 report,1,0.54,Zhuo 2018,1.031,0.491,1,Ag-Cd-In-Te,,
Cd0.7Hg0.3Se1,0.55,consensus of 1 report,1,0.55,Zhuo 2018,0.95,0.4,1,Cd-Hg-Se,,
Cd0.8Hg0.2Se1,0.45,consensus of 1 report,1,0.45,Zhuo 2018,1.039,0.589,1,Cd-Hg-Se,,
Cd0.8In2.1Ag0.1Te4,0.29,consensus of 1 report,1,0.29,Zhuo 2018,1.04,0.75,1,Ag-Cd-In-Te,,
Cd0.99Ga0.01Sb0.01Te0.99,1.35,consensus of 1 report,1,1.35,Zhuo 2018,1.133,-0.217,4,Cd-Ga-Sb-Te,,
Cd0.99Hg0.01Se1,0.29,consensus of 1 report,1,0.29,Zhuo 2018,1.728,1.438,1,Cd-Hg-Se,,
Cd0.9Hg0.1Se1,0.35,consensus of 1 report,1,0.35,Zhuo 2018,1.295,0.945,1,Cd-Hg-Se,,
Cd12Ge17(B4O29)2,4.29,consensus of 1 report,1,4.29,Zhuo 2018,3.621,-0.669,1,B-Cd-Ge-O,,
Cd1Hg6.5As4Cl6,1.955,consensus of 2 reports,2,1.86; 2.05,Zhuo 2018,2.006,0.051,0,As-Cd-Cl-Hg,,
Cd1Se0.01S0.99,2.4,consensus of 1 report,1,2.4,Zhuo 2018,1.812,-0.588,3,Cd-S-Se,,
Cd1Se0.2S0.8,2.23,consensus of 1 report,1,2.23,Zhuo 2018,1.73,-0.5,3,Cd-S-Se,,
Cd1Se0.35S0.65,2.13,consensus of 1 report,1,2.13,Zhuo 2018,1.575,-0.555,3,Cd-S-Se,,
Cd1Se0.45S0.55,2.05,consensus of 1 report,1,2.05,Zhuo 2018,1.485,-0.565,3,Cd-S-Se,,
Cd1Se0.65S0.35,1.93,consensus of 1 report,1,1.93,Zhuo 2018,1.276,-0.654,3,Cd-S-Se,,
Cd1Se0.99S0.01,1.68,consensus of 1 report,1,1.68,Zhuo 2018,0.977,-0.703,3,Cd-S-Se,,
Cd2InAgTe3,0.47,consensus of 1 report,1,0.47,Zhuo 2018,0.842,0.372,1,Ag-Cd-In-Te,,
Cd2InCuTe3,0.7,consensus of 1 report,1,0.7,Zhuo 2018,0.693,-0.007,4,Cd-Cu-In-Te,,
Cd2InCuTe4,0.85,consensus of 1 report,1,0.85,Zhuo 2018,0.883,0.033,4,Cd-Cu-In-Te,,
Cd3AgPS6,2.56,consensus of 1 report,1,2.56,Zhuo 2018,2.778,0.218,0,Ag-Cd-P-S,,
Cd3As2,0.155,consensus of 8 reports,8,0.11; 0.12; 0.13; 0.14; 0.17; 0.19; 0.24; 0.43,Zhuo 2018,0.416,0.261,1,As-Cd,0.0,0.08
Cd3Bi(PO4)3,3.9,consensus of 1 report,1,3.9,Zhuo 2018,4.15,0.25,4,Bi-Cd-O-P,,
Cd3Bi2,0.2,consensus of 1 report,1,0.2,Zhuo 2018,0.279,0.079,2,Bi-Cd,,
Cd3In2(Te2S)2,1.23,consensus of 1 report,1,1.23,Zhuo 2018,1.109,-0.121,3,Cd-In-S-Te,,
Cd3P2,0.555,consensus of 9 reports,10,0.5; 0.52; 0.53; 0.54; 0.55; 0.56; 0.58; 0.59; 0.59; 0.6,Zhuo 2018,0.791,0.236,3,Cd-P,0.0,0.698
Cd3Sb2,0.3,consensus of 1 report,1,0.3,Zhuo 2018,0.485,0.185,1,Cd-Sb,,
Cd3Te2MoO10,3.81,consensus of 1 report,1,3.81,Zhuo 2018,3.323,-0.487,1,Cd-Mo-O-Te,,
Cd4As2Br3,1.88,consensus of 3 reports,3,1.78; 1.88; 1.93,Zhuo 2018,2.099,0.219,2,As-Br-Cd,,
Cd4As2I3,2.095,consensus of 2 reports,2,1.89; 2.3,Zhuo 2018,1.642,-0.453,1,As-Cd-I,,
Cd4P2Br3,2.19,consensus of 1 report,1,2.19,Zhuo 2018,2.249,0.059,0,Br-Cd-P,,
Cd4P2Cl3,2.205,consensus of 2 reports,2,2.17; 2.24,Zhuo 2018,2.349,0.144,1,Cd-Cl-P,,
Cd4P2I3,2.17,consensus of 1 report,1,2.17,Zhuo 2018,1.783,-0.387,2,Cd-I-P,,
Cd4Sb2I3,1.83,consensus of 1 report,1,1.83,Zhuo 2018,1.916,0.086,0,Cd-I-Sb,,
Cd4Sb3,1.25,consensus of 1 report,1,1.25,Zhuo 2018,0.566,-0.684,1,Cd-Sb,,
Cd5Ga2(Te3S)2,1.29,consensus of 1 report,1,1.29,Zhuo 2018,1.674,0.384,0,Cd-Ga-S-Te,,
Cd6P7,0.85,consensus of 1 report,1,0.85,Zhuo 2018,1.526,0.676,3,Cd-P,,
Cd8B5O15F,3.14,consensus of 1 report,1,3.14,Zhuo 2018,3.793,0.653,1,B-Cd-F-O,,
CdAg2(PS3)2,2.49,consensus of 1 report,1,2.49,Zhuo 2018,2.465,-0.025,0,Ag-Cd-P-S,,
CdAg2GeS4,2.32,consensus of 1 report,1,2.32,Zhuo 2018,2.15,-0.17,2,Ag-Cd-Ge-S,0.509,1.701
CdAs2,1.0,Borlido 2019,7,0.89; 1; 1; 1.04; 1.13; 1.14; 1.2,Borlido 2019; Zhuo 2018,0.636,-0.364,1,As-Cd,0.12,0.824
CdBiClO2,3.08,consensus of 1 report,1,3.08,Zhuo 2018,3.769,0.689,1,Bi-Cd-Cl-O,3.088,4.371
CdBr2,4.47,consensus of 1 report,1,4.47,Zhuo 2018,3.907,-0.563,3,Br-Cd,2.744,4.445
CdCl2,5.75,consensus of 2 reports,2,5.7; 5.8,Zhuo 2018,4.998,-0.752,4,Cd-Cl,3.324,5.29
CdCu(SeO3)2,3.33,consensus of 1 report,1,3.33,Zhuo 2018,3.048,-0.282,2,Cd-Cu-O-Se,1.833,3.817
CdCu2GeS4,2.05,Borlido 2019,2,2.05; 2.05,Borlido 2019; Zhuo 2018,1.904,-0.146,4,Cd-Cu-Ge-S,0.525,1.519
CdCu2GeSe4,1.2,Borlido 2019,2,1.2; 1.2,Borlido 2019; Zhuo 2018,1.074,-0.126,3,Cd-Cu-Ge-Se,0.01,0.609
CdCu2SnS4,1.385,consensus of 2 reports,2,1.37; 1.4,Zhuo 2018,1.459,0.074,2,Cd-Cu-S-Sn,0.167,0.782
CdCu2SnSe4,0.96,consensus of 1 report,1,0.96,Zhuo 2018,0.96,-0.0,0,Cd-Cu-Se-Sn,0.0,0.42
CdF2,6.0,consensus of 1 report,1,6,Zhuo 2018,6.341,0.341,0,Cd-F,2.889,5.061
CdGeAs2,0.67,Borlido 2019,10,0.41; 0.5; 0.53; 0.56; 0.61; 0.65; 0.67; 0.72; 0.85; 1.1,Borlido 2019; Zhuo 2018,0.98,0.31,2,As-Cd-Ge,0.09,0.307
CdGeP2,1.73,Borlido 2019,4,1.65; 1.73; 1.73; 1.8,Borlido 2019; Zhuo 2018,1.545,-0.185,4,Cd-Ge-P,0.533,1.489
CdHIO4,4.35,consensus of 1 report,1,4.35,Zhuo 2018,3.723,-0.627,0,Cd-H-I-O,,
CdHg4(AsI2)2,1.45,Borlido 2019,2,1.45; 1.45,Borlido 2019; Zhuo 2018,1.225,-0.225,0,As-Cd-Hg-I,0.437,1.34
CdHg6(As2Br3)2,1.915,consensus of 2 reports,2,1.89; 1.94,Zhuo 2018,1.429,-0.486,1,As-Br-Cd-Hg,,
CdI2,3.47,Borlido 2019,2,3.47; 3.8,Borlido 2019; Zhuo 2018,4.393,0.923,0,Cd-I,2.196,3.356
CdIClO3,4.3,consensus of 1 report,1,4.3,Zhuo 2018,4.131,-0.169,3,Cd-Cl-I-O,3.204,
CdIn,0.6,consensus of 1 report,1,0.6,Zhuo 2018,0.37,-0.23,0,Cd-In,0.0,
CdIn8Te13,1.02,consensus of 1 report,1,1.02,Zhuo 2018,1.049,0.029,2,Cd-In-Te,,
CdInCuSe3,1.66,consensus of 1 report,1,1.66,Zhuo 2018,1.16,-0.5,1,Cd-Cu-In-Se,,
CdO,2.3,consensus of 1 report,1,2.3,Zhuo 2018,2.193,-0.107,1,Cd-O,0.0,1.198
CdP2,2.12,consensus of 4 reports,4,2.02; 2.11; 2.13; 2.15,Zhuo 2018,1.777,-0.343,3,Cd-P,1.468,2.164
CdP4,1.15,Borlido 2019,7,0.9; 0.91; 0.99; 1; 1.05; 1.15; 1.15,Borlido 2019; Zhuo 2018,1.129,-0.021,3,Cd-P,0.444,1.022
CdP4PbO12,4.86,consensus of 2 reports,2,4.85; 4.87,Zhuo 2018,4.187,-0.673,3,Cd-O-P-Pb,,
CdS,2.48,Borlido 2019,28,2.39; 2.4; 2.41; 2.42; 2.43; 2.44; 2.48; 2.49; 2.5; 2.5; 2.52; 2.52; 2.53; 2.53; 2.55; 2.57; 2.58; 2.58; 2.58; 2.58; 2.58; 2.59; 2.6; 2.6; 2.6; 2.64; 2.66; 2.66,Borlido 2019; Zhuo 2018,2.399,-0.081,0,Cd-S,0.971,2.228
CdSb,0.46,Borlido 2019,18,0.42; 0.43; 0.43; 0.45; 0.46; 0.46; 0.46; 0.47; 0.47; 0.48; 0.49; 0.53; 0.54; 0.54; 0.56; 0.57; 0.58; 0.59,Borlido 2019; Zhuo 2018,0.42,-0.04,1,Cd-Sb,0.009,0.516
CdSb2Se3Br2,1.4,Borlido 2019,2,1.4; 1.4,Borlido 2019; Zhuo 2018,1.33,-0.07,4,Br-Cd-Sb-Se,1.103,1.685
CdSb4MoO10,3.4,consensus of 1 report,1,3.4,Zhuo 2018,3.372,-0.028,2,Cd-Mo-O-Sb,,
CdSe,1.735,Borlido 2019,27,1.67; 1.7; 1.73; 1.73; 1.74; 1.74; 1.75; 1.75; 1.77; 1.8; 1.82; 1.82; 1.82; 1.83; 1.83; 1.84; 1.84; 1.84; 1.85; 1.86; 1.87; 1.87; 1.87; 1.9; 2.18; 2.26; 2.27,Borlido 2019; Zhuo 2018,1.369,-0.366,4,Cd-Se,0.455,1.439
CdSiAs2,1.55,Borlido 2019,6,1.47; 1.5; 1.51; 1.52; 1.55; 1.62,Borlido 2019; Zhuo 2018,1.294,-0.256,2,As-Cd-Si,0.353,1.232
CdSiP2,2.09,Borlido 2019,7,1.8; 2.09; 2.1; 2.16; 2.2; 2.25; 2.4,Borlido 2019; Zhuo 2018,2.085,-0.005,4,Cd-P-Si,1.412,2.005
CdSnAs2,0.26,Borlido 2019,7,0.26; 0.26; 0.3; 0.31; 0.4; 0.41; 0.5,Borlido 2019; Zhuo 2018,0.782,0.522,2,As-Cd-Sn,0.018,0.021
CdSnO3,3.1,Borlido 2019,2,3; 3.1,Borlido 2019; Zhuo 2018,2.993,-0.107,2,Cd-O-Sn,0.933,2.458
CdSnP2,1.23,Borlido 2019,5,1.16; 1.17; 1.23; 1.4; 1.5,Borlido 2019; Zhuo 2018,1.168,-0.062,3,Cd-P-Sn,0.18,1.058
CdTe,1.48,Borlido 2019,17,1.43; 1.44; 1.45; 1.48; 1.49; 1.5; 1.52; 1.53; 1.56; 1.58; 1.59; 1.59; 1.6; 1.6; 1.61; 1.65; 1.66,Borlido 2019; Zhuo 2018,1.084,-0.396,4,Cd-Te,0.512,1.64
CdTeO3,3.73,consensus of 2 reports,2,3.55; 3.91,Zhuo 2018,2.349,-1.381,2,Cd-O-Te,0.0,
Ce(InS2)3,1.11,consensus of 1 report,1,1.11,Zhuo 2018,1.152,0.042,3,Ce-In-S,,
Ce1.3Lu0.7S3,1.25,consensus of 1 report,1,1.25,Zhuo 2018,1.377,0.127,0,Ce-Lu-S,,
Ce10Se14O,1.93,consensus of 1 report,1,1.93,Zhuo 2018,1.964,0.034,0,Ce-O-Se,,
Ce15B8N25,3.5,consensus of 1 report,1,3.5,Zhuo 2018,2.375,-1.125,2,B-Ce-N,,
Ce1Mn0.5Se1O1,2.01,consensus of 1 report,1,2.01,Zhuo 2018,2.516,0.506,0,Ce-Mn-O-Se,,
Ce2(SnSe3)3,0.3,consensus of 1 report,1,0.3,Zhuo 2018,1.073,0.773,0,Ce-Se-Sn,,
Ce2Fe(SeO)2,0.64,consensus of 1 report,1,0.64,Zhuo 2018,1.391,0.751,0,Ce-Fe-O-Se,0.0,
Ce2Ge2Se7,1.1,consensus of 1 report,1,1.1,Zhuo 2018,1.059,-0.041,4,Ce-Ge-Se,,
Ce2GeSe5,1.7,consensus of 1 report,1,1.7,Zhuo 2018,1.234,-0.466,4,Ce-Ge-Se,,
Ce2S3,1.12,consensus of 1 report,1,1.12,Zhuo 2018,2.53,1.41,1,Ce-S,,
Ce2Se3,1.75,consensus of 1 report,1,1.75,Zhuo 2018,1.54,-0.21,3,Ce-Se,,
Ce2Te3,1.31,consensus of 2 reports,2,1.22; 1.4,Zhuo 2018,0.816,-0.494,1,Ce-Te,0.0,
Ce3LuSe6,1.1,consensus of 1 report,1,1.1,Zhuo 2018,1.245,0.145,3,Ce-Lu-Se,,
Ce3MoO7,2.0,consensus of 1 report,1,2,Zhuo 2018,1.826,-0.174,0,Ce-Mo-O,,
Ce4(GeS4)3,2.3,consensus of 1 report,1,2.3,Zhuo 2018,1.896,-0.404,4,Ce-Ge-S,,
Ce4InSbSe9,1.69,consensus of 1 report,1,1.69,Zhuo 2018,1.606,-0.084,0,Ce-In-Sb-Se,,
Ce4Te7,0.5,consensus of 1 report,1,0.5,Zhuo 2018,0.658,0.158,1,Ce-Te,,
Ce8Sb2S15,1.99,consensus of 1 report,1,1.99,Zhuo 2018,1.694,-0.296,3,Ce-S-Sb,,
CeBiW2O9,2.34,consensus of 1 report,1,2.34,Zhuo 2018,3.283,0.943,3,Bi-Ce-O-W,,
CeF3,4.85,consensus of 1 report,1,4.85,Zhuo 2018,2.971,-1.879,2,Ce-F,0.0,
CeMoO4F,2.52,consensus of 1 report,1,2.52,Zhuo 2018,2.935,0.415,0,Ce-F-Mo-O,,
CeN,0.7,consensus of 1 report,1,0.7,Zhuo 2018,1.494,0.794,0,Ce-N,0.0,
CeO2,3.41,consensus of 1 report,1,3.41,Zhuo 2018,3.787,0.377,0,Ce-O,2.178,3.357
CeScO3,3.2,consensus of 1 report,1,3.2,Zhuo 2018,3.078,-0.122,3,Ce-O-Sc,,
CeTaN2O,1.9,consensus of 1 report,1,1.9,Zhuo 2018,2.136,0.236,1,Ce-N-O-Ta,,
CeTl2P2S7,2.4,consensus of 1 report,1,2.4,Zhuo 2018,1.661,-0.739,4,Ce-P-S-Tl,,
Co1Te1.88,0.2,consensus of 1 report,1,0.2,Zhuo 2018,0.557,0.357,1,Co-Te,,
Co2Te3O8,3.6,consensus of 1 report,1,3.6,Zhuo 2018,2.263,-1.337,0,Co-O-Te,2.48,3.657
CoAs3,0.4,consensus of 1 report,1,0.4,Zhuo 2018,0.495,0.095,0,As-Co,0.0,0.516
CoAsS,0.6,consensus of 1 report,1,0.6,Zhuo 2018,0.395,-0.205,4,As-Co-S,0.826,1.672
CoAsSe,0.2,consensus of 1 report,1,0.2,Zhuo 2018,0.604,0.404,0,As-Co-Se,0.349,1.016
CoP2,0.35,consensus of 1 report,1,0.35,Zhuo 2018,0.29,-0.06,3,Co-P,0.295,0.558
CoP3,0.45,consensus of 1 report,1,0.45,Zhuo 2018,0.165,-0.285,3,Co-P,0.0,0.11
CoPS,0.4,consensus of 1 report,1,0.4,Zhuo 2018,0.898,0.498,2,Co-P-S,1.12,
CoPbO3,0.14,consensus of 2 reports,2,0; 0.28,Zhuo 2018,1.308,1.168,1,Co-O-Pb,0.0,
CoSb2,0.185,consensus of 2 reports,2,0.17; 0.2,Zhuo 2018,0.315,0.13,0,Co-Sb,0.0,
CoSb3,0.495,consensus of 2 reports,2,0.49; 0.5,Zhuo 2018,0.428,-0.067,0,Co-Sb,0.109,0.749
CoSbS,0.305,consensus of 2 reports,2,0.11; 0.5,Zhuo 2018,0.446,0.141,0,Co-S-Sb,0.338,0.9
Cr(AgO2)2,1.75,Borlido 2019,1,1.75,Borlido 2019,2.43,0.68,0,Ag-Cr-O,1.184,2.153
Cr2O3,3.4,consensus of 1 report,1,3.4,Zhuo 2018,1.697,-1.703,1,Cr-O,0.646,4.172
Cr2S3,1.0,consensus of 2 reports,2,0.9; 1.1,Zhuo 2018,1.269,0.269,3,Cr-S,0.0,1.093
Cr3Se4,1.59,consensus of 1 report,1,1.59,Zhuo 2018,1.185,-0.405,4,Cr-Se,0.0,
CrB2(PbO2)6,1.8,consensus of 1 report,1,1.8,Zhuo 2018,2.863,1.063,2,B-Cr-O-Pb,,
CrBi2I2O11,2.4,consensus of 1 report,1,2.4,Zhuo 2018,2.709,0.309,2,Bi-Cr-I-O,,
CrO2,0.23,consensus of 1 report,1,0.23,Zhuo 2018,0.689,0.459,1,Cr-O,0.0,0.0
CrO3,1.4,consensus of 1 report,1,1.4,Zhuo 2018,2.608,1.208,1,Cr-O,1.589,2.256
CrPbO4,2.25,Borlido 2019,2,2.25; 2.25,Borlido 2019; Zhuo 2018,2.348,0.098,4,Cr-O-Pb,1.876,2.913
CrSb2,0.15,consensus of 2 reports,2,0.14; 0.16,Zhuo 2018,0.403,0.253,3,Cr-Sb,0.0,0.0
CrSi2,0.35,Borlido 2019,2,0.35; 1.3,Borlido 2019; Zhuo 2018,0.679,0.329,2,Cr-Si,0.37,0.271
CrTe2,0.17,consensus of 1 report,1,0.17,Zhuo 2018,0.619,0.449,4,Cr-Te,0.0,
Cs0.4K0.6P1Se6,2.1,consensus of 1 report,1,2.1,Zhuo 2018,1.922,-0.178,2,Cs-K-P-Se,,
Cs1.13Cd1.13Bi2.87Se6,1.0,consensus of 1 report,1,1,Zhuo 2018,0.866,-0.134,3,Bi-Cd-Cs-Se,,
Cs1.43Cd1.43Bi2.57S6,1.28,consensus of 1 report,1,1.28,Zhuo 2018,1.499,0.219,1,Bi-Cd-Cs-S,,
Cs10Cd4Sn4S17,3.16,consensus of 1 report,1,3.16,Zhuo 2018,2.691,-0.469,0,Cd-Cs-S-Sn,,
Cs2AgBiBr6,2.19,Borlido 2019,2,2.19; 2.19,Borlido 2019; Zhuo 2018,2.028,-0.162,2,Ag-Bi-Br-Cs,1.298,2.162
Cs2AgBiCl6,2.77,Borlido 2019,2,2.77; 2.77,Borlido 2019; Zhuo 2018,2.717,-0.053,3,Ag-Bi-Cl-Cs,1.812,2.85
Cs2Al2B2O7,4.13,consensus of 1 report,1,4.13,Zhuo 2018,4.376,0.246,1,Al-B-Cs-O,,
Cs2Ba3(P2O7)2,6.31,consensus of 1 report,1,6.31,Zhuo 2018,4.855,-1.455,2,Ba-Cs-O-P,,
Cs2Cd(PSe3)2,2.63,consensus of 1 report,1,2.63,Zhuo 2018,2.223,-0.407,1,Cd-Cs-P-Se,,
Cs2Cd0.25Hg5.75S7,1.66,consensus of 1 report,1,1.66,Zhuo 2018,2.041,0.381,3,Cd-Cs-Hg-S,,
Cs2Cd1.35Hg4.65S7,1.84,consensus of 1 report,1,1.84,Zhuo 2018,2.128,0.288,3,Cd-Cs-Hg-S,,
Cs2Cd2Bi2S5,1.7,consensus of 1 report,1,1.7,Zhuo 2018,1.632,-0.068,1,Bi-Cd-Cs-S,,
Cs2Cd3(B4O7)4,4.76,consensus of 1 report,1,4.76,Zhuo 2018,4.342,-0.418,0,B-Cd-Cs-O,,
Cs2Cd3Te4,2.48,Borlido 2019,2,2.48; 2.48,Borlido 2019; Zhuo 2018,2.76,0.28,2,Cd-Cs-Te,1.551,2.288
Cs2Cu(PS3)3,2.4,consensus of 1 report,1,2.4,Zhuo 2018,2.234,-0.166,0,Cs-Cu-P-S,,
Cs2Cu2Sb2S5,1.6,consensus of 1 report,1,1.6,Zhuo 2018,1.975,0.375,1,Cs-Cu-S-Sb,1.419,2.137
Cs2DyCu3Te4,1.38,consensus of 1 report,1,1.38,Zhuo 2018,1.153,-0.227,0,Cs-Cu-Dy-Te,,
Cs2Ga2S5,3.26,consensus of 1 report,1,3.26,Zhuo 2018,2.567,-0.693,3,Cs-Ga-S,,
Cs2Ga2Se5,1.95,consensus of 1 report,1,1.95,Zhuo 2018,2.359,0.409,0,Cs-Ga-Se,,
Cs2Hg(ICl)2,2.15,consensus of 1 report,1,2.15,Zhuo 2018,2.722,0.572,2,Cl-Cs-Hg-I,,
Cs2Hg3I8,2.56,Borlido 2019,2,2.56; 2.56,Borlido 2019; Zhuo 2018,2.659,0.099,4,Cs-Hg-I,1.714,2.634
Cs2Hg3S4,2.8,consensus of 1 report,1,2.8,Zhuo 2018,2.046,-0.754,1,Cs-Hg-S,1.715,2.717
Cs2Hg6S7,1.63,consensus of 1 report,1,1.63,Zhuo 2018,1.511,-0.119,1,Cs-Hg-S,0.631,1.414
Cs2La1.19Bi8.81S16,1.0,consensus of 1 report,1,1,Zhuo 2018,1.208,0.208,0,Bi-Cs-La-S,,
Cs2Li3(BO2)5,7.3,consensus of 1 report,1,7.3,Zhuo 2018,6.597,-0.703,0,B-Cs-Li-O,,
Cs2MgGe3Se8,2.04,consensus of 1 report,1,2.04,Zhuo 2018,2.16,0.12,0,Cs-Ge-Mg-Se,,
Cs2MgSn3Se8,1.92,consensus of 1 report,1,1.92,Zhuo 2018,1.949,0.029,2,Cs-Mg-Se-Sn,,
Cs2NbCuSe4,2.19,consensus of 1 report,1,2.19,Zhuo 2018,2.341,0.151,0,Cs-Cu-Nb-Se,1.751,2.581
Cs2P2PdSe6,1.6,consensus of 1 report,1,1.6,Zhuo 2018,1.835,0.235,3,Cs-P-Pd-Se,,
Cs2PdSe8,1.5,consensus of 1 report,1,1.5,Zhuo 2018,1.684,0.184,3,Cs-Pd-Se,,
Cs2Pt(IO3)6,2.4,consensus of 1 report,1,2.4,Zhuo 2018,2.569,0.169,4,Cs-I-O-Pt,,
Cs2Sb,0.62,consensus of 1 report,1,0.62,Zhuo 2018,0.857,0.237,0,Cs-Sb,0.199,0.681
Cs2SiB4O9,6.53,consensus of 1 report,1,6.53,Zhuo 2018,5.093,-1.437,1,B-Cs-O-Si,,
Cs2Sn(PSe3)2,2.06,consensus of 1 report,1,2.06,Zhuo 2018,2.17,0.11,4,Cs-P-Se-Sn,,
Cs2Sn3(SbS5)2,2.34,consensus of 1 report,1,2.34,Zhuo 2018,2.356,0.016,0,Cs-S-Sb-Sn,1.687,2.464
Cs2SnBr6,2.7,Borlido 2019,1,2.7,Borlido 2019,2.292,-0.408,4,Br-Cs-Sn,1.397,2.422
Cs2SnCl6,3.9,Borlido 2019,1,3.9,Borlido 2019,3.471,-0.429,1,Cl-Cs-Sn,2.627,3.914
Cs2SnI6,1.6,curated literature,1,1.6,curated literature,1.46,-0.14,1,Cs-I-Sn,0.1,0.936
Cs2Te,3.5,consensus of 1 report,1,3.5,Zhuo 2018,2.948,-0.552,2,Cs-Te,1.771,2.5
Cs2TeBr6,2.2,Borlido 2019,2,2.12; 2.2,Borlido 2019; Zhuo 2018,2.256,0.056,2,Br-Cs-Te,2.115,2.799
Cs2TeI6,1.52,Borlido 2019,2,1.5; 1.52,Borlido 2019; Zhuo 2018,1.428,-0.092,2,Cs-I-Te,1.293,1.879
Cs2Ti(AgS2)2,2.44,Borlido 2019,2,2.44; 2.44,Borlido 2019; Zhuo 2018,2.001,-0.439,2,Ag-Cs-S-Ti,1.525,2.204
Cs2VAgS4,1.77,Borlido 2019,2,1.77; 1.77,Borlido 2019; Zhuo 2018,2.333,0.563,4,Ag-Cs-S-V,1.59,2.204
Cs2Zn3(SeO3)4,4.3,consensus of 1 report,1,4.3,Zhuo 2018,4.639,0.339,3,Cs-O-Se-Zn,,
Cs2ZnGe3S8,3.33,consensus of 1 report,1,3.33,Zhuo 2018,2.671,-0.659,2,Cs-Ge-S-Zn,,
Cs2ZnGe3Se8,2.31,consensus of 1 report,1,2.31,Zhuo 2018,2.083,-0.227,0,Cs-Ge-Se-Zn,,
Cs2ZnGe3Te8,1.07,consensus of 1 report,1,1.07,Zhuo 2018,1.455,0.385,3,Cs-Ge-Te-Zn,,
Cs2ZnSn3Se8,2.12,consensus of 1 report,1,2.12,Zhuo 2018,1.838,-0.282,2,Cs-Se-Sn-Zn,,
Cs39Ga53(Se16Cl)6,2.74,consensus of 1 report,1,2.74,Zhuo 2018,2.333,-0.407,0,Cl-Cs-Ga-Se,,
Cs3As,0.6,consensus of 1 report,1,0.6,Zhuo 2018,0.991,0.391,2,As-Cs,0.0,0.34
Cs3Bi,0.625,consensus of 2 reports,2,0.55; 0.7,Zhuo 2018,1.155,0.53,2,Bi-Cs,,
Cs3Bi2Br9,2.5,Borlido 2019,2,2.5; 2.5,Borlido 2019; Zhuo 2018,2.774,0.274,1,Bi-Br-Cs,2.558,3.27
Cs3Bi2I9,1.8,Borlido 2019,3,1.8; 1.8; 1.9,Borlido 2019; Zhuo 2018,2.212,0.412,2,Bi-Cs-I,2.355,2.985
Cs3Li4(BO2)7,6.53,consensus of 1 report,1,6.53,Zhuo 2018,6.288,-0.242,0,B-Cs-Li-O,,
Cs3NaZn2Ge21,0.3,consensus of 1 report,1,0.3,Zhuo 2018,0.512,0.212,3,Cs-Ge-Na-Zn,,
Cs3Nb2AsSe11,1.35,consensus of 1 report,1,1.35,Zhuo 2018,1.525,0.175,1,As-Cs-Nb-Se,1.125,1.862
Cs3Nb9(TeO8)4,3.22,consensus of 1 report,1,3.22,Zhuo 2018,3.63,0.41,0,Cs-Nb-O-Te,,
Cs3PW3O13,3.27,consensus of 1 report,1,3.27,Zhuo 2018,3.021,-0.249,2,Cs-O-P-W,,
Cs3Sb,1.6,Borlido 2019,2,1.6; 1.6,Borlido 2019; Zhuo 2018,1.283,-0.317,0,Cs-Sb,0.666,1.221
Cs3Sb2Br9,2.3,Borlido 2019,2,2.3; 2.3,Borlido 2019; Zhuo 2018,2.456,0.156,0,Br-Cs-Sb,1.947,2.541
Cs3Sb2I9,1.89,Borlido 2019,2,1.89; 1.89,Borlido 2019; Zhuo 2018,1.651,-0.239,3,Cs-I-Sb,1.685,2.204
Cs3Sn3Cl7F2,2.96,consensus of 1 report,1,2.96,Zhuo 2018,3.654,0.694,4,Cl-Cs-F-Sn,,
Cs4Ag9(SbS3)4,2.0,consensus of 1 report,1,2,Zhuo 2018,2.008,0.008,3,Ag-Cs-S-Sb,,
Cs4BiAs3Se7,1.02,consensus of 1 report,1,1.02,Zhuo 2018,1.1,0.08,1,As-Bi-Cs-Se,,
Cs4Cu3Bi9S17,0.75,consensus of 2 reports,2,0.6; 0.9,Zhuo 2018,1.15,0.4,2,Bi-Cs-Cu-S,,
Cs4Ga4Si19,1.14,consensus of 1 report,1,1.14,Zhuo 2018,0.853,-0.287,2,Cs-Ga-Si,,
Cs4Ge(PSe3)4,2.0,consensus of 1 report,1,2,Zhuo 2018,2.132,0.132,0,Cs-Ge-P-Se,,
Cs4Ge5(PbS4)4,1.95,consensus of 1 report,1,1.95,Zhuo 2018,2.119,0.169,2,Cs-Ge-Pb-S,,
Cs4In8GeSe16,2.2,consensus of 1 report,1,2.2,Zhuo 2018,2.123,-0.077,1,Cs-Ge-In-Se,,
Cs4Zr3S14,2.35,consensus of 1 report,1,2.35,Zhuo 2018,1.965,-0.385,1,Cs-S-Zr,,
Cs5Bi(PSe3)4,1.85,consensus of 1 report,1,1.85,Zhuo 2018,1.582,-0.268,1,Bi-Cs-P-Se,,
Cs5P5Se12,2.17,consensus of 1 report,1,2.17,Zhuo 2018,2.141,-0.029,0,Cs-P-Se,,
Cs6.4Na1.6Ga8Ge38,0.22,consensus of 1 report,1,0.22,Zhuo 2018,0.451,0.231,4,Cs-Ga-Ge-Na,,
CsAg2AsS3,2.7,consensus of 1 report,1,2.7,Zhuo 2018,2.256,-0.444,0,Ag-As-Cs-S,1.669,2.534
CsAg2TeS6,2.04,consensus of 1 report,1,2.04,Zhuo 2018,2.246,0.206,1,Ag-Cs-S-Te,,
CsAg5Te3,0.65,consensus of 1 report,1,0.65,Zhuo 2018,0.799,0.149,3,Ag-Cs-Te,0.0,0.565
CsAgSb4S7,2.04,consensus of 1 report,1,2.04,Zhuo 2018,1.839,-0.201,3,Ag-Cs-S-Sb,,
CsAsSe2,1.93,consensus of 2 reports,2,1.86; 2,Zhuo 2018,1.843,-0.087,0,As-Cs-Se,1.388,2.053
CsAu,2.5,Borlido 2019,2,2.3; 2.5,Borlido 2019; Zhuo 2018,1.881,-0.619,0,Au-Cs,,
CsAuBr3,1.6,Borlido 2019,1,1.6,Borlido 2019,2.006,0.406,2,Au-Br-Cs,0.678,1.109
CsAuCl3,2.04,Borlido 2019,1,2.04,Borlido 2019,1.978,-0.062,4,Au-Cl-Cs,0.823,1.369
CsAuI3,1.31,Borlido 2019,1,1.31,Borlido 2019,1.776,0.466,2,Au-Cs-I,0.732,1.087
CsB3O5,7.42,consensus of 1 report,1,7.42,Zhuo 2018,6.593,-0.827,1,B-Cs-O,,
CsBi2,0.55,consensus of 1 report,1,0.55,Zhuo 2018,0.966,0.416,2,Bi-Cs,,
CsBi3Se5,0.43,consensus of 1 report,1,0.43,Zhuo 2018,0.743,0.313,3,Bi-Cs-Se,0.981,1.491
CsBiS2,1.4,consensus of 3 reports,3,1.39; 1.4; 1.46,Zhuo 2018,1.618,0.218,2,Bi-Cs-S,1.599,2.349
CsBiSe2,1.07,consensus of 1 report,1,1.07,Zhuo 2018,0.912,-0.158,3,Bi-Cs-Se,,
CsBr,6.99,consensus of 2 reports,2,6.8; 7.18,Zhuo 2018,6.989,-0.001,3,Br-Cs,4.424,5.584
CsCaBO3,4.065,consensus of 2 reports,2,3.93; 4.2,Zhuo 2018,4.623,0.558,0,B-Ca-Cs-O,,
CsCd4Ga5S12,3.09,consensus of 1 report,1,3.09,Zhuo 2018,3.048,-0.042,3,Cd-Cs-Ga-S,,
CsCd4Ga5Se12,2.21,consensus of 1 report,1,2.21,Zhuo 2018,1.949,-0.261,0,Cd-Cs-Ga-Se,,
CsCd4Ga5Te12,1.67,consensus of 1 report,1,1.67,Zhuo 2018,1.641,-0.029,0,Cd-Cs-Ga-Te,,
CsCd4In5Se12,1.62,consensus of 1 report,1,1.62,Zhuo 2018,1.828,0.208,2,Cd-Cs-In-Se,,
CsCd4In5Te12,1.42,consensus of 1 report,1,1.42,Zhuo 2018,1.322,-0.098,0,Cd-Cs-In-Te,,
CsCdBO3,2.58,consensus of 1 report,1,2.58,Zhuo 2018,3.179,0.599,0,B-Cd-Cs-O,1.681,3.237
CsCdInSe3,2.4,consensus of 1 report,1,2.4,Zhuo 2018,2.039,-0.361,2,Cd-Cs-In-Se,,
CsCeCdSe3,2.4,consensus of 1 report,1,2.4,Zhuo 2018,1.992,-0.408,4,Cd-Ce-Cs-Se,,
CsCeHgSe3,1.94,consensus of 1 report,1,1.94,Zhuo 2018,2.249,0.309,0,Ce-Cs-Hg-Se,,
CsCl,7.95,consensus of 2 reports,2,7.8; 8.1,Zhuo 2018,8.527,0.577,2,Cl-Cs,4.95,6.228
CsCu(SbS2)2,1.7,consensus of 1 report,1,1.7,Zhuo 2018,1.641,-0.059,1,Cs-Cu-S-Sb,,
CsCu2AsS3,2.3,consensus of 1 report,1,2.3,Zhuo 2018,1.773,-0.527,2,As-Cs-Cu-S,,
CsCu2SbS3,1.63,consensus of 1 report,1,1.63,Zhuo 2018,2.014,0.384,1,Cs-Cu-S-Sb,,
CsDy9(Cd2Se9)2,1.99,consensus of 1 report,1,1.99,Zhuo 2018,2.07,0.08,1,Cd-Cs-Dy-Se,,
CsEr9(Cd2Se9)2,2.09,consensus of 1 report,1,2.09,Zhuo 2018,1.931,-0.159,4,Cd-Cs-Er-Se,,
CsErZnSe3,2.595,consensus of 2 reports,2,2.56; 2.63,Zhuo 2018,2.023,-0.572,3,Cs-Er-Se-Zn,,
CsF,10.0,consensus of 1 report,1,10,Zhuo 2018,9.871,-0.129,4,Cs-F,5.623,7.471
CsGa(SnSe3)2,1.87,consensus of 1 report,1,1.87,Zhuo 2018,1.78,-0.09,3,Cs-Ga-Se-Sn,,
CsGaS3,3.0,consensus of 1 report,1,3,Zhuo 2018,3.166,0.166,3,Cs-Ga-S,2.447,3.606
CsGaSnSe4,1.97,consensus of 1 report,1,1.97,Zhuo 2018,2.066,0.096,3,Cs-Ga-Se-Sn,,
CsGdZnTe3,2.13,consensus of 1 report,1,2.13,Zhuo 2018,1.11,-1.02,1,Cs-Gd-Te-Zn,,
CsGe5BO12,4.89,consensus of 1 report,1,4.89,Zhuo 2018,4.145,-0.745,1,B-Cs-Ge-O,,
CsGeB3O7,5.76,consensus of 1 report,1,5.76,Zhuo 2018,5.131,-0.629,1,B-Cs-Ge-O,,
CsGeI3,1.6,consensus of 1 report,1,1.6,Zhuo 2018,1.622,0.022,0,Cs-Ge-I,0.934,1.34
CsH3(SeO3)2,4.77,consensus of 1 report,1,4.77,Zhuo 2018,4.555,-0.215,2,Cs-H-O-Se,,
CsHo9(Cd2Se9)2,2.06,consensus of 1 report,1,2.06,Zhuo 2018,2.074,0.014,4,Cd-Cs-Ho-Se,,
CsI,6.37,consensus of 3 reports,3,6.3; 6.37; 6.4,Zhuo 2018,5.871,-0.499,2,Cs-I,3.722,4.711
CsIn(SnSe3)2,1.78,consensus of 1 report,1,1.78,Zhuo 2018,1.722,-0.058,4,Cs-In-Se-Sn,,
CsInGeS4,2.25,consensus of 2 reports,2,2.1; 2.4,Zhuo 2018,2.854,0.604,4,Cs-Ge-In-S,,
CsInGeSe4,2.32,consensus of 1 report,1,2.32,Zhuo 2018,1.962,-0.358,1,Cs-Ge-In-Se,,
CsInHgS3,2.3,consensus of 1 report,1,2.3,Zhuo 2018,2.44,0.14,1,Cs-Hg-In-S,,
CsInS2,3.4,consensus of 1 report,1,3.4,Zhuo 2018,3.115,-0.285,3,Cs-In-S,2.179,3.191
CsInSe2,2.81,consensus of 1 report,1,2.81,Zhuo 2018,2.762,-0.048,0,Cs-In-Se,1.611,2.523
CsInSnS4,2.9,consensus of 1 report,1,2.9,Zhuo 2018,2.309,-0.591,3,Cs-In-S-Sn,,
CsInTe2,2.16,consensus of 1 report,1,2.16,Zhuo 2018,2.103,-0.057,4,Cs-In-Te,1.341,2.083
CsInTe3O8,3.9,consensus of 1 report,1,3.9,Zhuo 2018,3.991,0.091,4,Cs-In-O-Te,,
CsK(PSe4)2,2.36,consensus of 1 report,1,2.36,Zhuo 2018,2.382,0.022,2,Cs-K-P-Se,,
CsK2Sb,1.0,Borlido 2019,3,1; 1; 1.2,Borlido 2019; Zhuo 2018,1.13,0.13,4,Cs-K-Sb,1.019,1.738
CsLaHgSe3,2.46,Borlido 2019,3,2.46; 2.46; 2.51,Borlido 2019; Zhuo 2018,2.549,0.089,0,Cs-Hg-La-Se,1.435,2.285
CsLi(B3O5)2,6.89,consensus of 1 report,1,6.89,Zhuo 2018,6.672,-0.218,0,B-Cs-Li-O,,
CsLiCO3,6.19,consensus of 1 report,1,6.19,Zhuo 2018,5.576,-0.614,3,C-Cs-Li-O,,
CsLu7S11,1.86,consensus of 1 report,1,1.86,Zhuo 2018,1.691,-0.169,2,Cs-Lu-S,,
CsLu7Se11,1.78,consensus of 1 report,1,1.78,Zhuo 2018,1.549,-0.231,0,Cs-Lu-Se,,
CsLuCoS3,1.34,consensus of 2 reports,2,1.18; 1.5,Zhuo 2018,1.391,0.051,2,Co-Cs-Lu-S,,
CsMn4Ga5Te12,1.55,consensus of 1 report,1,1.55,Zhuo 2018,1.56,0.01,4,Cs-Ga-Mn-Te,,
CsMn4In5Se12,1.79,consensus of 1 report,1,1.79,Zhuo 2018,1.963,0.173,3,Cs-In-Mn-Se,,
CsMn4In5Te12,1.48,consensus of 1 report,1,1.48,Zhuo 2018,1.426,-0.054,0,Cs-In-Mn-Te,,
CsNa2Sb,0.8,consensus of 1 report,1,0.8,Zhuo 2018,0.937,0.137,4,Cs-Na-Sb,,
CsNa8(B7O12)3,4.67,consensus of 1 report,1,4.67,Zhuo 2018,6.137,1.467,0,B-Cs-Na-O,,
CsNbSe2O7,4.2,consensus of 1 report,1,4.2,Zhuo 2018,3.683,-0.517,2,Cs-Nb-O-Se,,
CsPPbO4,4.39,consensus of 1 report,1,4.39,Zhuo 2018,3.288,-1.102,2,Cs-O-P-Pb,,
CsPSe4,2.44,consensus of 1 report,1,2.44,Zhuo 2018,2.25,-0.19,0,Cs-P-Se,,
CsPSe6,1.9,consensus of 1 report,1,1.9,Zhuo 2018,2.002,0.102,0,Cs-P-Se,,
CsPbBr3,2.315,Borlido 2019 + curated literature,2,2.31; 2.32,Borlido 2019; curated literature,2.287,-0.028,2,Br-Cs-Pb,1.904,2.565
CsPbCl3,2.99,curated literature,1,2.99,curated literature,3.053,0.063,0,Cl-Cs-Pb,2.147,2.866
CsPbI3,1.72,curated literature,1,1.72,curated literature,1.551,-0.169,4,Cs-I-Pb,2.132,2.752
CsRb(PSe4)2,2.41,consensus of 1 report,1,2.41,Zhuo 2018,2.331,-0.079,4,Cs-P-Rb-Se,,
CsRb2Sb,1.5,consensus of 1 report,1,1.5,Zhuo 2018,1.113,-0.387,4,Cs-Rb-Sb,,
CsSb,0.705,consensus of 2 reports,2,0.61; 0.8,Zhuo 2018,1.489,0.784,0,Cs-Sb,0.541,1.06
CsSb(SO4)2,4.68,consensus of 1 report,1,4.68,Zhuo 2018,4.56,-0.12,3,Cs-O-S-Sb,,
CsSbS2,2.8,consensus of 1 report,1,2.8,Zhuo 2018,2.179,-0.621,1,Cs-S-Sb,1.76,2.571
CsSbSe2,1.7,consensus of 1 report,1,1.7,Zhuo 2018,1.596,-0.104,2,Cs-Sb-Se,1.18,1.883
CsSbTe2,0.43,consensus of 1 report,1,0.43,Zhuo 2018,0.724,0.294,0,Cs-Sb-Te,,
CsSc(SeO3)2,5.2,consensus of 1 report,1,5.2,Zhuo 2018,4.32,-0.88,1,Cs-O-Sc-Se,,
CsSmCdSe3,2.46,consensus of 2 reports,2,2.45; 2.47,Zhuo 2018,2.322,-0.138,4,Cd-Cs-Se-Sm,,
CsSmHgSe3,2.37,consensus of 1 report,1,2.37,Zhuo 2018,1.776,-0.594,1,Cs-Hg-Se-Sm,,
CsSmZnSe3,2.53,consensus of 2 reports,2,2.43; 2.63,Zhuo 2018,2.388,-0.142,1,Cs-Se-Sm-Zn,,
CsSnBr3,1.75,Borlido 2019 + curated literature,2,1.75; 1.75,Borlido 2019; curated literature,2.344,0.594,4,Br-Cs-Sn,0.567,1.002
CsSnCl3,2.84,Borlido 2019 + curated literature,2,2.8; 2.88,Borlido 2019; curated literature,3.48,0.64,1,Cl-Cs-Sn,1.702,2.296
CsSnI3,1.28,Borlido 2019 + curated literature,2,1.25; 1.31,Borlido 2019; curated literature,1.262,-0.018,1,Cs-I-Sn,0.633,0.985
CsTa3(SeO6)2,3.88,consensus of 1 report,1,3.88,Zhuo 2018,3.728,-0.152,3,Cs-O-Se-Ta,2.529,3.92
CsTaPSe6,2.335,consensus of 2 reports,2,2.29; 2.38,Zhuo 2018,1.912,-0.423,1,Cs-P-Se-Ta,,
CsTb9(Cd2Se9)2,1.95,consensus of 1 report,1,1.95,Zhuo 2018,2.052,0.102,2,Cd-Cs-Se-Tb,,
CsTbZnTe3,2.12,consensus of 1 report,1,2.12,Zhuo 2018,1.15,-0.97,1,Cs-Tb-Te-Zn,,
CsTm9(Cd2Se9)2,2.16,consensus of 1 report,1,2.16,Zhuo 2018,2.005,-0.155,3,Cd-Cs-Se-Tm,,
CsYCdSe3,2.48,Borlido 2019,3,2.48; 2.54; 2.58,Borlido 2019; Zhuo 2018,2.756,0.276,0,Cd-Cs-Se-Y,2.074,3.037
CsYHgSe3,2.54,Borlido 2019,2,2.54; 2.54,Borlido 2019; Zhuo 2018,2.157,-0.383,1,Cs-Hg-Se-Y,1.394,2.272
CsYTe3O8,3.4,consensus of 1 report,1,3.4,Zhuo 2018,3.905,0.505,4,Cs-O-Te-Y,,
CsYZnSe3,2.29,Borlido 2019,3,2.29; 2.29; 2.41,Borlido 2019; Zhuo 2018,2.983,0.693,0,Cs-Se-Y-Zn,2.236,3.102
CsYbCoSe3,0.95,consensus of 1 report,1,0.95,Zhuo 2018,1.67,0.72,0,Co-Cs-Se-Yb,,
CsYbMnSe3,1.595,consensus of 2 reports,2,1.59; 1.6,Zhuo 2018,1.999,0.404,4,Cs-Mn-Se-Yb,,
CsYbZnSe3,2.035,consensus of 2 reports,2,1.97; 2.1,Zhuo 2018,2.043,0.008,3,Cs-Se-Yb-Zn,,
CsZn2B3O7,5.69,consensus of 1 report,1,5.69,Zhuo 2018,4.442,-1.248,3,B-Cs-O-Zn,,
CsZn4In5Se12,1.61,consensus of 1 report,1,1.61,Zhuo 2018,1.92,0.31,2,Cs-In-Se-Zn,,
CsZn4In5Te12,1.61,consensus of 1 report,1,1.61,Zhuo 2018,1.693,0.083,2,Cs-In-Te-Zn,,
CsZrPSe6,2.0,consensus of 1 report,1,2,Zhuo 2018,2.313,0.313,3,Cs-P-Se-Zr,,
Cu0.5Ge1Pb1.75S4,1.48,consensus of 1 report,1,1.48,Zhuo 2018,1.299,-0.181,2,Cu-Ge-Pb-S,,
Cu0.96Bi2Se3I1,0.68,consensus of 1 report,1,0.68,Zhuo 2018,0.558,-0.122,3,Bi-Cu-I-Se,,
Cu1.8S1,2.3,consensus of 1 report,1,2.3,Zhuo 2018,1.118,-1.182,2,Cu-S,,
Cu2GeS3,1.53,Borlido 2019,2,0.53; 1.53,Borlido 2019; Zhuo 2018,1.551,0.021,4,Cu-Ge-S,0.095,0.748
Cu2GeSe3,0.8,Borlido 2019,4,0.78; 0.82; 0.85; 1.1,Borlido 2019; Zhuo 2018,1.081,0.281,4,Cu-Ge-Se,0.0,0.357
Cu2O,2.17,Borlido 2019,4,2.17; 2.58; 2.59; 2.67,Borlido 2019; Zhuo 2018,1.646,-0.524,2,Cu-O,0.644,1.961
Cu2S,1.125,Borlido 2019,2,1.04; 1.21,Borlido 2019,0.806,-0.319,2,Cu-S,0.083,0.582
Cu2Se,1.2,Borlido 2019,6,1.1; 1.2; 1.23; 1.29; 1.3; 1.5,Borlido 2019; Zhuo 2018,0.453,-0.747,0,Cu-Se,0.0,0.0
Cu2SnS3,0.86,Borlido 2019,1,0.86,Borlido 2019,1.288,0.428,4,Cu-S-Sn,0.021,0.517
Cu2SnSe3,0.84,Borlido 2019,3,0.7; 0.83; 0.84,Borlido 2019; Zhuo 2018,0.556,-0.284,0,Cu-Se-Sn,0.0,0.146
Cu2Te,0.9,Borlido 2019,5,0.9; 1.02; 1.04; 1.08; 1.15,Borlido 2019; Zhuo 2018,0.414,-0.486,4,Cu-Te,0.0,0.0
Cu2Te3O8,2.64,consensus of 1 report,1,2.64,Zhuo 2018,3.026,0.386,4,Cu-O-Te,1.381,3.182
Cu2WSe4,1.65,consensus of 1 report,1,1.65,Zhuo 2018,0.983,-0.667,2,Cu-Se-W,0.444,1.438
Cu3AsS4,1.24,Borlido 2019,3,1.24; 1.24; 1.48,Borlido 2019; Zhuo 2018,1.318,0.078,0,As-Cu-S,0.0,0.956
Cu3AsSe4,0.88,Borlido 2019,3,0.65; 0.88; 0.88,Borlido 2019; Zhuo 2018,0.75,-0.13,1,As-Cu-Se,0.0,0.05
Cu3Bi6S10I,0.72,consensus of 1 report,1,0.72,Zhuo 2018,0.741,0.021,3,Bi-Cu-I-S,,
Cu3Hg2(Te3O8)2,2.56,consensus of 1 report,1,2.56,Zhuo 2018,2.806,0.246,4,Cu-Hg-O-Te,,
Cu3PS4,2.35,Borlido 2019,1,2.35,Borlido 2019,2.422,0.072,4,Cu-P-S,1.275,2.348
Cu3PSe4,1.4,Borlido 2019,1,1.4,Borlido 2019,1.008,-0.392,4,Cu-P-Se,0.169,0.995
Cu3SbS4,0.88,Borlido 2019,4,0.75; 0.8; 0.88; 1,Borlido 2019; Zhuo 2018,1.089,0.209,4,Cu-S-Sb,0.0,0.315
Cu3SbSe4,0.29,Borlido 2019,3,0.29; 0.31; 0.4,Borlido 2019; Zhuo 2018,0.869,0.579,3,Cu-Sb-Se,0.0,0.113
Cu4Sn7S16,0.8,consensus of 1 report,1,0.8,Zhuo 2018,1.765,0.965,4,Cu-S-Sn,,
CuBS2,3.61,Borlido 2019,2,3.61; 3.61,Borlido 2019; Zhuo 2018,2.444,-1.166,2,B-Cu-S,1.913,2.476
CuBi(PSe3)2,1.2,Borlido 2019,2,1.2; 1.2,Borlido 2019; Zhuo 2018,1.279,0.079,0,Bi-Cu-P-Se,0.773,1.422
CuBiPbS3,0.12,consensus of 1 report,1,0.12,Zhuo 2018,0.743,0.623,0,Bi-Cu-Pb-S,0.735,1.426
CuBiPbSe3,0.07,consensus of 1 report,1,0.07,Zhuo 2018,0.338,0.268,0,Bi-Cu-Pb-Se,,
CuBiSO,1.07,consensus of 1 report,1,1.07,Zhuo 2018,2.071,1.001,4,Bi-Cu-O-S,,
CuBiSeO,0.82,Borlido 2019,2,0.82; 0.82,Borlido 2019; Zhuo 2018,1.019,0.199,0,Bi-Cu-O-Se,0.494,1.147
CuBr,3.07,Borlido 2019,9,2.9; 2.91; 2.94; 2.99; 3.02; 3.07; 3.07; 3.08; 3.08,Borlido 2019; Zhuo 2018,2.825,-0.245,2,Br-Cu,0.926,1.861
CuCl,3.4,Borlido 2019,15,3.2; 3.2; 3.2; 3.21; 3.22; 3.22; 3.24; 3.27; 3.27; 3.28; 3.28; 3.29; 3.31; 3.4; 3.4,Borlido 2019; Zhuo 2018,2.887,-0.513,0,Cl-Cu,0.78,2.145
CuHg(SeO3)2,3.25,consensus of 1 report,1,3.25,Zhuo 2018,2.601,-0.649,2,Cu-Hg-O-Se,,
CuI,3.12,Borlido 2019,6,2.8; 3.05; 3.07; 3.1; 3.12; 3.12,Borlido 2019; Zhuo 2018,3.282,0.162,0,Cu-I,1.573,2.583
CuN3,4.17,consensus of 1 report,1,4.17,Zhuo 2018,2.364,-1.806,1,Cu-N,1.503,2.678
CuNi(CN)4,2.7,consensus of 1 report,1,2.7,Zhuo 2018,2.077,-0.623,4,C-Cu-N-Ni,,
CuP2,1.45,consensus of 3 reports,3,1.4; 1.45; 1.51,Zhuo 2018,1.378,-0.072,0,Cu-P,0.915,1.409
CuPS3,2.2,consensus of 1 report,1,2.2,Zhuo 2018,2.344,0.144,4,Cu-P-S,1.273,2.272
CuSbPbS3,1.3,Borlido 2019,2,1.3; 1.31,Borlido 2019; Zhuo 2018,0.917,-0.383,3,Cu-Pb-S-Sb,0.82,1.327
CuSbS2,1.55,curated literature,3,1.38; 1.4; 1.55,Zhuo 2018; curated literature,1.452,-0.098,4,Cu-S-Sb,0.935,1.628
CuSbSe2,1.04,Borlido 2019,2,1.04; 1.05,Borlido 2019; Zhuo 2018,0.848,-0.192,3,Cu-Sb-Se,0.686,1.233
Dy(CuSe)3,0.2,consensus of 1 report,1,0.2,Zhuo 2018,0.214,0.014,0,Cu-Dy-Se,0.884,
Dy(CuTe)3,0.34,consensus of 1 report,1,0.34,Zhuo 2018,0.401,0.061,0,Cu-Dy-Te,0.802,
Dy(InS2)3,1.22,consensus of 1 report,1,1.22,Zhuo 2018,1.235,0.015,3,Dy-In-S,,
Dy1Te1.4,0.6,consensus of 1 report,1,0.6,Zhuo 2018,0.905,0.305,0,Dy-Te,,
Dy1Te1.45,0.6,consensus of 1 report,1,0.6,Zhuo 2018,0.855,0.255,0,Dy-Te,,
Dy1Te1.7,0.35,consensus of 1 report,1,0.35,Zhuo 2018,0.625,0.275,0,Dy-Te,,
Dy2(MoO4)3,1.92,consensus of 1 report,1,1.92,Zhuo 2018,1.439,-0.481,2,Dy-Mo-O,,
Dy2O3,5.0,consensus of 1 report,1,5,Zhuo 2018,4.671,-0.329,1,Dy-O,4.18,5.821
Dy2S3,2.955,consensus of 2 reports,2,2.91; 3,Zhuo 2018,1.254,-1.701,0,Dy-S,0.632,1.513
Dy2Te3,0.69,consensus of 1 report,1,0.69,Zhuo 2018,0.995,0.305,0,Dy-Te,0.526,
Dy3Al0.5Si1S7,2.22,consensus of 1 report,1,2.22,Zhuo 2018,2.27,0.05,2,Al-Dy-S-Si,,
Dy3GaS6,2.81,consensus of 1 report,1,2.81,Zhuo 2018,2.307,-0.503,4,Dy-Ga-S,2.025,
Dy4GaSbS9,2.58,consensus of 1 report,1,2.58,Zhuo 2018,2.299,-0.281,3,Dy-Ga-S-Sb,,
Dy4Te3S4,1.43,consensus of 1 report,1,1.43,Zhuo 2018,1.443,0.013,0,Dy-S-Te,1.436,
DyAs,1.0,consensus of 1 report,1,1,Zhuo 2018,0.949,-0.051,4,As-Dy,0.0,0.0
DyN,2.35,consensus of 2 reports,2,2.1; 2.6,Zhuo 2018,1.768,-0.582,0,Dy-N,0.117,1.124
DyPO4,6.38,consensus of 1 report,1,6.38,Zhuo 2018,5.871,-0.509,0,Dy-O-P,6.237,
Er(CuTe)3,0.24,consensus of 1 report,1,0.24,Zhuo 2018,0.243,0.003,0,Cu-Er-Te,0.378,
Er(InS2)3,1.28,consensus of 1 report,1,1.28,Zhuo 2018,1.284,0.004,2,Er-In-S,,
Er2(MoO4)3,1.0,consensus of 2 reports,2,0.96; 1.04,Zhuo 2018,2.582,1.582,3,Er-Mo-O,,
Er2O3,5.42,consensus of 1 report,1,5.42,Zhuo 2018,4.631,-0.789,1,Er-O,4.172,5.763
Er2Se3,1.66,consensus of 1 report,1,1.66,Zhuo 2018,1.599,-0.061,3,Er-Se,0.28,0.925
Er2Te3,0.9,consensus of 1 report,1,0.9,Zhuo 2018,0.617,-0.283,2,Er-Te,0.587,
Er3Te4,0.9,consensus of 1 report,1,0.9,Zhuo 2018,0.59,-0.31,2,Er-Te,,
ErB6,3.5,consensus of 1 report,1,3.5,Zhuo 2018,3.073,-0.427,1,B-Er,0.0,
ErBiW2O9,3.26,consensus of 1 report,1,3.26,Zhuo 2018,2.877,-0.383,1,Bi-Er-O-W,,
ErN,3.0,consensus of 1 report,1,3,Zhuo 2018,1.973,-1.027,3,Er-N,0.238,1.203
ErSe2,1.07,consensus of 1 report,1,1.07,Zhuo 2018,1.077,0.007,3,Er-Se,0.0,0.0
ErTe,0.9,consensus of 1 report,1,0.9,Zhuo 2018,0.822,-0.078,2,Er-Te,0.0,0.622
Eu(BiSe2)2,1.02,consensus of 1 report,1,1.02,Zhuo 2018,0.65,-0.37,0,Bi-Eu-Se,,
Eu(BiTe2)2,0.44,consensus of 1 report,1,0.44,Zhuo 2018,0.626,0.186,2,Bi-Eu-Te,,
Eu(DySe2)2,1.8,consensus of 1 report,1,1.8,Zhuo 2018,1.872,0.072,1,Dy-Eu-Se,,
Eu(ErSe2)2,1.7,consensus of 1 report,1,1.7,Zhuo 2018,1.841,0.141,3,Er-Eu-Se,,
Eu(GaS2)2,2.25,consensus of 1 report,1,2.25,Zhuo 2018,2.09,-0.16,3,Eu-Ga-S,,
Eu(GaSe2)2,2.16,consensus of 1 report,1,2.16,Zhuo 2018,1.728,-0.432,4,Eu-Ga-Se,,
Eu(GaTe2)2,1.7,consensus of 1 report,1,1.7,Zhuo 2018,1.341,-0.359,1,Eu-Ga-Te,,
Eu(HoSe2)2,1.8,consensus of 1 report,1,1.8,Zhuo 2018,1.847,0.047,2,Eu-Ho-Se,,
Eu(InS2)2,1.5,consensus of 1 report,1,1.5,Zhuo 2018,1.615,0.115,2,Eu-In-S,,
Eu(InSe2)2,1.31,consensus of 1 report,1,1.31,Zhuo 2018,1.709,0.399,1,Eu-In-Se,,
Eu(InTe2)2,1.22,consensus of 1 report,1,1.22,Zhuo 2018,1.135,-0.085,2,Eu-In-Te,,
Eu(LuSe2)2,1.7,consensus of 1 report,1,1.7,Zhuo 2018,1.575,-0.125,1,Eu-Lu-Se,,
Eu(SbS2)2,1.2,consensus of 1 report,1,1.2,Zhuo 2018,1.576,0.376,3,Eu-S-Sb,,
Eu(SbSe2)2,0.95,consensus of 1 report,1,0.95,Zhuo 2018,0.796,-0.154,1,Eu-Sb-Se,,
Eu(TmSe2)2,1.8,consensus of 1 report,1,1.8,Zhuo 2018,1.743,-0.057,3,Eu-Se-Tm,,
Eu1.75Ag0.5Ge1S4,2.14,consensus of 1 report,1,2.14,Zhuo 2018,1.718,-0.422,2,Ag-Eu-Ge-S,,
Eu1.83Ta15O32,0.23,consensus of 1 report,1,0.23,Zhuo 2018,1.184,0.954,1,Eu-O-Ta,,
Eu2Ga2GeS7,2.3,consensus of 1 report,1,2.3,Zhuo 2018,2.233,-0.067,3,Eu-Ga-Ge-S,,
Eu2O3,4.5,consensus of 1 report,1,4.5,Zhuo 2018,4.019,-0.481,4,Eu-O,3.992,5.432
Eu2Se3,1.02,consensus of 1 report,1,1.02,Zhuo 2018,1.889,0.869,0,Eu-Se,,
Eu2SnSe5,1.07,consensus of 1 report,1,1.07,Zhuo 2018,1.368,0.298,0,Eu-Se-Sn,,
Eu3(InP2)2,0.45,consensus of 1 report,1,0.45,Zhuo 2018,1.09,0.64,1,Eu-In-P,,
Eu3As2,0.6,consensus of 1 report,1,0.6,Zhuo 2018,1.115,0.515,0,As-Eu,,
Eu3Bi4S9,1.18,consensus of 1 report,1,1.18,Zhuo 2018,1.19,0.01,3,Bi-Eu-S,,
Eu3P2,1.2,consensus of 1 report,1,1.2,Zhuo 2018,0.902,-0.298,1,Eu-P,,
Eu3S4,1.7,consensus of 1 report,1,1.7,Zhuo 2018,1.668,-0.032,3,Eu-S,,
Eu3Sb4S9,1.2,consensus of 1 report,1,1.2,Zhuo 2018,1.6,0.4,3,Eu-S-Sb,,
Eu3Sb4Se9,1.08,consensus of 1 report,1,1.08,Zhuo 2018,0.725,-0.355,1,Eu-Sb-Se,,
Eu3Se4,0.58,consensus of 1 report,1,0.58,Zhuo 2018,1.584,1.004,0,Eu-Se,,
Eu4Te7,0.31,consensus of 1 report,1,0.31,Zhuo 2018,0.69,0.38,0,Eu-Te,,
Eu7(Ga3Sb4)2,0.6,consensus of 1 report,1,0.6,Zhuo 2018,0.7,0.1,1,Eu-Ga-Sb,,
EuAl2O4,2.74,consensus of 1 report,1,2.74,Zhuo 2018,3.353,0.613,0,Al-Eu-O,,
EuB(SbO4)2,3.46,consensus of 1 report,1,3.46,Zhuo 2018,3.576,0.116,2,B-Eu-O-Sb,,
EuBiW2O9,3.63,consensus of 1 report,1,3.63,Zhuo 2018,3.039,-0.591,4,Bi-Eu-O-W,,
EuCu2SnS4,1.85,consensus of 1 report,1,1.85,Zhuo 2018,1.744,-0.106,1,Cu-Eu-S-Sn,,
EuH2,1.85,consensus of 1 report,1,1.85,Zhuo 2018,2.212,0.362,4,Eu-H,0.0,0.0
EuIn2(GeIr)4,0.26,consensus of 1 report,1,0.26,Zhuo 2018,0.382,0.122,1,Eu-Ge-In-Ir,,
EuN,1.25,consensus of 1 report,1,1.25,Zhuo 2018,1.366,0.116,1,Eu-N,,
EuO,1.12,consensus of 1 report,3,1.12; 1.12; 1.12,Zhuo 2018,2.41,1.29,4,Eu-O,,
EuS,1.65,consensus of 2 reports,3,1.65; 1.65; 1.69,Zhuo 2018,2.219,0.569,3,Eu-S,0.0,1.563
EuSb4S7,0.98,consensus of 1 report,1,0.98,Zhuo 2018,1.502,0.522,3,Eu-S-Sb,,
EuSb4Te7,0.54,consensus of 1 report,1,0.54,Zhuo 2018,0.357,-0.183,3,Eu-Sb-Te,,
EuSe,3.1,consensus of 1 report,1,3.1,Zhuo 2018,0.948,-2.152,0,Eu-Se,0.0,
EuSnTe2,0.6,consensus of 1 report,1,0.6,Zhuo 2018,0.733,0.133,4,Eu-Sn-Te,,
EuTe,2.0,consensus of 3 reports,3,1.96; 2; 2.06,Zhuo 2018,1.29,-0.71,0,Eu-Te,,
EuVO4,3.35,consensus of 2 reports,2,3.26; 3.44,Zhuo 2018,1.147,-2.203,2,Eu-O-V,0.0,
Fe2B(PO4)3,3.52,consensus of 1 report,1,3.52,Zhuo 2018,3.298,-0.222,4,B-Fe-O-P,2.569,4.017
Fe2O3,2.2,consensus of 1 report,1,2.2,Zhuo 2018,1.681,-0.519,1,Fe-O,0.409,2.399
Fe2Te3,0.47,consensus of 2 reports,2,0.34; 0.6,Zhuo 2018,0.481,0.011,4,Fe-Te,,
Fe4H15(IO8)3,2.3,consensus of 1 report,1,2.3,Zhuo 2018,2.417,0.117,4,Fe-H-I-O,,
FeAgSe2,0.23,consensus of 1 report,1,0.23,Zhuo 2018,0.529,0.299,0,Ag-Fe-Se,0.0,
FeAgTe2,0.305,consensus of 4 reports,4,0.28; 0.3; 0.31; 0.58,Zhuo 2018,0.301,-0.004,3,Ag-Fe-Te,0.0,0.0
FeAsS,0.23,consensus of 2 reports,2,0.06; 0.4,Zhuo 2018,0.717,0.487,2,As-Fe-S,0.658,
FeAsSe,0.6,consensus of 1 report,1,0.6,Zhuo 2018,0.256,-0.344,1,As-Fe-Se,0.44,
FeBi(SeO3)3,2.54,consensus of 1 report,1,2.54,Zhuo 2018,2.476,-0.064,1,Bi-Fe-O-Se,,
FeBi25O39,2.8,consensus of 1 report,1,2.8,Zhuo 2018,2.246,-0.554,0,Bi-Fe-O,,
FeCuS2,0.5,consensus of 3 reports,3,0.43; 0.5; 0.53,Zhuo 2018,0.743,0.243,2,Cu-Fe-S,0.0,0.617
FeCuSe2,0.155,consensus of 2 reports,2,0.15; 0.16,Zhuo 2018,0.416,0.261,4,Cu-Fe-Se,0.0,
FeCuTe2,0.16,consensus of 1 report,1,0.16,Zhuo 2018,0.417,0.257,4,Cu-Fe-Te,0.0,
FeI2,5.15,consensus of 1 report,1,5.15,Zhuo 2018,1.481,-3.669,0,Fe-I,1.037,1.441
FeP2,0.37,Borlido 2019,1,0.37,Borlido 2019,0.513,0.143,2,Fe-P,0.411,1.845
FeP4,0.32,consensus of 1 report,1,0.32,Zhuo 2018,0.492,0.172,2,Fe-P,0.846,1.828
FePS,0.25,consensus of 1 report,1,0.25,Zhuo 2018,0.467,0.217,3,Fe-P-S,0.807,
FeS2,0.95,Borlido 2019,1,0.95,Borlido 2019,0.594,-0.356,0,Fe-S,0.447,0.942
FeSi2,0.9,consensus of 5 reports,5,0.85; 0.88; 0.9; 0.95; 1,Zhuo 2018,0.394,-0.506,0,Fe-Si,0.271,0.0
Ga0.001Te1Pb0.999,0.3,consensus of 1 report,1,0.3,Zhuo 2018,0.453,0.153,2,Ga-Pb-Te,,
Ga0.005Te1Pb0.995,0.37,consensus of 1 report,1,0.37,Zhuo 2018,0.536,0.166,2,Ga-Pb-Te,,
Ga0.01Te1Pb0.99,0.42,consensus of 1 report,1,0.42,Zhuo 2018,0.543,0.123,2,Ga-Pb-Te,,
Ga0.04Te1Pb0.96,0.37,consensus of 1 report,1,0.37,Zhuo 2018,0.5,0.13,2,Ga-Pb-Te,,
Ga0.07Te1Pb0.93,0.34,consensus of 1 report,1,0.34,Zhuo 2018,0.485,0.145,2,Ga-Pb-Te,,
Ga0.95Hg0.05Sb0.95Te0.05,0.69,consensus of 1 report,1,0.69,Zhuo 2018,0.8,0.11,1,Ga-Hg-Sb-Te,,
Ga0.99Hg0.01Sb0.99Te0.01,0.72,consensus of 1 report,1,0.72,Zhuo 2018,0.772,0.052,1,Ga-Hg-Sb-Te,,
Ga0.9Hg0.1Sb0.9Te0.1,0.65,consensus of 1 report,1,0.65,Zhuo 2018,0.836,0.186,1,Ga-Hg-Sb-Te,,
Ga1.001Sb0.999Se0.003,0.71,consensus of 1 report,1,0.71,Zhuo 2018,0.978,0.268,4,Ga-Sb-Se,,
Ga1.001Sb0.999Te0.003,0.72,consensus of 1 report,1,0.72,Zhuo 2018,0.751,0.031,0,Ga-Sb-Te,,
Ga1.002Sb0.998Se0.006,0.7,consensus of 1 report,1,0.7,Zhuo 2018,0.985,0.285,4,Ga-Sb-Se,,
Ga1.002Sb0.998Te0.006,0.7,consensus of 1 report,1,0.7,Zhuo 2018,0.76,0.06,0,Ga-Sb-Te,,
Ga1.005Sb0.995Se0.015,0.64,consensus of 1 report,1,0.64,Zhuo 2018,1.014,0.374,4,Ga-Sb-Se,,
Ga1.005Sb0.995Te0.015,0.68,consensus of 1 report,1,0.68,Zhuo 2018,0.685,0.005,0,Ga-Sb-Te,,
Ga1.01Cu0.99Se2.01,1.59,consensus of 1 report,1,1.59,Zhuo 2018,1.472,-0.118,4,Cu-Ga-Se,,
Ga1.01Sb0.99Se0.03,0.62,consensus of 1 report,1,0.62,Zhuo 2018,1.001,0.381,4,Ga-Sb-Se,,
Ga1.01Sb0.99Te0.03,0.68,consensus of 1 report,1,0.68,Zhuo 2018,0.684,0.004,0,Ga-Sb-Te,,
Ga1.02Sb0.98Se0.06,0.63,consensus of 1 report,1,0.63,Zhuo 2018,1.016,0.386,4,Ga-Sb-Se,,
Ga1.02Sb0.98Te0.06,0.68,consensus of 1 report,1,0.68,Zhuo 2018,0.661,-0.019,0,Ga-Sb-Te,,
Ga1.05Sb0.95Se0.15,0.66,consensus of 1 report,1,0.66,Zhuo 2018,1.041,0.381,4,Ga-Sb-Se,,
Ga1.05Sb0.95Te0.15,0.68,consensus of 1 report,1,0.68,Zhuo 2018,0.665,-0.015,0,Ga-Sb-Te,,
Ga1.1Cu0.9Se2.1,1.59,consensus of 1 report,1,1.59,Zhuo 2018,1.496,-0.094,4,Cu-Ga-Se,,
Ga1.1Sb0.9Se0.3,0.67,consensus of 1 report,1,0.67,Zhuo 2018,1.024,0.354,4,Ga-Sb-Se,,
Ga1.1Sb0.9Te0.3,0.7,consensus of 1 report,1,0.7,Zhuo 2018,0.665,-0.035,0,Ga-Sb-Te,,
Ga1.2Cu0.8Se2.2,1.58,consensus of 1 report,1,1.58,Zhuo 2018,1.465,-0.115,4,Cu-Ga-Se,,
Ga1.5Cu0.5S2.5,2.445,consensus of 2 reports,2,2.43; 2.46,Zhuo 2018,1.911,-0.534,2,Cu-Ga-S,,
Ga1.5Cu0.5Se2.5,1.76,consensus of 1 report,1,1.76,Zhuo 2018,1.418,-0.342,4,Cu-Ga-Se,,
Ga1.65Cu0.35S2.65,2.55,consensus of 2 reports,2,2.53; 2.57,Zhuo 2018,2.008,-0.542,2,Cu-Ga-S,,
Ga1.65Cu0.35Se2.65,1.81,consensus of 1 report,1,1.81,Zhuo 2018,1.488,-0.322,4,Cu-Ga-Se,,
Ga1.6Cu0.4S2.6,2.475,consensus of 2 reports,2,2.45; 2.5,Zhuo 2018,1.965,-0.51,2,Cu-Ga-S,,
Ga1.7Cu0.3S2.7,2.575,consensus of 2 reports,2,2.55; 2.6,Zhuo 2018,2.7,0.125,2,Cu-Ga-S,,
Ga1.85Cu0.15Se2.85,1.92,consensus of 1 report,1,1.92,Zhuo 2018,1.827,-0.093,4,Cu-Ga-Se,,
Ga1.8Cu0.2S2.8,2.675,consensus of 2 reports,2,2.65; 2.7,Zhuo 2018,2.855,0.18,2,Cu-Ga-S,,
Ga1.8Cu0.2Se2.8,1.86,consensus of 1 report,1,1.86,Zhuo 2018,1.813,-0.047,4,Cu-Ga-Se,,
Ga1.95Cu0.05S2.95,2.67,consensus of 2 reports,2,2.64; 2.7,Zhuo 2018,2.814,0.144,2,Cu-Ga-S,,
Ga1.95Cu0.05Se2.95,1.96,consensus of 1 report,1,1.96,Zhuo 2018,1.786,-0.174,4,Cu-Ga-Se,,
Ga1.99Cu0.01Se2.99,1.99,consensus of 1 report,1,1.99,Zhuo 2018,1.821,-0.169,4,Cu-Ga-Se,,
Ga1.9Cu0.1S2.9,2.625,consensus of 2 reports,2,2.6; 2.65,Zhuo 2018,2.878,0.253,2,Cu-Ga-S,,
Ga1As0.01P0.99,2.23,consensus of 1 report,1,2.23,Zhuo 2018,1.952,-0.278,2,As-Ga-P,,
Ga1As0.2P0.8,2.2,consensus of 1 report,1,2.2,Zhuo 2018,1.957,-0.243,2,As-Ga-P,,
Ga1As0.3P0.7,2.16,consensus of 1 report,1,2.16,Zhuo 2018,1.926,-0.234,2,As-Ga-P,,
Ga1As0.4P0.6,2.1,consensus of 1 report,1,2.1,Zhuo 2018,1.731,-0.369,2,As-Ga-P,,
Ga1As0.5P0.5,2.0,consensus of 1 report,1,2,Zhuo 2018,1.746,-0.254,2,As-Ga-P,,
Ga1As0.6P0.4,1.91,consensus of 1 report,1,1.91,Zhuo 2018,1.657,-0.253,2,As-Ga-P,,
Ga1As0.7P0.3,1.8,consensus of 1 report,1,1.8,Zhuo 2018,1.625,-0.175,2,As-Ga-P,,
Ga1As0.8P0.2,1.62,consensus of 1 report,1,1.62,Zhuo 2018,1.42,-0.2,2,As-Ga-P,,
Ga1As0.99P0.01,1.37,consensus of 1 report,1,1.37,Zhuo 2018,1.172,-0.198,2,As-Ga-P,,
Ga1As0.9P0.1,1.5,consensus of 1 report,1,1.5,Zhuo 2018,1.331,-0.169,2,As-Ga-P,,
Ga1Sb0.01As0.99,0.7,consensus of 1 report,1,0.7,Zhuo 2018,1.358,0.658,1,As-Ga-Sb,,
Ga1Sb0.14As0.86,0.66,consensus of 1 report,1,0.66,Zhuo 2018,1.203,0.543,1,As-Ga-Sb,,
Ga1Sb0.25As0.75,0.65,consensus of 1 report,1,0.65,Zhuo 2018,1.188,0.538,1,As-Ga-Sb,,
Ga1Sb0.35As0.65,0.68,consensus of 1 report,1,0.68,Zhuo 2018,0.938,0.258,1,As-Ga-Sb,,
Ga1Sb0.3As0.7,0.67,consensus of 1 report,1,0.67,Zhuo 2018,0.982,0.312,1,As-Ga-Sb,,
Ga1Sb0.85As0.15,1.1,consensus of 1 report,1,1.1,Zhuo 2018,0.64,-0.46,1,As-Ga-Sb,,
Ga1Sb0.8As0.2,1.02,consensus of 1 report,1,1.02,Zhuo 2018,0.652,-0.368,1,As-Ga-Sb,,
Ga1Sb0.95As0.05,1.28,consensus of 1 report,1,1.28,Zhuo 2018,0.628,-0.652,1,As-Ga-Sb,,
Ga1Sb0.99As0.01,1.37,consensus of 1 report,1,1.37,Zhuo 2018,0.648,-0.722,1,As-Ga-Sb,,
Ga2(TeO3)3,4.145,consensus of 2 reports,2,4.14; 4.15,Zhuo 2018,4.432,0.287,4,Ga-O-Te,3.742,
Ga2Cu1S3.5,2.42,consensus of 1 report,1,2.42,Zhuo 2018,1.916,-0.504,2,Cu-Ga-S,,
Ga2CuSe4,0.63,consensus of 1 report,1,0.63,Zhuo 2018,1.696,1.066,4,Cu-Ga-Se,,
Ga2GePbSe6,1.96,consensus of 1 report,1,1.96,Zhuo 2018,1.522,-0.438,2,Ga-Ge-Pb-Se,,
Ga2GeTe3,0.845,consensus of 2 reports,2,0.84; 0.85,Zhuo 2018,0.998,0.153,3,Ga-Ge-Te,,
Ga2HgS4,2.79,Borlido 2019,3,2.79; 2.79; 2.84,Borlido 2019; Zhuo 2018,2.572,-0.218,0,Ga-Hg-S,1.533,2.703
Ga2HgSe4,1.99,Borlido 2019,2,1.95; 1.99,Borlido 2019; Zhuo 2018,1.448,-0.542,2,Ga-Hg-Se,0.884,1.897
Ga2O3,4.47,consensus of 2 reports,2,4.4; 4.54,Zhuo 2018,3.862,-0.608,3,Ga-O,2.309,4.03
Ga2PbS4,2.38,consensus of 1 report,1,2.38,Zhuo 2018,2.307,-0.073,1,Ga-Pb-S,,
Ga2PbSe4,1.83,consensus of 1 report,1,1.83,Zhuo 2018,2.178,0.348,0,Ga-Pb-Se,1.681,2.521
Ga2S3,3.44,Borlido 2019,4,2.8; 2.84; 2.85; 3.44,Borlido 2019; Zhuo 2018,2.736,-0.704,4,Ga-S,1.677,3.101
Ga2Se2O7,4.61,consensus of 1 report,1,4.61,Zhuo 2018,3.726,-0.884,1,Ga-O-Se,,
Ga2Se3,2.05,consensus of 3 reports,3,1.86; 2.05; 2.3,Zhuo 2018,2.196,0.146,2,Ga-Se,0.993,1.9
Ga2Si(AgS3)2,2.35,consensus of 1 report,1,2.35,Zhuo 2018,2.798,0.448,0,Ag-Ga-S-Si,,
Ga2SiPbSe6,2.17,consensus of 1 report,1,2.17,Zhuo 2018,2.178,0.008,3,Ga-Pb-Se-Si,,
Ga2SnGeS6,2.04,consensus of 1 report,1,2.04,Zhuo 2018,2.488,0.448,3,Ga-Ge-S-Sn,1.164,2.123
Ga2Te3,1.39,consensus of 4 reports,4,1.32; 1.33; 1.45; 1.5,Zhuo 2018,1.15,-0.24,3,Ga-Te,0.589,
Ga3CuSe5,1.81,consensus of 3 reports,3,1.75; 1.81; 1.89,Zhuo 2018,1.418,-0.392,4,Cu-Ga-Se,,
Ga3CuTe5,1.09,consensus of 1 report,1,1.09,Zhuo 2018,1.184,0.094,1,Cu-Ga-Te,,
Ga3SiAg3Se8,2.3,consensus of 1 report,1,2.3,Zhuo 2018,1.666,-0.634,4,Ag-Ga-Se-Si,,
Ga4Cu2Te7,1.13,consensus of 2 reports,2,1.08; 1.18,Zhuo 2018,1.16,0.03,1,Cu-Ga-Te,,
Ga4PbS7,3.08,consensus of 1 report,1,3.08,Zhuo 2018,2.576,-0.504,1,Ga-Pb-S,,
Ga4SnS7,3.1,consensus of 1 report,1,3.1,Zhuo 2018,2.637,-0.463,1,Ga-S-Sn,,
Ga4SnSe7,2.55,consensus of 1 report,1,2.55,Zhuo 2018,1.881,-0.669,0,Ga-Se-Sn,,
Ga5Ge(PbS3)4,2.35,consensus of 1 report,1,2.35,Zhuo 2018,2.341,-0.009,1,Ga-Ge-Pb-S,,
Ga5Ge(PbSe3)4,1.91,consensus of 1 report,1,1.91,Zhuo 2018,1.327,-0.583,2,Ga-Ge-Pb-Se,,
GaAgGe3Se8,2.17,consensus of 1 report,1,2.17,Zhuo 2018,1.958,-0.212,1,Ag-Ga-Ge-Se,,
GaAgGe5Se12,2.14,consensus of 1 report,1,2.14,Zhuo 2018,2.017,-0.123,1,Ag-Ga-Ge-Se,,
GaAgGeS4,3.0,consensus of 1 report,1,3,Zhuo 2018,2.507,-0.493,0,Ag-Ga-Ge-S,1.315,
GaAgO2,2.2,consensus of 1 report,1,2.2,Zhuo 2018,2.241,0.041,3,Ag-Ga-O,0.554,1.72
GaAgS2,2.71,Borlido 2019,6,2.56; 2.62; 2.64; 2.71; 2.73; 2.73,Borlido 2019; Zhuo 2018,2.42,-0.29,3,Ag-Ga-S,0.923,2.037
GaAgSe2,1.81,Borlido 2019,7,1.3; 1.65; 1.66; 1.8; 1.8; 1.81; 1.83,Borlido 2019; Zhuo 2018,1.346,-0.464,4,Ag-Ga-Se,0.21,1.237
GaAgTe2,1.32,Borlido 2019,2,1.1; 1.32,Borlido 2019; Zhuo 2018,1.087,-0.233,4,Ag-Ga-Te,0.105,0.905
GaAs,1.52,Borlido 2019 + curated literature,27,1.4; 1.42; 1.42; 1.43; 1.43; 1.43; 1.43; 1.43; 1.44; 1.46; 1.48; 1.51; 1.51; 1.51; 1.51; 1.51; 1.52; 1.52; 1.52; 1.52; 1.52; 1.52; 1.52; 1.52; 1.52; 1.53; 1.58,Borlido 2019; Zhuo 2018; curated literature,1.084,-0.436,2,As-Ga,0.14,1.134
GaBi,0.1,consensus of 1 report,1,0.1,Zhuo 2018,0.403,0.303,3,Bi-Ga,0.0,
GaBi25O39,2.99,consensus of 1 report,1,2.99,Zhuo 2018,3.22,0.23,4,Bi-Ga-O,,
GaCuGeSe4,1.38,consensus of 1 report,1,1.38,Zhuo 2018,1.599,0.219,3,Cu-Ga-Ge-Se,0.702,
GaCuO2,2.55,Borlido 2019,2,1.47; 2.55,Borlido 2019; Zhuo 2018,2.352,-0.198,2,Cu-Ga-O,0.977,1.191
GaCuS2,2.51,Borlido 2019,8,2.38; 2.4; 2.42; 2.43; 2.44; 2.5; 2.51; 2.53,Borlido 2019; Zhuo 2018,2.02,-0.49,2,Cu-Ga-S,0.761,1.72
GaCuSe2,1.7,Borlido 2019,7,1.36; 1.6; 1.63; 1.68; 1.7; 1.7; 1.71,Borlido 2019; Zhuo 2018,1.312,-0.388,4,Cu-Ga-Se,0.23,1.234
GaCuTe2,1.23,Borlido 2019,3,1; 1.18; 1.23,Borlido 2019; Zhuo 2018,1.395,0.165,1,Cu-Ga-Te,0.083,0.482
GaGeTe,1.1,consensus of 1 report,1,1.1,Zhuo 2018,0.691,-0.409,3,Ga-Ge-Te,0.054,0.648
GaHSeO4,5.51,consensus of 1 report,1,5.51,Zhuo 2018,4.441,-1.069,1,Ga-H-O-Se,3.921,5.366
GaN,3.5,Borlido 2019 + curated literature,18,3.21; 3.24; 3.25; 3.3; 3.39; 3.4; 3.44; 3.47; 3.48; 3.48; 3.49; 3.5; 3.5; 3.5; 3.5; 3.5; 3.6; 3.8,Borlido 2019; Zhuo 2018; curated literature,2.76,-0.74,1,Ga-N,1.75,2.903
GaP,2.35,Borlido 2019 + curated literature,6,2.35; 2.35; 2.74; 2.75; 2.77; 2.78,Borlido 2019; Zhuo 2018; curated literature,2.059,-0.291,1,Ga-P,1.287,2.274
GaS,2.54,Borlido 2019,14,2.38; 2.5; 2.52; 2.53; 2.54; 2.58; 2.58; 2.59; 2.59; 2.59; 2.6; 2.62; 2.7; 2.84,Borlido 2019; Zhuo 2018,2.587,0.047,4,Ga-S,1.5,2.477
GaSb,0.82,Borlido 2019 + curated literature,17,0.67; 0.7; 0.72; 0.73; 0.77; 0.78; 0.8; 0.81; 0.81; 0.81; 0.81; 0.81; 0.81; 0.81; 0.82; 0.82; 0.82,Borlido 2019; Zhuo 2018; curated literature,0.937,0.117,3,Ga-Sb,0.0,0.57
GaSe,2.1,Borlido 2019,27,1.93; 1.97; 1.98; 2; 2.01; 2.02; 2.04; 2.05; 2.07; 2.07; 2.09; 2.09; 2.1; 2.1; 2.1; 2.11; 2.12; 2.12; 2.12; 2.13; 2.13; 2.13; 2.13; 2.15; 2.16; 2.17; 2.2,Borlido 2019; Zhuo 2018,2.155,0.055,2,Ga-Se,0.835,1.782
GaSiAgSe4,2.63,consensus of 1 report,1,2.63,Zhuo 2018,1.985,-0.645,4,Ag-Ga-Se-Si,,
GaTe,1.8,Borlido 2019,14,1.42; 1.5; 1.52; 1.63; 1.66; 1.67; 1.69; 1.7; 1.74; 1.78; 1.8; 1.8; 1.8; 1.8,Borlido 2019; Zhuo 2018,1.5,-0.3,3,Ga-Te,0.917,1.433
Gd(CuS)3,1.62,consensus of 1 report,1,1.62,Zhuo 2018,1.621,0.001,1,Cu-Gd-S,,
Gd(CuSe)3,0.14,consensus of 1 report,1,0.14,Zhuo 2018,0.324,0.184,0,Cu-Gd-Se,,
Gd(CuTe)3,0.52,consensus of 1 report,1,0.52,Zhuo 2018,0.324,-0.196,1,Cu-Gd-Te,,
Gd(InS2)3,1.13,consensus of 1 report,1,1.13,Zhuo 2018,1.146,0.016,2,Gd-In-S,,
Gd1.05Sc0.95Se3,1.2,consensus of 1 report,1,1.2,Zhuo 2018,1.711,0.511,1,Gd-Sc-Se,,
Gd1.47Mn2.04In0.49S5,1.75,consensus of 1 report,1,1.75,Zhuo 2018,2.029,0.279,4,Gd-In-Mn-S,,
Gd1.87Lu2.13Se6,1.56,consensus of 1 report,1,1.56,Zhuo 2018,1.48,-0.08,4,Gd-Lu-Se,,
Gd1Mn1.95In1.05S5,1.66,consensus of 1 report,1,1.66,Zhuo 2018,1.97,0.31,4,Gd-In-Mn-S,,
Gd2(MoO4)3,4.12,consensus of 2 reports,2,4.06; 4.18,Zhuo 2018,1.833,-2.287,0,Gd-Mo-O,,
Gd2Mn4S7,1.44,consensus of 1 report,1,1.44,Zhuo 2018,1.852,0.412,4,Gd-Mn-S,,
Gd2O3,5.3,consensus of 1 report,1,5.3,Zhuo 2018,3.728,-1.572,4,Gd-O,,
Gd2S3,2.55,consensus of 1 report,1,2.55,Zhuo 2018,1.569,-0.981,4,Gd-S,,
Gd2Se3,2.2,consensus of 1 report,1,2.2,Zhuo 2018,1.39,-0.81,4,Gd-Se,,
Gd2Te3,0.74,consensus of 1 report,1,0.74,Zhuo 2018,0.723,-0.017,4,Gd-Te,,
Gd2ZrS5,1.88,consensus of 1 report,1,1.88,Zhuo 2018,1.655,-0.225,2,Gd-S-Zr,,
Gd3.04Sc0.96S6,1.5,consensus of 1 report,1,1.5,Zhuo 2018,2.009,0.509,0,Gd-S-Sc,,
Gd3Al0.74Si0.7S7,2.34,consensus of 1 report,1,2.34,Zhuo 2018,2.415,0.075,4,Al-Gd-S-Si,,
Gd4GaSbS9,2.41,consensus of 1 report,1,2.41,Zhuo 2018,2.26,-0.15,0,Ga-Gd-S-Sb,,
Gd6Ge2.5S14,2.2,consensus of 1 report,1,2.2,Zhuo 2018,2.108,-0.092,3,Gd-Ge-S,,
GdAs,0.63,consensus of 1 report,1,0.63,Zhuo 2018,1.27,0.64,4,As-Gd,,
GdB(SbO4)2,3.48,consensus of 1 report,1,3.48,Zhuo 2018,3.392,-0.088,0,B-Gd-O-Sb,,
GdB6,3.6,consensus of 1 report,1,3.6,Zhuo 2018,2.459,-1.141,4,B-Gd,,
GdB66,1.27,consensus of 1 report,1,1.27,Zhuo 2018,1.016,-0.254,4,B-Gd,,
GdCd4B3O10,3.8,consensus of 1 report,1,3.8,Zhuo 2018,3.658,-0.142,2,B-Cd-Gd-O,,
GdH2NO5,4.84,consensus of 1 report,1,4.84,Zhuo 2018,4.09,-0.75,1,Gd-H-N-O,,
GdN,1.54,consensus of 1 report,1,1.54,Zhuo 2018,2.109,0.569,3,Gd-N,,
GdScS3,2.1,consensus of 1 report,1,2.1,Zhuo 2018,2.011,-0.089,0,Gd-S-Sc,,
GdTe,1.3,consensus of 1 report,1,1.3,Zhuo 2018,1.432,0.132,4,Gd-Te,0.0,
Ge,0.74,Borlido 2019 + curated literature,2,0.74; 0.74,Borlido 2019; curated literature,0.636,-0.104,4,Ge,0.0,0.468
Ge(Bi3O5)4,3.25,consensus of 1 report,1,3.25,Zhuo 2018,3.2,-0.05,2,Bi-Ge-O,2.375,3.34
Ge(SeO3)2,5.29,consensus of 2 reports,2,5.27; 5.31,Zhuo 2018,4.637,-0.653,0,Ge-O-Se,2.68,4.416
Ge0.01Pb0.99Se1,0.27,consensus of 1 report,1,0.27,Zhuo 2018,0.325,0.055,2,Ge-Pb-Se,,
Ge0.01Te0.01Pb0.99Se0.99,0.23,consensus of 1 report,1,0.23,Zhuo 2018,0.412,0.182,2,Ge-Pb-Se-Te,,
Ge0.01Te0.99Pb0.99S0.01,0.32,consensus of 1 report,1,0.32,Zhuo 2018,0.375,0.055,2,Ge-Pb-S-Te,,
Ge0.01Te1Pb0.99,0.32,consensus of 1 report,1,0.32,Zhuo 2018,0.317,-0.003,0,Ge-Pb-Te,,
Ge0.02Te0.98Pb0.98S0.02,0.34,consensus of 1 report,1,0.34,Zhuo 2018,0.371,0.031,2,Ge-Pb-S-Te,,
Ge0.03Pb0.97Se0.97S0.03,0.28,consensus of 1 report,1,0.28,Zhuo 2018,0.279,-0.001,4,Ge-Pb-S-Se,,
Ge0.05Pb0.95Se0.95S0.05,0.29,consensus of 1 report,1,0.29,Zhuo 2018,0.235,-0.055,4,Ge-Pb-S-Se,,
Ge0.05Pb0.95Se1,0.28,consensus of 1 report,1,0.28,Zhuo 2018,0.267,-0.013,2,Ge-Pb-Se,,
Ge0.05Te0.95Pb0.95S0.05,0.4,consensus of 1 report,1,0.4,Zhuo 2018,0.368,-0.032,2,Ge-Pb-S-Te,,
Ge0.05Te1Pb0.95,0.34,consensus of 1 report,1,0.34,Zhuo 2018,0.315,-0.025,0,Ge-Pb-Te,,
Ge0.06Te0.06Pb0.94Se0.94,0.28,consensus of 1 report,1,0.28,Zhuo 2018,0.305,0.025,2,Ge-Pb-Se-Te,,
Ge0.15Pb0.85Se0.85S0.15,0.34,consensus of 1 report,1,0.34,Zhuo 2018,0.475,0.135,4,Ge-Pb-S-Se,,
Ge0.15Te0.15Pb0.85Se0.85,0.32,consensus of 1 report,1,0.32,Zhuo 2018,0.239,-0.081,2,Ge-Pb-Se-Te,,
Ge0.15Te1Pb0.85,0.36,consensus of 1 report,1,0.36,Zhuo 2018,0.253,-0.107,0,Ge-Pb-Te,,
Ge0.1Pb0.9Se0.9S0.1,0.32,consensus of 1 report,1,0.32,Zhuo 2018,0.313,-0.007,4,Ge-Pb-S-Se,,
Ge0.1Pb0.9Se1,0.3,consensus of 1 report,1,0.3,Zhuo 2018,0.247,-0.053,2,Ge-Pb-Se,,
Ge0.1Te1Pb0.9,0.35,consensus of 1 report,1,0.35,Zhuo 2018,0.265,-0.085,0,Ge-Pb-Te,,
Ge0.25Te1Pb0.75,0.44,consensus of 1 report,1,0.44,Zhuo 2018,0.218,-0.222,0,Ge-Pb-Te,,
Ge0.2Pb0.8Se1,0.35,consensus of 1 report,1,0.35,Zhuo 2018,0.4,0.05,2,Ge-Pb-Se,,
Ge0.2Te0.2Pb0.8Se0.8,0.36,consensus of 1 report,1,0.36,Zhuo 2018,0.246,-0.114,2,Ge-Pb-Se-Te,,
Ge0.2Te1Pb0.8,0.4,consensus of 1 report,1,0.4,Zhuo 2018,0.231,-0.169,0,Ge-Pb-Te,,
Ge0.39Te1Pb0.61,0.56,consensus of 1 report,1,0.56,Zhuo 2018,0.282,-0.278,0,Ge-Pb-Te,,
Ge0.3Pb0.7Se1,0.4,consensus of 1 report,1,0.4,Zhuo 2018,0.578,0.178,2,Ge-Pb-Se,,
Ge0.3Te1Pb0.7,0.48,consensus of 1 report,1,0.48,Zhuo 2018,0.215,-0.265,0,Ge-Pb-Te,,
Ge0.41Te1Pb0.59,0.49,consensus of 1 report,1,0.49,Zhuo 2018,0.32,-0.17,0,Ge-Pb-Te,,
Ge0.4Te1Pb0.6,0.51,consensus of 1 report,1,0.51,Zhuo 2018,0.281,-0.229,0,Ge-Pb-Te,,
Ge2Sb2Te5,0.5,consensus of 1 report,1,0.5,Zhuo 2018,0.507,0.007,3,Ge-Sb-Te,0.0,0.092
Ge3Bi3O10.5,3.3,consensus of 1 report,1,3.3,Zhuo 2018,3.171,-0.129,2,Bi-Ge-O,,
Ge3Ru2,0.43,consensus of 2 reports,2,0.34; 0.52,Zhuo 2018,0.544,0.114,4,Ge-Ru,0.35,0.725
Ge40Te5.3I8,0.8,consensus of 1 report,1,0.8,Zhuo 2018,0.692,-0.108,3,Ge-I-Te,,
GeAs,0.65,Borlido 2019,4,0.65; 1.01; 1.45; 1.65,Borlido 2019; Zhuo 2018,1.121,0.471,0,As-Ge,0.177,0.649
GeAs2,1.06,Borlido 2019,4,1; 1.06; 1.06; 1.1,Borlido 2019; Zhuo 2018,1.332,0.272,0,As-Ge,0.578,1.253
GeI2,1.5,consensus of 1 report,1,1.5,Zhuo 2018,2.927,1.427,3,Ge-I,2.032,2.584
GeO2,5.35,Borlido 2019,4,5.35; 5.54; 5.56; 5.63,Borlido 2019; Zhuo 2018,3.331,-2.019,1,Ge-O,1.521,3.29
GeP,0.95,consensus of 1 report,1,0.95,Zhuo 2018,0.821,-0.129,3,Ge-P,0.0,0.553
GePb2(SeO3)4,4.1,consensus of 1 report,1,4.1,Zhuo 2018,4.018,-0.082,3,Ge-O-Pb-Se,,
GePbS3,2.4,consensus of 1 report,1,2.4,Zhuo 2018,2.11,-0.29,4,Ge-Pb-S,1.585,2.532
GeS,1.69,consensus of 9 reports,11,1.58; 1.59; 1.61; 1.65; 1.68; 1.69; 1.74; 1.74; 1.74; 1.77; 1.8,Zhuo 2018,1.749,0.059,4,Ge-S,1.015,1.458
GeS2,3.57,consensus of 4 reports,4,3.43; 3.54; 3.6; 3.71,Zhuo 2018,2.865,-0.705,4,Ge-S,2.224,3.33
GeSe,1.08,Borlido 2019,10,1.08; 1.08; 1.08; 1.1; 1.16; 1.17; 1.18; 1.22; 1.28; 1.38,Borlido 2019; Zhuo 2018,1.18,0.1,2,Ge-Se,0.455,0.259
GeSe2,2.37,consensus of 4 reports,4,2.3; 2.36; 2.38; 2.49,Zhuo 2018,2.055,-0.315,2,Ge-Se,1.392,2.3
GeTe2,0.3,consensus of 1 report,1,0.3,Zhuo 2018,0.683,0.383,0,Ge-Te,,
H5PbCBr3N2,2.25,curated literature,1,2.25,curated literature,2.363,0.113,4,Br-C-H-N-Pb,1.904,2.565
H5PbCI3N2,1.51,curated literature,1,1.51,curated literature,1.699,0.189,0,C-H-I-N-Pb,2.132,2.752
H5PbCN2Cl3,3.02,curated literature,1,3.02,curated literature,2.909,-0.111,3,C-Cl-H-N-Pb,2.147,2.866
H6PbCBr3N,2.3,curated literature,1,2.3,curated literature,2.363,0.063,4,Br-C-H-N-Pb,1.904,2.565
H6PbCI3N,1.59,curated literature,1,1.59,curated literature,1.699,0.109,0,C-H-I-N-Pb,2.132,2.752
H6PbCNCl3,3.04,curated literature,1,3.04,curated literature,2.909,-0.131,3,C-Cl-H-N-Pb,2.147,2.866
H6Pt(I3O10)2,2.26,consensus of 2 reports,2,2.12; 2.4,Zhuo 2018,2.682,0.422,3,H-I-O-Pt,,
H7Se2NO6,4.81,consensus of 1 report,1,4.81,Zhuo 2018,3.151,-1.659,2,H-N-O-Se,,
HfBrN,3.1,Borlido 2019,1,3.1,Borlido 2019,2.968,-0.132,0,Br-Hf-N,2.013,3.152
HfHg4(AsCl3)2,2.47,consensus of 1 report,1,2.47,Zhuo 2018,2.517,0.047,4,As-Cl-Hf-Hg,,
HfHg4(PCl3)2,3.26,consensus of 1 report,1,3.26,Zhuo 2018,2.845,-0.415,2,Cl-Hf-Hg-P,,
HfO2,5.5,Borlido 2019,2,5.5; 5.55,Borlido 2019; Zhuo 2018,3.695,-1.805,4,Hf-O,4.037,5.664
HfS2,1.96,Borlido 2019,2,1.96; 2.9,Borlido 2019; Zhuo 2018,1.698,-0.262,1,Hf-S,1.111,1.803
HfS3,2.85,consensus of 3 reports,3,2.8; 2.85; 3.1,Zhuo 2018,1.665,-1.185,1,Hf-S,1.118,1.894
HfSe2,1.13,Borlido 2019,2,1.13; 2.2,Borlido 2019; Zhuo 2018,1.316,0.186,0,Hf-Se,0.47,1.031
Hg3Bi2(SCl4)2,3.26,consensus of 1 report,1,3.26,Zhuo 2018,2.821,-0.439,1,Bi-Cl-Hg-S,2.8,3.94
Hg3Bi2(TeCl4)2,2.8,consensus of 1 report,1,2.8,Zhuo 2018,2.959,0.159,2,Bi-Cl-Hg-Te,2.869,3.941
Hg3PS3,1.98,consensus of 1 report,1,1.98,Zhuo 2018,1.582,-0.398,2,Hg-P-S,,
Hg3PS4,2.03,consensus of 1 report,1,2.03,Zhuo 2018,1.717,-0.313,2,Hg-P-S,,
Hg5AsS2I3,1.57,consensus of 1 report,1,1.57,Zhuo 2018,1.66,0.09,0,As-Hg-I-S,,
Hg7.5As4Cl6,1.73,consensus of 1 report,1,1.73,Zhuo 2018,1.935,0.205,3,As-Cl-Hg,,
Hg8Bi3As4Cl13,2.43,consensus of 1 report,1,2.43,Zhuo 2018,2.358,-0.072,0,As-Bi-Cl-Hg,,
HgBr,2.6,consensus of 1 report,1,2.6,Zhuo 2018,3.146,0.546,1,Br-Hg,1.998,2.877
HgBr2,3.59,consensus of 1 report,1,3.59,Zhuo 2018,3.228,-0.362,1,Br-Hg,1.597,3.047
HgBrCl,3.4,consensus of 1 report,1,3.4,Zhuo 2018,3.08,-0.32,4,Br-Cl-Hg,2.161,
HgCl,3.65,consensus of 2 reports,2,3.5; 3.8,Zhuo 2018,3.104,-0.546,2,Cl-Hg,2.418,3.42
HgCl2,4.45,consensus of 1 report,1,4.45,Zhuo 2018,4.351,-0.099,2,Cl-Hg,2.741,4.328
HgI,3.0,Borlido 2019,2,2.37; 3,Borlido 2019; Zhuo 2018,2.267,-0.733,2,Hg-I,1.558,2.309
HgI2,2.4,Borlido 2019,1,2.4,Borlido 2019,1.991,-0.409,2,Hg-I,0.969,1.913
HgO,1.9,Borlido 2019,3,1.9; 2.21; 2.48,Borlido 2019; Zhuo 2018,2.776,0.876,4,Hg-O,1.217,2.376
HgPS3,2.6,consensus of 1 report,1,2.6,Zhuo 2018,2.683,0.083,2,Hg-P-S,1.725,2.675
HgS,1.285,Borlido 2019,3,0.54; 2.03; 2.1,Borlido 2019; Zhuo 2018,2.23,0.945,4,Hg-S,1.399,2.398
HgSe,0.12,consensus of 5 reports,5,0.07; 0.1; 0.12; 0.24; 0.32,Zhuo 2018,1.131,1.011,2,Hg-Se,0.0,0.0
HgTe,0.18,consensus of 3 reports,3,0.15; 0.18; 0.19,Zhuo 2018,0.481,0.301,0,Hg-Te,0.0,0.067
HgTeBr,2.06,consensus of 1 report,1,2.06,Zhuo 2018,2.02,-0.04,0,Br-Hg-Te,,
HgTeI,1.85,consensus of 1 report,1,1.85,Zhuo 2018,1.444,-0.406,4,Hg-I-Te,,
Ho(CuSe)3,0.16,consensus of 1 report,1,0.16,Zhuo 2018,0.247,0.087,2,Cu-Ho-Se,,
Ho(CuTe)3,0.26,consensus of 1 report,1,0.26,Zhuo 2018,0.329,0.069,0,Cu-Ho-Te,0.806,
Ho(InS2)3,1.23,consensus of 1 report,1,1.23,Zhuo 2018,1.327,0.097,4,Ho-In-S,,
Ho2GeS5,2.5,consensus of 1 report,1,2.5,Zhuo 2018,1.939,-0.561,2,Ge-Ho-S,,
Ho2HfS5,1.0,consensus of 1 report,1,1,Zhuo 2018,1.121,0.121,2,Hf-Ho-S,,
Ho2O3,5.42,consensus of 1 report,1,5.42,Zhuo 2018,4.685,-0.735,0,Ho-O,4.136,5.774
Ho2S3,0.5,consensus of 1 report,1,0.5,Zhuo 2018,2.479,1.979,3,Ho-S,1.474,3.348
HoN,1.88,consensus of 3 reports,3,1.79; 1.88; 1.9,Zhuo 2018,2.48,0.6,4,Ho-N,0.192,1.143
In(PS2)2,2.585,consensus of 2 reports,2,2.42; 2.75,Zhuo 2018,2.076,-0.509,3,In-P-S,,
In(PSe2)2,1.29,consensus of 1 report,1,1.29,Zhuo 2018,2.053,0.763,2,In-P-Se,,
In0.001Te1Pb0.999,0.3,consensus of 1 report,1,0.3,Zhuo 2018,0.353,0.053,3,In-Pb-Te,,
In0.005Te1Pb0.995,0.43,consensus of 1 report,1,0.43,Zhuo 2018,0.43,0.0,3,In-Pb-Te,,
In0.01Ga0.99As0.99P0.01,1.43,consensus of 1 report,1,1.43,Zhuo 2018,1.346,-0.084,4,As-Ga-In-P,,
In0.01Ga0.99As1,1.4,consensus of 1 report,1,1.4,Zhuo 2018,0.968,-0.432,4,As-Ga-In,,
In0.01Te1Pb0.99,0.53,consensus of 1 report,1,0.53,Zhuo 2018,0.453,-0.077,3,In-Pb-Te,,
In0.04Te1Pb0.96,0.37,consensus of 1 report,1,0.37,Zhuo 2018,0.456,0.086,3,In-Pb-Te,,
In0.07Te1Pb0.93,0.32,consensus of 1 report,1,0.32,Zhuo 2018,0.409,0.089,3,In-Pb-Te,,
In0.1Ga0.9As0.1P0.9,2.25,consensus of 1 report,1,2.25,Zhuo 2018,2.226,-0.024,4,As-Ga-In-P,,
In0.1Ga0.9As0.9P0.1,1.6,consensus of 1 report,1,1.6,Zhuo 2018,1.289,-0.311,4,As-Ga-In-P,,
In0.2Ga0.8As0.2P0.8,2.15,consensus of 1 report,1,2.15,Zhuo 2018,2.135,-0.015,4,As-Ga-In-P,,
In0.2Ga0.8As0.8P0.2,1.58,consensus of 1 report,1,1.58,Zhuo 2018,1.47,-0.11,4,As-Ga-In-P,,
In0.2Ga0.8As1,1.07,consensus of 1 report,1,1.07,Zhuo 2018,0.88,-0.19,4,As-Ga-In,,
In0.3Ga0.7As0.3P0.7,2.05,consensus of 1 report,1,2.05,Zhuo 2018,1.92,-0.13,4,As-Ga-In-P,,
In0.3Ga0.7As0.7P0.3,1.67,consensus of 1 report,1,1.67,Zhuo 2018,1.59,-0.08,4,As-Ga-In-P,,
In0.3Ga0.7As1,1.0,consensus of 1 report,1,1,Zhuo 2018,0.886,-0.114,4,As-Ga-In,,
In0.3Ga0.7P1,2.2,consensus of 1 report,1,2.2,Zhuo 2018,1.971,-0.229,2,Ga-In-P,,
In0.4Ga0.6As0.4P0.6,1.85,consensus of 1 report,1,1.85,Zhuo 2018,1.655,-0.195,4,As-Ga-In-P,,
In0.4Ga0.6As0.6P0.4,1.74,consensus of 1 report,1,1.74,Zhuo 2018,1.673,-0.067,4,As-Ga-In-P,,
In0.4Ga0.6As1,0.81,consensus of 1 report,1,0.81,Zhuo 2018,0.902,0.092,4,As-Ga-In,,
In0.4Ga0.6P1,2.05,consensus of 1 report,1,2.05,Zhuo 2018,1.944,-0.106,2,Ga-In-P,,
In0.4Ga1.6Cu1S3.5,2.15,consensus of 1 report,1,2.15,Zhuo 2018,2.247,0.097,4,Cu-Ga-In-S,,
In0.5Ga0.5As0.5P0.5,1.65,consensus of 2 reports,2,1.55; 1.75,Zhuo 2018,1.628,-0.022,4,As-Ga-In-P,,
In0.5Ga0.5As1,0.75,consensus of 1 report,1,0.75,Zhuo 2018,0.896,0.146,4,As-Ga-In,,
In0.5Ga0.5P1,1.9,consensus of 1 report,1,1.9,Zhuo 2018,1.903,0.003,2,Ga-In-P,,
In0.6Ga0.4As0.6P0.4,1.25,consensus of 1 report,1,1.25,Zhuo 2018,1.589,0.339,4,As-Ga-In-P,,
In0.72Ga0.28As1,0.55,consensus of 1 report,1,0.55,Zhuo 2018,0.933,0.383,4,As-Ga-In,,
In0.7Ga0.3As0.3P0.7,1.58,consensus of 1 report,1,1.58,Zhuo 2018,1.67,0.09,4,As-Ga-In-P,,
In0.8Ga0.2As0.2P0.8,1.4,consensus of 1 report,1,1.4,Zhuo 2018,1.676,0.276,4,As-Ga-In-P,,
In0.8Ga0.2As0.8P0.2,0.85,consensus of 1 report,1,0.85,Zhuo 2018,1.425,0.575,4,As-Ga-In-P,,
In0.8Ga0.2As1,0.5,consensus of 1 report,1,0.5,Zhuo 2018,0.926,0.426,4,As-Ga-In,,
In0.99Ga0.01As0.01P0.99,1.3,consensus of 1 report,1,1.3,Zhuo 2018,1.619,0.319,4,As-Ga-In-P,,
In0.99Ga0.01As0.99P0.01,0.3,consensus of 1 report,1,0.3,Zhuo 2018,1.18,0.88,4,As-Ga-In-P,,
In0.9Ga0.1As0.1P0.9,1.32,consensus of 1 report,1,1.32,Zhuo 2018,1.651,0.331,4,As-Ga-In-P,,
In0.9Ga0.1As0.9P0.1,0.45,consensus of 1 report,1,0.45,Zhuo 2018,1.26,0.81,4,As-Ga-In-P,,
In1.01Cu0.99Se2.01,1.08,consensus of 1 report,1,1.08,Zhuo 2018,1.257,0.177,1,Cu-In-Se,,
In1.05Cu0.95Se2.05,1.07,consensus of 1 report,1,1.07,Zhuo 2018,1.234,0.164,1,Cu-In-Se,,
In1.1Cu0.9Se2.1,1.06,consensus of 1 report,1,1.06,Zhuo 2018,1.24,0.18,1,Cu-In-Se,,
In1.3Cu0.7Se2.3,1.1,consensus of 1 report,1,1.1,Zhuo 2018,1.054,-0.046,1,Cu-In-Se,,
In1.5Cu0.5Se2.5,1.24,consensus of 1 report,1,1.24,Zhuo 2018,1.186,-0.054,1,Cu-In-Se,,
In1.65Cu0.35Se2.65,1.19,consensus of 1 report,1,1.19,Zhuo 2018,1.219,0.029,1,Cu-In-Se,,
In1.6Cu0.4Se2.6,1.32,consensus of 1 report,1,1.32,Zhuo 2018,1.206,-0.114,1,Cu-In-Se,,
In1.6Ga0.4Cu1S3.5,1.55,consensus of 1 report,1,1.55,Zhuo 2018,2.008,0.458,4,Cu-Ga-In-S,,
In1.7Cu0.3Se2.7,1.21,consensus of 1 report,1,1.21,Zhuo 2018,1.347,0.137,1,Cu-In-Se,,
In1.85Cu0.15Se2.85,1.32,consensus of 1 report,1,1.32,Zhuo 2018,1.231,-0.089,1,Cu-In-Se,,
In1.8Cu0.2Se2.8,1.26,consensus of 1 report,1,1.26,Zhuo 2018,1.264,0.004,1,Cu-In-Se,,
In1.99Cu0.01Se2.99,1.45,consensus of 1 report,1,1.45,Zhuo 2018,1.156,-0.294,1,Cu-In-Se,,
In1.9Cu0.1Se2.9,1.45,consensus of 1 report,1,1.45,Zhuo 2018,1.098,-0.352,1,Cu-In-Se,,
In11.3Bi14.7S38,1.45,consensus of 1 report,1,1.45,Zhuo 2018,1.309,-0.141,2,Bi-In-S,,
In1Ag1.75Sb5.75Se11,0.94,consensus of 1 report,1,0.94,Zhuo 2018,1.123,0.183,2,Ag-In-Sb-Se,,
In1Ga1Cu1S3.5,1.84,consensus of 1 report,1,1.84,Zhuo 2018,2.21,0.37,4,Cu-Ga-In-S,,
In1Hg4As2.5Br3.5,1.71,consensus of 1 report,1,1.71,Zhuo 2018,1.534,-0.176,0,As-Br-Hg-In,,
In1Sb0.01As0.99,0.17,consensus of 1 report,1,0.17,Zhuo 2018,0.454,0.284,1,As-In-Sb,,
In1Sb0.1As0.9,0.14,consensus of 1 report,1,0.14,Zhuo 2018,0.447,0.307,1,As-In-Sb,,
In1Sb0.2As0.8,0.12,consensus of 1 report,1,0.12,Zhuo 2018,0.433,0.313,1,As-In-Sb,,
In1Sb0.3As0.7,0.11,consensus of 1 report,1,0.11,Zhuo 2018,0.426,0.316,1,As-In-Sb,,
In1Sb0.4As0.6,0.1,consensus of 1 report,1,0.1,Zhuo 2018,0.424,0.324,1,As-In-Sb,,
In1Sb0.5As0.5,0.1,consensus of 1 report,1,0.1,Zhuo 2018,0.418,0.318,1,As-In-Sb,,
In1Sb0.6As0.4,0.13,consensus of 1 report,1,0.13,Zhuo 2018,0.438,0.308,1,As-In-Sb,,
In1Sb0.7As0.3,0.16,consensus of 1 report,1,0.16,Zhuo 2018,0.441,0.281,1,As-In-Sb,,
In1Sb0.8As0.2,0.21,consensus of 1 report,1,0.21,Zhuo 2018,0.453,0.243,1,As-In-Sb,,
In1Sb0.99As0.01,0.35,consensus of 1 report,1,0.35,Zhuo 2018,0.457,0.107,1,As-In-Sb,,
In1Sb0.9As0.1,0.27,consensus of 1 report,1,0.27,Zhuo 2018,0.437,0.167,1,As-In-Sb,,
In2As2Cl2O5,4.62,consensus of 1 report,1,4.62,Zhuo 2018,4.322,-0.298,3,As-Cl-In-O,3.164,
In2B(PO4)3,5.39,consensus of 1 report,1,5.39,Zhuo 2018,3.847,-1.543,0,B-In-O-P,,
In2Bi3Se7I,1.38,consensus of 1 report,1,1.38,Zhuo 2018,1.015,-0.365,3,Bi-I-In-Se,,
In2Cu1S3.5,1.43,consensus of 1 report,1,1.43,Zhuo 2018,1.488,0.058,0,Cu-In-S,,
In2FeSe4,1.15,consensus of 1 report,1,1.15,Zhuo 2018,1.062,-0.088,1,Fe-In-Se,,
In2GeTe3,0.69,consensus of 2 reports,2,0.68; 0.7,Zhuo 2018,0.502,-0.188,0,Ge-In-Te,,
In2Hg6(P2Cl3)3,3.13,consensus of 1 report,1,3.13,Zhuo 2018,2.713,-0.417,1,Cl-Hg-In-P,,
In2HgS4,2.0,consensus of 1 report,1,2,Zhuo 2018,1.992,-0.008,4,Hg-In-S,0.319,1.38
In2HgSe4,1.16,Borlido 2019,2,0.6; 1.16,Borlido 2019; Zhuo 2018,1.626,0.466,4,Hg-In-Se,0.567,1.511
In2HgTe4,0.9,Borlido 2019,4,0.86; 0.9; 1.17; 1.25,Borlido 2019; Zhuo 2018,0.866,-0.034,3,Hg-In-Te,0.457,1.233
In2O3,2.8,consensus of 1 report,1,2.8,Zhuo 2018,2.923,0.123,0,In-O,0.827,2.26
In2S3,2.0,consensus of 1 report,1,2,Zhuo 2018,1.835,-0.165,3,In-S,0.686,1.68
In2Se,0.69,consensus of 3 reports,3,0.65; 0.69; 0.83,Zhuo 2018,0.334,-0.356,2,In-Se,0.0,
In2Se2O7,2.97,consensus of 1 report,1,2.97,Zhuo 2018,4.384,1.414,0,In-O-Se,,
In2Se3,1.335,Borlido 2019,9,0.97; 1; 1.18; 1.2; 1.25; 1.31; 1.36; 1.38; 1.42,Borlido 2019; Zhuo 2018,0.922,-0.413,2,In-Se,0.042,0.742
In2Te,0.46,consensus of 1 report,1,0.46,Zhuo 2018,0.513,0.053,0,In-Te,0.0,
In3AgTe5,0.68,consensus of 1 report,1,0.68,Zhuo 2018,0.591,-0.089,0,Ag-In-Te,,
In3CuS5,1.2,consensus of 1 report,1,1.2,Zhuo 2018,1.636,0.436,0,Cu-In-S,,
In3CuSe5,0.6,consensus of 1 report,1,0.6,Zhuo 2018,1.202,0.602,1,Cu-In-Se,0.203,
In3CuTe5,1.105,consensus of 2 reports,2,1.01; 1.2,Zhuo 2018,0.628,-0.477,3,Cu-In-Te,,
In4As5(BrO4)3,4.22,consensus of 1 report,1,4.22,Zhuo 2018,3.392,-0.828,2,As-Br-In-O,,
In4Bi3S10,1.42,consensus of 1 report,1,1.42,Zhuo 2018,1.402,-0.018,2,Bi-In-S,,
In4Cu2Te7,1.1,consensus of 1 report,1,1.1,Zhuo 2018,0.707,-0.393,3,Cu-In-Te,,
In4S5,0.9,consensus of 1 report,1,0.9,Zhuo 2018,1.324,0.424,3,In-S,,
In4Se3,0.645,consensus of 2 reports,2,0.64; 0.65,Zhuo 2018,0.61,-0.035,2,In-Se,0.168,0.525
In4Te3,0.525,consensus of 4 reports,4,0.42; 0.5; 0.55; 0.57,Zhuo 2018,0.805,0.28,0,In-Te,0.134,0.404
In5AgS8,1.76,consensus of 1 report,1,1.76,Zhuo 2018,1.678,-0.082,4,Ag-In-S,0.0,
In5AgTe8,0.47,consensus of 1 report,1,0.47,Zhuo 2018,0.708,0.238,0,Ag-In-Te,0.246,0.999
In5CuS8,1.34,consensus of 1 report,1,1.34,Zhuo 2018,1.479,0.139,0,Cu-In-S,0.0,0.586
In5Se6,0.14,consensus of 1 report,1,0.14,Zhuo 2018,1.034,0.894,2,In-Se,,
In6S7,0.93,Borlido 2019,4,0.7; 0.89; 0.93; 0.95,Borlido 2019; Zhuo 2018,1.835,0.905,3,In-S,0.197,0.725
In6Se7,2.2,Borlido 2019,5,0.34; 0.64; 0.72; 0.86; 2.2,Borlido 2019; Zhuo 2018,0.836,-1.364,2,In-Se,0.06,0.339
In9AgTe14,1.5,consensus of 1 report,1,1.5,Zhuo 2018,0.606,-0.894,0,Ag-In-Te,,
InAgO2,1.9,Borlido 2019,2,1.9; 4.2,Borlido 2019; Zhuo 2018,1.681,-0.219,3,Ag-In-O,0.28,1.342
InAgS2,2.04,Borlido 2019,4,1.88; 1.9; 2; 2.04,Borlido 2019; Zhuo 2018,1.931,-0.109,4,Ag-In-S,0.29,1.264
InAgSe2,1.24,Borlido 2019,8,1.04; 1.15; 1.18; 1.2; 1.22; 1.24; 1.24; 1.25,Borlido 2019; Zhuo 2018,0.99,-0.25,4,Ag-In-Se,0.009,0.87
InAgTe2,0.96,Borlido 2019,3,0.93; 0.96; 0.96,Borlido 2019; Zhuo 2018,0.641,-0.319,0,Ag-In-Te,0.0,0.571
InAs,0.42,Borlido 2019 + curated literature,23,0.28; 0.33; 0.35; 0.35; 0.36; 0.36; 0.36; 0.4; 0.41; 0.41; 0.41; 0.41; 0.41; 0.41; 0.42; 0.42; 0.42; 0.42; 0.43; 0.43; 0.45; 0.46; 0.47,Borlido 2019; Zhuo 2018; curated literature,0.444,0.024,2,As-In,0.0,0.398
InAsI,0.41,consensus of 1 report,1,0.41,Zhuo 2018,1.067,0.657,4,As-I-In,,
InBi2S4Br,1.5,consensus of 1 report,1,1.5,Zhuo 2018,1.517,0.017,0,Bi-Br-In-S,,
InBi2S4Cl,1.5,Borlido 2019,2,1.5; 1.5,Borlido 2019; Zhuo 2018,1.581,0.081,3,Bi-Cl-In-S,1.547,2.307
InBi2Se4Br,1.21,Borlido 2019,2,1.21; 1.21,Borlido 2019; Zhuo 2018,1.26,0.05,2,Bi-Br-In-Se,1.166,1.766
InCuGeSe4,1.3,consensus of 1 report,1,1.3,Zhuo 2018,1.248,-0.052,4,Cu-Ge-In-Se,0.467,
InCuS2,1.53,Borlido 2019,7,1.5; 1.52; 1.53; 1.54; 1.54; 1.55; 1.57,Borlido 2019; Zhuo 2018,1.48,-0.05,0,Cu-In-S,0.057,0.658
InCuSe2,1.04,Borlido 2019,8,0.8; 0.92; 0.95; 0.95; 0.96; 1.01; 1.04; 1.07,Borlido 2019; Zhuo 2018,1.259,0.219,1,Cu-In-Se,0.012,0.622
InCuTe2,1.06,Borlido 2019,6,0.8; 0.88; 0.89; 0.95; 1.06; 1.06,Borlido 2019; Zhuo 2018,0.875,-0.185,3,Cu-In-Te,0.0,0.714
InHg7S6Cl5,2.54,consensus of 1 report,1,2.54,Zhuo 2018,2.369,-0.171,4,Cl-Hg-In-S,1.51,2.452
InN,0.7,Borlido 2019,8,0.7; 1.95; 2.05; 2.09; 2.1; 2.11; 2.21; 2.4,Borlido 2019; Zhuo 2018,1.814,1.114,4,In-N,0.0,0.733
InP,1.42,Borlido 2019 + curated literature,22,1.25; 1.26; 1.27; 1.28; 1.29; 1.34; 1.35; 1.35; 1.35; 1.35; 1.41; 1.41; 1.41; 1.42; 1.42; 1.42; 1.42; 1.42; 1.42; 1.42; 1.45; 1.5,Borlido 2019; Zhuo 2018; curated literature,1.097,-0.323,1,In-P,0.375,1.387
InPS4,3.12,Borlido 2019,2,3.12; 3.12,Borlido 2019; Zhuo 2018,2.88,-0.24,3,In-P-S,2.282,3.38
InS,2.09,Borlido 2019,9,1.8; 1.86; 1.9; 1.9; 2.06; 2.07; 2.07; 2.09; 2.45,Borlido 2019; Zhuo 2018,1.812,-0.278,3,In-S,0.987,1.713
InSb,0.24,Borlido 2019,20,0.16; 0.17; 0.18; 0.18; 0.18; 0.22; 0.22; 0.23; 0.23; 0.23; 0.24; 0.24; 0.24; 0.24; 0.24; 0.24; 0.24; 0.25; 0.26; 0.27,Borlido 2019; Zhuo 2018,0.396,0.156,3,In-Sb,0.0,0.078
InSb2S4Br,1.5,Borlido 2019,2,1.5; 1.8,Borlido 2019; Zhuo 2018,1.838,0.338,1,Br-In-S-Sb,1.495,2.173
InSb2S4Cl,1.8,Borlido 2019,2,1.8; 1.8,Borlido 2019; Zhuo 2018,2.113,0.313,1,Cl-In-S-Sb,1.543,2.194
InSb2Se4Br,1.21,Borlido 2019,2,1.21; 1.35,Borlido 2019; Zhuo 2018,1.358,0.148,3,Br-In-Sb-Se,0.984,1.591
InSe,1.28,consensus of 15 reports,20,1.05; 1.12; 1.17; 1.18; 1.19; 1.19; 1.2; 1.25; 1.26; 1.27; 1.29; 1.29; 1.29; 1.3; 1.32; 1.32; 1.34; 1.35; 1.35; 1.36,Zhuo 2018,1.117,-0.163,2,In-Se,0.373,1.37
InSn2As2Se,0.2,consensus of 1 report,1,0.2,Zhuo 2018,1.107,0.907,4,As-In-Se-Sn,,
InSnAsSe,0.26,consensus of 1 report,1,0.26,Zhuo 2018,1.16,0.9,4,As-In-Se-Sn,,
InTe,1.16,Borlido 2019,1,1.16,Borlido 2019,0.731,-0.429,0,In-Te,0.0,0.244
Ir0.67S2,2.0,consensus of 1 report,1,2,Zhuo 2018,1.645,-0.355,1,Ir-S,,
Ir0.67Se2,0.45,consensus of 1 report,1,0.45,Zhuo 2018,0.933,0.483,1,Ir-Se,,
IrS2,0.9,consensus of 1 report,1,0.9,Zhuo 2018,1.488,0.588,1,Ir-S,0.0,1.091
IrSe2,0.95,consensus of 2 reports,2,0.9; 1,Zhuo 2018,0.622,-0.328,1,Ir-Se,0.019,0.572
IrSeS,1.2,consensus of 1 report,1,1.2,Zhuo 2018,1.045,-0.155,1,Ir-S-Se,,
K(GeSe2)2,1.8,consensus of 1 report,1,1.8,Zhuo 2018,1.869,0.069,1,Ge-K-Se,,
K0.8Sn2Hg1.2S8,2.78,consensus of 1 report,1,2.78,Zhuo 2018,2.218,-0.562,3,Hg-K-S-Sn,,
K1.25Bi7.25Pb3.5Se15,0.53,consensus of 1 report,1,0.53,Zhuo 2018,0.431,-0.099,3,Bi-K-Pb-Se,,
K1.46Sn3.09Bi7.45Se15,0.39,consensus of 1 report,1,0.39,Zhuo 2018,0.875,0.485,1,Bi-K-Se-Sn,,
K1.83Cd1.83Bi2.17S6,1.37,consensus of 1 report,1,1.37,Zhuo 2018,1.76,0.39,1,Bi-Cd-K-S,,
K10Co4Sn4S17,1.555,consensus of 2 reports,2,1.31; 1.8,Zhuo 2018,1.764,0.209,3,Co-K-S-Sn,,
K10Fe4Sn4S17,2.2,consensus of 1 report,1,2.2,Zhuo 2018,1.629,-0.571,3,Fe-K-S-Sn,,
K10Mn4Sn4S17,2.3,consensus of 1 report,1,2.3,Zhuo 2018,2.601,0.301,3,K-Mn-S-Sn,,
K10Sn3(PSe3)8,1.82,consensus of 1 report,1,1.82,Zhuo 2018,2.012,0.192,1,K-P-Se-Sn,,
K10Zn4Ge4S17,3.34,consensus of 1 report,1,3.34,Zhuo 2018,2.764,-0.576,1,Ge-K-S-Zn,,
K10Zn4Sn4S17,3.15,consensus of 2 reports,2,3.1; 3.2,Zhuo 2018,3.035,-0.115,0,K-S-Sn-Zn,,
K2.15Sb8.15Pb1.7Se15,0.6,consensus of 1 report,1,0.6,Zhuo 2018,0.649,0.049,3,K-Pb-Sb-Se,,
K2Ag3Sb3S7,2.2,consensus of 1 report,1,2.2,Zhuo 2018,2.193,-0.007,4,Ag-K-S-Sb,1.657,
K2AgSnSe4,1.8,consensus of 1 report,1,1.8,Zhuo 2018,1.604,-0.196,4,Ag-K-Se-Sn,,
K2Al2B2O7,6.89,consensus of 1 report,1,6.89,Zhuo 2018,5.937,-0.953,1,Al-B-K-O,4.758,
K2Au(IO3)5,2.65,consensus of 1 report,1,2.65,Zhuo 2018,2.862,0.212,4,Au-I-K-O,,
K2BaNb2S11,1.77,consensus of 1 report,1,1.77,Zhuo 2018,2.128,0.358,3,Ba-K-Nb-S,,
K2Bi8Se13,0.53,consensus of 2 reports,2,0.47; 0.59,Zhuo 2018,0.629,0.099,1,Bi-K-Se,0.856,1.302
K2Cd(PSe3)2,2.58,consensus of 1 report,1,2.58,Zhuo 2018,2.244,-0.336,0,Cd-K-P-Se,,
K2Cd2Te3,1.93,consensus of 1 report,1,1.93,Zhuo 2018,1.537,-0.393,3,Cd-K-Te,,
K2Cd3S4,2.75,consensus of 1 report,1,2.75,Zhuo 2018,2.856,0.106,0,Cd-K-S,1.809,2.77
K2Cd3Se4,2.36,consensus of 1 report,1,2.36,Zhuo 2018,2.475,0.115,1,Cd-K-Se,1.379,2.273
K2Cd3Te4,2.26,consensus of 1 report,1,2.26,Zhuo 2018,2.142,-0.118,3,Cd-K-Te,1.461,2.19
K2Ce(PO4)2,2.46,consensus of 1 report,1,2.46,Zhuo 2018,4.41,1.95,2,Ce-K-O-P,1.618,2.985
K2Dy2Ti3O10,3.38,consensus of 1 report,1,3.38,Zhuo 2018,3.394,0.014,0,Dy-K-O-Ti,,
K2FeGe3Se8,1.95,consensus of 1 report,1,1.95,Zhuo 2018,1.371,-0.579,2,Fe-Ge-K-Se,,
K2Ga3CuSe6,1.72,consensus of 1 report,1,1.72,Zhuo 2018,1.714,-0.006,0,Cu-Ga-K-Se,,
K2Gd2Sb2Se9,1.33,consensus of 1 report,1,1.33,Zhuo 2018,1.716,0.386,2,Gd-K-Sb-Se,,
K2Gd2Ti3O10,3.3,consensus of 1 report,1,3.3,Zhuo 2018,4.058,0.758,4,Gd-K-O-Ti,,
K2Ge2PbS6,2.85,Borlido 2019,2,2.85; 2.85,Borlido 2019; Zhuo 2018,2.538,-0.312,3,Ge-K-Pb-S,2.036,2.886
K2Ge3(BO5)2,5.38,consensus of 1 report,1,5.38,Zhuo 2018,4.514,-0.866,0,B-Ge-K-O,,
K2Hg(PSe3)2,2.25,consensus of 1 report,1,2.25,Zhuo 2018,2.276,0.026,4,Hg-K-P-Se,,
K2Hg3(GeS4)2,2.7,Borlido 2019,3,2.64; 2.7; 2.7,Borlido 2019; Zhuo 2018,2.525,-0.175,4,Ge-Hg-K-S,1.381,2.342
K2Hg3Se1.31S2.69,2.28,consensus of 1 report,1,2.28,Zhuo 2018,1.909,-0.371,2,Hg-K-S-Se,,
K2Hg3Se2.97S1.03,2.11,consensus of 1 report,1,2.11,Zhuo 2018,1.55,-0.56,2,Hg-K-S-Se,,
K2Ho4Cu4S9,2.43,consensus of 1 report,1,2.43,Zhuo 2018,1.844,-0.586,1,Cu-Ho-K-S,0.926,
K2In2P3Se10,2.2,consensus of 1 report,1,2.2,Zhuo 2018,1.938,-0.262,1,In-K-P-Se,,
K2In3AgSe6,1.64,consensus of 1 report,1,1.64,Zhuo 2018,2.013,0.373,3,Ag-In-K-Se,,
K2In3CuSe6,1.68,consensus of 1 report,1,1.68,Zhuo 2018,1.553,-0.127,1,Cu-In-K-Se,,
K2La2Sb2S9,2.2,consensus of 1 report,1,2.2,Zhuo 2018,1.725,-0.475,4,K-La-S-Sb,1.14,
K2La2Ti3O10,3.05,Borlido 2019,2,3.05; 3.05,Borlido 2019; Zhuo 2018,3.636,0.586,4,K-La-O-Ti,1.964,3.231
K2Mn(SnSe3)2,2.0,consensus of 1 report,1,2,Zhuo 2018,1.689,-0.311,4,K-Mn-Se-Sn,,
K2MnSnSe4,1.7,consensus of 1 report,1,1.7,Zhuo 2018,1.948,0.248,4,K-Mn-Se-Sn,0.652,1.374
K2Mo2Se2O11,3.3,consensus of 1 report,1,3.3,Zhuo 2018,3.282,-0.018,0,K-Mo-O-Se,,
K2NbCuS4,2.82,consensus of 1 report,1,2.82,Zhuo 2018,2.795,-0.025,2,Cu-K-Nb-S,2.117,2.974
K2NbCuSe4,2.14,consensus of 1 report,1,2.14,Zhuo 2018,2.16,0.02,1,Cu-K-Nb-Se,1.699,2.125
K2Nd2Ti3O10,3.25,consensus of 1 report,1,3.25,Zhuo 2018,2.541,-0.709,0,K-Nd-O-Ti,,
K2PAuS4,2.63,Borlido 2019,2,2.63; 2.63,Borlido 2019; Zhuo 2018,2.33,-0.3,3,Au-K-P-S,1.354,2.318
K2PdSe10,1.48,consensus of 1 report,1,1.48,Zhuo 2018,1.703,0.223,1,K-Pd-Se,0.88,
K2RbSb,1.2,consensus of 1 report,1,1.2,Zhuo 2018,1.325,0.125,1,K-Rb-Sb,1.033,1.961
K2ReH9,5.71,consensus of 1 report,1,5.71,Zhuo 2018,3.226,-2.484,2,H-K-Re,5.049,
K2S,2.1,consensus of 1 report,1,2.1,Zhuo 2018,2.528,0.428,1,K-S,2.35,4.18
K2Sb8Se3,1.31,consensus of 1 report,1,1.31,Zhuo 2018,0.574,-0.736,0,K-Sb-Se,,
K2Se,1.8,consensus of 1 report,1,1.8,Zhuo 2018,2.478,0.678,2,K-Se,2.095,3.366
K2Sm2Ti3O10,3.26,consensus of 1 report,1,3.26,Zhuo 2018,3.129,-0.131,2,K-O-Sm-Ti,,
K2SmP2S7,2.59,consensus of 1 report,1,2.59,Zhuo 2018,2.306,-0.284,1,K-P-S-Sm,2.274,
K2Sn(AuS2)2,2.75,Borlido 2019,2,2.75; 2.75,Borlido 2019; Zhuo 2018,2.236,-0.514,1,Au-K-S-Sn,1.538,2.549
K2Sn2Hg3S8,2.45,consensus of 2 reports,2,2.4; 2.5,Zhuo 2018,2.379,-0.071,3,Hg-K-S-Sn,1.294,2.179
K2Sn3(SbS5)2,2.3,consensus of 1 report,1,2.3,Zhuo 2018,2.336,0.036,1,K-S-Sb-Sn,1.61,2.418
K2Ta15O32,0.33,consensus of 1 report,1,0.33,Zhuo 2018,0.356,0.026,1,K-O-Ta,0.0,
K2Te,1.9,consensus of 1 report,1,1.9,Zhuo 2018,3.042,1.142,3,K-Te,2.114,2.854
K2TeBr6,2.17,Borlido 2019,1,2.17,Borlido 2019,2.092,-0.078,1,Br-K-Te,2.138,2.729
K2TeI6,1.38,Borlido 2019,2,1.38; 1.38,Borlido 2019; Zhuo 2018,1.843,0.463,4,I-K-Te,1.667,2.149
K2Ti(CuS2)2,2.04,consensus of 1 report,1,2.04,Zhuo 2018,2.106,0.066,0,Cu-K-S-Ti,1.649,
K2VAgS4,1.85,Borlido 2019,2,1.85; 1.85,Borlido 2019; Zhuo 2018,1.821,-0.029,1,Ag-K-S-V,1.438,1.843
K2VCuS4,1.82,consensus of 1 report,1,1.82,Zhuo 2018,1.645,-0.175,4,Cu-K-S-V,1.436,1.76
K2Zn(SnSe3)2,1.71,consensus of 1 report,1,1.71,Zhuo 2018,2.019,0.309,0,K-Se-Sn-Zn,,
K2ZnSn3S8,2.3,consensus of 3 reports,3,2.15; 2.3; 2.55,Zhuo 2018,2.646,0.346,0,K-S-Sn-Zn,,
K2ZnTe2,3.0,Borlido 2019,2,3; 3,Borlido 2019; Zhuo 2018,2.113,-0.887,1,K-Te-Zn,2.109,2.948
K3B6ClO10,6.89,consensus of 1 report,1,6.89,Zhuo 2018,6.744,-0.146,3,B-Cl-K-O,5.537,
K3Bi2I9,2.1,consensus of 1 report,1,2.1,Zhuo 2018,1.633,-0.467,4,Bi-I-K,,
K3Cd(BO2)5,3.47,consensus of 1 report,1,3.47,Zhuo 2018,3.506,0.036,4,B-Cd-K-O,,
K3Cr2(PS4)3,1.35,consensus of 1 report,1,1.35,Zhuo 2018,2.103,0.753,4,Cr-K-P-S,,
K3Ga3Ge7S20,3.25,consensus of 1 report,1,3.25,Zhuo 2018,2.764,-0.486,1,Ga-Ge-K-S,,
K3Ga3Ge7Se20,2.23,consensus of 1 report,1,2.23,Zhuo 2018,2.165,-0.065,3,Ga-Ge-K-Se,,
K3NaSn3Se8,2.2,consensus of 1 report,1,2.2,Zhuo 2018,2.246,0.046,4,K-Na-Se-Sn,1.372,2.299
K3Nb2AsSe11,1.53,consensus of 1 report,1,1.53,Zhuo 2018,1.624,0.094,1,As-K-Nb-Se,1.126,1.844
K3Sb,1.25,Borlido 2019,2,1.1; 1.4,Borlido 2019,0.992,-0.258,4,K-Sb,0.478,1.424
K3Sm(AsS4)2,2.2,consensus of 1 report,1,2.2,Zhuo 2018,2.208,0.008,0,As-K-S-Sm,1.575,
K3Ta2AsS11,2.21,consensus of 1 report,1,2.21,Zhuo 2018,2.043,-0.167,0,As-K-S-Ta,,
K3Ta2AsSe11,1.45,consensus of 1 report,1,1.45,Zhuo 2018,1.604,0.154,2,As-K-Se-Ta,1.157,1.885
K3Ti2P5S18,1.61,consensus of 1 report,1,1.61,Zhuo 2018,2.058,0.448,0,K-P-S-Ti,,
K4(ZrSe5)3,1.86,consensus of 2 reports,2,1.81; 1.91,Zhuo 2018,1.671,-0.189,3,K-Se-Zr,,
K4Ag9(SbS3)4,2.0,consensus of 1 report,1,2,Zhuo 2018,1.824,-0.176,4,Ag-K-S-Sb,,
K4Al4Si19,1.4,consensus of 1 report,1,1.4,Zhuo 2018,1.358,-0.042,3,Al-K-Si,,
K4Ce3Sn3S14,2.46,consensus of 1 report,1,2.46,Zhuo 2018,2.25,-0.21,0,Ce-K-S-Sn,,
K4Ga4Si19,1.18,consensus of 1 report,1,1.18,Zhuo 2018,0.971,-0.209,0,Ga-K-Si,,
K4Ge(PSe3)4,2.0,consensus of 1 report,1,2,Zhuo 2018,2.007,0.007,2,Ge-K-P-Se,,
K4GeS4,0.8,consensus of 1 report,1,0.8,Zhuo 2018,2.36,1.56,3,Ge-K-S,2.715,
K4GeSe4,0.64,consensus of 1 report,1,0.64,Zhuo 2018,1.436,0.796,1,Ge-K-Se,,
K4Hf3Se14,2.02,consensus of 1 report,1,2.02,Zhuo 2018,1.565,-0.455,3,Hf-K-Se,,
K4Nb2S11,2.385,consensus of 2 reports,2,2.35; 2.42,Zhuo 2018,1.892,-0.493,1,K-Nb-S,,
K5In3P6Se19,2.2,consensus of 1 report,1,2.2,Zhuo 2018,2.023,-0.177,1,In-K-P-Se,,
K6Cd4Sn3Se13,2.33,consensus of 1 report,1,2.33,Zhuo 2018,2.082,-0.248,3,Cd-K-Se-Sn,1.036,1.93
K6CdTe4,2.51,Borlido 2019,2,2.51; 2.51,Borlido 2019; Zhuo 2018,2.641,0.131,3,Cd-K-Te,1.579,2.355
K6Ta1.03Nb2.97S25,2.01,consensus of 1 report,1,2.01,Zhuo 2018,2.199,0.189,1,K-Nb-S-Ta,,
K6Ta2.93Nb1.07S22,1.88,consensus of 1 report,1,1.88,Zhuo 2018,2.073,0.193,1,K-Nb-S-Ta,,
K6Yb3(PS4)5,2.6,consensus of 1 report,1,2.6,Zhuo 2018,2.617,0.017,3,K-P-S-Yb,,
K8Ce2I18O53,2.34,consensus of 1 report,1,2.34,Zhuo 2018,3.477,1.137,4,Ce-I-K-O,,
K9Bi13S24,1.4,consensus of 1 report,1,1.4,Zhuo 2018,1.185,-0.215,1,Bi-K-S,,
KAg2AsS3,2.25,consensus of 1 report,1,2.25,Zhuo 2018,2.27,0.02,3,Ag-As-K-S,,
KAg2PS4,3.02,Borlido 2019,2,3.02; 3.02,Borlido 2019; Zhuo 2018,2.482,-0.538,0,Ag-K-P-S,1.122,2.356
KAg2SbS3,2.1,consensus of 1 report,1,2.1,Zhuo 2018,2.527,0.427,4,Ag-K-S-Sb,1.696,2.576
KAg2SbS4,1.71,Borlido 2019,2,1.71; 2.2,Borlido 2019; Zhuo 2018,2.18,0.47,4,Ag-K-S-Sb,0.407,1.53
KAgAsS2,2.21,consensus of 1 report,1,2.21,Zhuo 2018,1.7,-0.51,3,Ag-As-K-S,,
KAlGeS4,3.5,consensus of 1 report,1,3.5,Zhuo 2018,3.203,-0.297,1,Al-Ge-K-S,,
KAsSe2,1.625,consensus of 2 reports,2,1.62; 1.63,Zhuo 2018,1.755,0.13,0,As-K-Se,1.518,2.264
KAu(IO3)4,2.75,consensus of 1 report,1,2.75,Zhuo 2018,2.767,0.017,4,Au-I-K-O,2.213,3.432
KB5PbO9,3.1,consensus of 1 report,1,3.1,Zhuo 2018,4.688,1.588,2,B-K-O-Pb,,
KBaAsSe3,2.26,consensus of 1 report,1,2.26,Zhuo 2018,2.237,-0.023,1,As-Ba-K-Se,1.543,2.322
KBaB5O9,3.65,consensus of 1 report,1,3.65,Zhuo 2018,5.626,1.976,1,B-Ba-K-O,,
KBaSbSe3,2.04,consensus of 1 report,1,2.04,Zhuo 2018,2.633,0.593,4,Ba-K-Sb-Se,1.752,2.527
KBi3S5,1.21,consensus of 1 report,1,1.21,Zhuo 2018,1.196,-0.014,1,Bi-K-S,,
KBiS2,0.9,consensus of 3 reports,3,0.86; 0.9; 0.92,Zhuo 2018,1.266,0.366,1,Bi-K-S,1.642,2.243
KBiSe2,0.67,consensus of 3 reports,3,0.61; 0.67; 0.7,Zhuo 2018,0.809,0.139,1,Bi-K-Se,0.606,
KBr,7.8,Borlido 2019,2,7.6; 7.8,Borlido 2019; Zhuo 2018,6.65,-1.15,0,Br-K,4.38,6.216
KCd4Ga5Se12,2.16,consensus of 1 report,1,2.16,Zhuo 2018,2.106,-0.054,1,Cd-Ga-K-Se,,
KCeSe4,1.54,consensus of 1 report,1,1.54,Zhuo 2018,1.417,-0.123,4,Ce-K-Se,0.31,1.476
KCl,8.69,Borlido 2019,2,8.5; 8.69,Borlido 2019; Zhuo 2018,8.019,-0.671,4,Cl-K,5.041,6.353
KCu2BiS3,1.29,consensus of 1 report,1,1.29,Zhuo 2018,1.329,0.039,1,Bi-Cu-K-S,0.763,1.459
KCu2SbS3,1.615,consensus of 2 reports,2,1.53; 1.7,Zhuo 2018,1.836,0.221,3,Cu-K-S-Sb,1.118,1.896
KCu3S2,1.64,Borlido 2019,2,1.46; 1.64,Borlido 2019; Zhuo 2018,1.519,-0.121,2,Cu-K-S,0.653,1.533
KCu4AsS4,1.9,Borlido 2019,2,1.9; 1.9,Borlido 2019; Zhuo 2018,2.462,0.562,2,As-Cu-K-S,1.482,1.947
KCuSnS3,1.47,consensus of 1 report,1,1.47,Zhuo 2018,1.807,0.337,2,Cu-K-S-Sn,,
KCuSnSe3,1.04,consensus of 1 report,1,1.04,Zhuo 2018,1.199,0.159,2,Cu-K-Se-Sn,,
KEuAsS4,1.89,consensus of 1 report,1,1.89,Zhuo 2018,2.14,0.25,3,As-Eu-K-S,,
KF,10.3,consensus of 1 report,1,10.3,Zhuo 2018,10.12,-0.18,0,F-K,6.282,8.171
KFe2BiO5,1.76,consensus of 1 report,1,1.76,Zhuo 2018,1.953,0.193,0,Bi-Fe-K-O,,
KFeCuTe2,1.06,consensus of 1 report,1,1.06,Zhuo 2018,0.778,-0.282,2,Cu-Fe-K-Te,,
KGaSe2,2.6,consensus of 1 report,1,2.6,Zhuo 2018,2.46,-0.14,0,Ga-K-Se,1.719,2.703
KGaSnSe4,1.73,consensus of 1 report,1,1.73,Zhuo 2018,2.088,0.358,1,Ga-K-Se-Sn,,
KH3(SeO3)2,4.9,consensus of 3 reports,3,4.88; 4.9; 5.03,Zhuo 2018,5.058,0.158,0,H-K-O-Se,4.385,
KI,6.2,consensus of 9 reports,9,5.61; 5.92; 6.08; 6.17; 6.2; 6.25; 6.28; 6.31; 6.38,Zhuo 2018,5.381,-0.819,1,I-K,3.861,6.042
KIO3,3.85,consensus of 4 reports,4,3.71; 3.83; 3.87; 4.02,Zhuo 2018,3.946,0.096,1,I-K-O,2.644,3.917
KIn(TeO3)2,4.0,consensus of 1 report,1,4,Zhuo 2018,3.986,-0.014,1,In-K-O-Te,2.812,4.051
KInGeS4,3.1,consensus of 1 report,1,3.1,Zhuo 2018,2.789,-0.311,3,Ge-In-K-S,,
KInS2,3.0,consensus of 1 report,1,3,Zhuo 2018,2.909,-0.091,0,In-K-S,2.045,3.066
KInSe2,2.68,consensus of 1 report,1,2.68,Zhuo 2018,2.471,-0.209,2,In-K-Se,1.321,2.382
KInSnS4,2.3,consensus of 1 report,1,2.3,Zhuo 2018,2.77,0.47,4,In-K-S-Sn,,
KLiCO3,6.32,consensus of 1 report,1,6.32,Zhuo 2018,7.316,0.996,3,C-K-Li-O,5.182,
KNa2Sb,1.0,Borlido 2019,3,1; 1; 1.1,Borlido 2019; Zhuo 2018,1.029,0.029,4,K-Na-Sb,0.795,1.605
KNb3(SeO6)2,3.46,consensus of 1 report,1,3.46,Zhuo 2018,3.26,-0.2,3,K-Nb-O-Se,,
KNb3(TeO6)2,3.52,consensus of 1 report,1,3.52,Zhuo 2018,3.448,-0.072,4,K-Nb-O-Te,,
KNbSe2O7,4.0,consensus of 1 report,1,4,Zhuo 2018,3.92,-0.08,3,K-Nb-O-Se,,
KP(HO2)2,6.975,consensus of 2 reports,2,6.95; 7,Zhuo 2018,6.74,-0.235,4,H-K-O-P,5.817,8.89
KPAu5S8,2.14,consensus of 1 report,1,2.14,Zhuo 2018,1.617,-0.523,3,Au-K-P-S,,
KPPbO4,4.44,consensus of 1 report,1,4.44,Zhuo 2018,4.165,-0.275,4,K-O-P-Pb,,
KPSe3,2.08,consensus of 1 report,1,2.08,Zhuo 2018,2.168,0.088,4,K-P-Se,1.374,2.221
KPSe6,2.16,consensus of 1 report,1,2.16,Zhuo 2018,2.255,0.095,4,K-P-Se,1.681,2.596
KRbBi8Se13,0.64,consensus of 1 report,1,0.64,Zhuo 2018,0.577,-0.063,4,Bi-K-Rb-Se,,
KSb,0.9,consensus of 1 report,1,0.9,Zhuo 2018,0.833,-0.067,4,K-Sb,0.682,1.147
KSb(SO4)2,4.64,consensus of 1 report,1,4.64,Zhuo 2018,4.478,-0.162,3,K-O-S-Sb,,
KSb5S8,1.745,consensus of 2 reports,2,1.67; 1.82,Zhuo 2018,1.82,0.075,2,K-S-Sb,,
KSbS2,1.67,consensus of 3 reports,3,1.6; 1.67; 1.8,Zhuo 2018,1.964,0.294,2,K-S-Sb,1.472,2.326
KSbSe2,1.65,consensus of 3 reports,3,1.37; 1.65; 1.72,Zhuo 2018,1.526,-0.124,0,K-Sb-Se,1.317,2.083
KSc(SeO3)2,5.4,consensus of 1 report,1,5.4,Zhuo 2018,4.611,-0.789,4,K-O-Sc-Se,,
KSi2P3,1.72,consensus of 1 report,1,1.72,Zhuo 2018,1.776,0.056,3,K-P-Si,,
KSiBiS4,2.25,Borlido 2019,2,2.25; 2.25,Borlido 2019; Zhuo 2018,2.507,0.257,0,Bi-K-S-Si,1.981,2.655
KSm2CuS4,2.17,consensus of 1 report,1,2.17,Zhuo 2018,2.214,0.044,0,Cu-K-S-Sm,0.96,
KSnAuS3,2.3,consensus of 1 report,1,2.3,Zhuo 2018,2.162,-0.138,1,Au-K-S-Sn,,
KSnAuSe3,2.28,consensus of 1 report,1,2.28,Zhuo 2018,1.494,-0.786,2,Au-K-Se-Sn,,
KTa3(TeO6)2,4.06,consensus of 1 report,1,4.06,Zhuo 2018,3.624,-0.436,3,K-O-Ta-Te,,
KTaO3,3.64,Borlido 2019,2,3.5; 3.64,Borlido 2019; Zhuo 2018,3.8,0.16,1,K-O-Ta,2.142,3.327
KTbSe4,1.65,consensus of 1 report,1,1.65,Zhuo 2018,1.753,0.103,1,K-Se-Tb,,
KTeP2,1.4,consensus of 1 report,1,1.4,Zhuo 2018,1.461,0.061,0,K-P-Te,1.099,1.812
KTiPO5,3.67,consensus of 2 reports,2,3.54; 3.8,Zhuo 2018,3.377,-0.293,0,K-O-P-Ti,,
KV2I3O13,2.3,consensus of 1 report,1,2.3,Zhuo 2018,3.465,1.165,3,I-K-O-V,,
KV4Ag11O16,2.0,consensus of 1 report,1,2,Zhuo 2018,2.49,0.49,2,Ag-K-O-V,,
KY(TeO3)2,3.8,consensus of 1 report,1,3.8,Zhuo 2018,3.87,0.07,0,K-O-Te-Y,,
KZn4(BO3)3,2.32,consensus of 1 report,1,2.32,Zhuo 2018,4.771,2.451,0,B-K-O-Zn,3.477,4.878
KZrPSe6,2.0,consensus of 1 report,1,2,Zhuo 2018,1.105,-0.895,2,K-P-Se-Zr,0.021,0.064
Kr,11.59,Borlido 2019,1,11.59,Borlido 2019,12.157,0.567,4,Kr,7.259,10.826
La(InS2)3,1.03,consensus of 1 report,1,1.03,Zhuo 2018,1.293,0.263,4,In-La-S,,
La1.86Tb1.14Ga1.67S7,2.67,consensus of 1 report,1,2.67,Zhuo 2018,1.959,-0.711,3,Ga-La-S-Tb,,
La10Se14O,2.04,consensus of 1 report,1,2.04,Zhuo 2018,1.874,-0.166,2,La-O-Se,,
La1Se0.14S1.86,2.5,consensus of 1 report,1,2.5,Zhuo 2018,1.994,-0.506,0,La-S-Se,,
La2.1Bi5.9Pb2S14,1.0,consensus of 1 report,1,1,Zhuo 2018,1.008,0.008,4,Bi-La-Pb-S,,
La20Mo12Cl4O63,2.4,consensus of 1 report,1,2.4,Zhuo 2018,1.709,-0.691,2,Cl-La-Mo-O,,
La2Fe(SeO)2,0.7,consensus of 1 report,1,0.7,Zhuo 2018,1.947,1.247,0,Fe-La-O-Se,1.132,2.828
La2Ga0.33Sb1S5,1.76,consensus of 1 report,1,1.76,Zhuo 2018,2.264,0.504,2,Ga-La-S-Sb,,
La2Ga2GeS8,2.78,consensus of 1 report,1,2.78,Zhuo 2018,2.406,-0.374,0,Ga-Ge-La-S,1.737,2.722
La2Ge2Se7,1.08,consensus of 1 report,1,1.08,Zhuo 2018,1.185,0.105,1,Ge-La-Se,,
La2GeSe5,1.24,consensus of 1 report,1,1.24,Zhuo 2018,1.569,0.329,1,Ge-La-Se,,
La2HfS5,0.7,consensus of 1 report,1,0.7,Zhuo 2018,2.102,1.402,1,Hf-La-S,1.076,1.857
La2Mn(SeO)2,1.6,consensus of 1 report,1,1.6,Zhuo 2018,2.592,0.992,0,La-Mn-O-Se,,
La2MnNiO6,1.3,consensus of 2 reports,2,1.2; 1.4,Zhuo 2018,1.132,-0.168,2,La-Mn-Ni-O,0.965,2.326
La2MoO5,0.745,consensus of 2 reports,2,0.49; 1,Zhuo 2018,1.312,0.567,4,La-Mo-O,0.113,1.285
La2O3,5.34,Borlido 2019,2,5.34; 5.4,Borlido 2019; Zhuo 2018,4.843,-0.497,1,La-O,3.79,4.958
La2S3,2.77,consensus of 1 report,1,2.77,Zhuo 2018,1.89,-0.88,0,La-S,1.012,1.748
La2Se3,1.7,consensus of 3 reports,3,1.65; 1.7; 1.97,Zhuo 2018,1.864,0.164,2,La-Se,,
La2TiCoO6,1.02,consensus of 1 report,1,1.02,Zhuo 2018,0.464,-0.556,2,Co-La-O-Ti,0.0,
La2V2IO9,3.63,consensus of 1 report,1,3.63,Zhuo 2018,1.955,-1.675,2,I-La-O-V,,
La2VCoO6,0.41,consensus of 1 report,1,0.41,Zhuo 2018,0.857,0.447,1,Co-La-O-V,,
La2VNiO6,0.45,consensus of 1 report,1,0.45,Zhuo 2018,1.345,0.895,4,La-Ni-O-V,,
La2YbCuS5,1.45,consensus of 1 report,1,1.45,Zhuo 2018,1.429,-0.021,1,Cu-La-S-Yb,,
La2YbCuSe5,1.15,consensus of 1 report,1,1.15,Zhuo 2018,1.201,0.051,0,Cu-La-Se-Yb,,
La2Zn(SeO)2,3.4,consensus of 1 report,1,3.4,Zhuo 2018,2.002,-1.398,4,La-O-Se-Zn,,
La2ZrS5,2.01,consensus of 1 report,1,2.01,Zhuo 2018,1.863,-0.147,3,La-S-Zr,1.106,1.892
La3CuGeSe7,2.0,consensus of 1 report,1,2,Zhuo 2018,1.657,-0.343,1,Cu-Ge-La-Se,1.243,2.085
La3Ga1Ge0.5S7,2.54,consensus of 1 report,1,2.54,Zhuo 2018,2.524,-0.016,0,Ga-Ge-La-S,,
La3GaCuSe7,1.36,consensus of 1 report,1,1.36,Zhuo 2018,1.553,0.193,3,Cu-Ga-La-Se,0.0,
La3In1Ge0.5S7,2.61,consensus of 1 report,1,2.61,Zhuo 2018,2.164,-0.446,4,Ge-In-La-S,,
La3LuSe6,1.26,consensus of 1 report,1,1.26,Zhuo 2018,1.441,0.181,1,La-Lu-Se,0.45,1.106
La3Mg0.5Sn1S14,1.71,consensus of 1 report,1,1.71,Zhuo 2018,2.041,0.331,4,La-Mg-S-Sn,,
La3Mo4O16F,3.7,consensus of 1 report,1,3.7,Zhuo 2018,3.094,-0.606,0,F-La-Mo-O,,
La3Si1Sb0.33S7,1.92,consensus of 1 report,1,1.92,Zhuo 2018,2.137,0.217,3,La-S-Sb-Si,,
La3Si1Sb0.33Se7,1.75,consensus of 1 report,1,1.75,Zhuo 2018,1.491,-0.259,0,La-Sb-Se-Si,,
La3Te4,0.43,consensus of 1 report,1,0.43,Zhuo 2018,1.182,0.752,2,La-Te,0.0,
La4Cd4In2S13,2.27,consensus of 1 report,1,2.27,Zhuo 2018,1.872,-0.398,0,Cd-In-La-S,,
La4Fe(SbS5)2,1.0,consensus of 1 report,1,1,Zhuo 2018,1.722,0.722,1,Fe-La-S-Sb,,
La4Fe(SbSe5)2,0.85,consensus of 1 report,1,0.85,Zhuo 2018,1.488,0.638,1,Fe-La-Sb-Se,,
La4InSbS9,2.07,consensus of 1 report,1,2.07,Zhuo 2018,1.897,-0.173,0,In-La-S-Sb,,
La4InSbSe9,1.76,consensus of 1 report,1,1.76,Zhuo 2018,1.399,-0.361,0,In-La-Sb-Se,,
La5Cu6.33S7O4,2.0,consensus of 1 report,1,2,Zhuo 2018,2.01,0.01,0,Cu-La-O-S,,
La5In3(S3O)3,2.6,consensus of 1 report,1,2.6,Zhuo 2018,2.215,-0.385,4,In-La-O-S,,
La6Sb4(SO4)3,2.6,consensus of 1 report,1,2.6,Zhuo 2018,2.333,-0.267,4,La-O-S-Sb,,
La8Sb2S15,2.3,consensus of 1 report,1,2.3,Zhuo 2018,2.176,-0.124,1,La-S-Sb,,
LaB6,4.1,consensus of 1 report,1,4.1,Zhuo 2018,2.58,-1.52,4,B-La,0.0,
LaBeB3O7,5.65,consensus of 1 report,1,5.65,Zhuo 2018,4.527,-1.123,2,B-Be-La-O,,
LaCuO2,2.34,Borlido 2019,1,2.34,Borlido 2019,3.331,0.991,4,Cu-La-O,2.765,4.025
LaCuSO,3.1,Borlido 2019,3,3.1; 3.1; 3.14,Borlido 2019; Zhuo 2018,2.989,-0.111,0,Cu-La-O-S,1.93,3.0
LaCuSeO,2.8,Borlido 2019,2,2.8; 2.83,Borlido 2019; Zhuo 2018,2.658,-0.142,0,Cu-La-O-Se,1.718,2.834
LaCuTeO,2.31,Borlido 2019,2,2.31; 2.31,Borlido 2019; Zhuo 2018,2.008,-0.302,4,Cu-La-O-Te,1.279,2.247
LaF3,10.1,Borlido 2019,2,6.6; 10.1,Borlido 2019; Zhuo 2018,10.46,0.36,4,F-La,6.143,8.323
LaGaO3,4.4,consensus of 1 report,1,4.4,Zhuo 2018,3.8,-0.6,2,Ga-La-O,3.482,4.486
LaGaS3,2.5,consensus of 1 report,1,2.5,Zhuo 2018,2.438,-0.062,4,Ga-La-S,,
LaH2NO5,4.76,consensus of 1 report,1,4.76,Zhuo 2018,4.71,-0.05,2,H-La-N-O,,
LaInS2O,2.73,consensus of 1 report,1,2.73,Zhuo 2018,2.404,-0.326,4,In-La-O-S,,
LaMg2H7Pd,1.0,consensus of 1 report,1,1,Zhuo 2018,2.27,1.27,0,H-La-Mg-Pd,,
LaNbN2O,1.7,consensus of 1 report,1,1.7,Zhuo 2018,2.219,0.519,3,La-N-Nb-O,,
LaP,0.54,consensus of 1 report,1,0.54,Zhuo 2018,1.062,0.522,0,La-P,0.0,0.152
LaSb,0.8,consensus of 1 report,1,0.8,Zhuo 2018,0.569,-0.231,1,La-Sb,0.0,0.059
LaSi2,0.19,consensus of 1 report,1,0.19,Zhuo 2018,1.283,1.093,1,La-Si,0.0,
LaTaN2O,2.0,consensus of 1 report,1,2,Zhuo 2018,1.343,-0.657,4,La-N-O-Ta,0.712,1.626
LaVI5O16,3.58,consensus of 1 report,1,3.58,Zhuo 2018,2.228,-1.352,2,I-La-O-V,,
LaZnAsO,1.5,Borlido 2019,2,1.5; 1.5,Borlido 2019; Zhuo 2018,1.668,0.168,4,As-La-O-Zn,0.647,1.296
LaZnPO,1.7,Borlido 2019,1,1.7,Borlido 2019,1.93,0.23,2,La-O-P-Zn,0.728,1.364
Li0.33Ag1Sn0.67O2,2.7,consensus of 1 report,1,2.7,Zhuo 2018,2.426,-0.274,0,Ag-Li-O-Sn,,
Li0.33Ti0.67Ag1O2,2.7,consensus of 1 report,1,2.7,Zhuo 2018,2.131,-0.569,4,Ag-Li-O-Ti,,
Li0.5Ge1Pb1.75S4,1.95,consensus of 1 report,1,1.95,Zhuo 2018,1.991,0.041,2,Ge-Li-Pb-S,,
Li2B4O7,7.3,consensus of 1 report,1,7.3,Zhuo 2018,6.083,-1.217,1,B-Li-O,6.179,
Li2CdGe,0.99,consensus of 1 report,1,0.99,Zhuo 2018,0.921,-0.069,3,Cd-Ge-Li,0.0,
Li2CdGeS4,3.1,consensus of 1 report,1,3.1,Zhuo 2018,3.165,0.065,4,Cd-Ge-Li-S,2.142,3.348
Li2CdSnS4,3.26,consensus of 1 report,1,3.26,Zhuo 2018,2.466,-0.794,1,Cd-Li-S-Sn,1.846,2.954
Li2FeGeS4,1.42,consensus of 1 report,1,1.42,Zhuo 2018,2.248,0.828,1,Fe-Ge-Li-S,2.012,2.711
Li2FeSnS4,1.86,consensus of 1 report,1,1.86,Zhuo 2018,1.525,-0.335,0,Fe-Li-S-Sn,2.037,2.697
Li2Ga(GeSe3)2,2.64,consensus of 1 report,1,2.64,Zhuo 2018,2.185,-0.455,1,Ga-Ge-Li-Se,,
Li2Ga2GeS6,3.65,consensus of 1 report,1,3.65,Zhuo 2018,3.697,0.047,4,Ga-Ge-Li-S,2.46,3.546
Li2HgGe,0.93,consensus of 1 report,1,0.93,Zhuo 2018,0.788,-0.142,2,Ge-Hg-Li,0.0,
Li2HgGeS4,2.46,consensus of 1 report,1,2.46,Zhuo 2018,2.25,-0.21,0,Ge-Hg-Li-S,1.574,
Li2In2GeS6,3.45,consensus of 1 report,1,3.45,Zhuo 2018,3.122,-0.328,0,Ge-In-Li-S,1.893,2.915
Li2In2GeSe6,2.3,consensus of 1 report,1,2.3,Zhuo 2018,2.358,0.058,0,Ge-In-Li-Se,1.113,1.92
Li2In2SiS6,3.61,consensus of 1 report,1,3.61,Zhuo 2018,3.236,-0.374,0,In-Li-S-Si,2.046,3.087
Li2In2SiSe6,2.54,consensus of 1 report,1,2.54,Zhuo 2018,2.663,0.123,2,In-Li-Se-Si,1.418,2.288
Li2MnGeS4,3.06,consensus of 1 report,1,3.06,Zhuo 2018,1.792,-1.268,2,Ge-Li-Mn-S,,
Li2Mo2Se2O11,3.3,consensus of 1 report,1,3.3,Zhuo 2018,3.117,-0.183,0,Li-Mo-O-Se,,
Li2PtO3,2.3,consensus of 1 report,1,2.3,Zhuo 2018,2.588,0.288,0,Li-O-Pt,,
Li2SiHgS4,2.68,consensus of 1 report,1,2.68,Zhuo 2018,2.819,0.139,4,Hg-Li-S-Si,,
Li2SnHgS4,2.32,consensus of 1 report,1,2.32,Zhuo 2018,2.266,-0.054,4,Hg-Li-S-Sn,,
Li2TeMoO6,3.5,consensus of 1 report,1,3.5,Zhuo 2018,3.495,-0.005,2,Li-Mo-O-Te,,
Li2TeWO6,4.0,consensus of 1 report,1,4,Zhuo 2018,3.305,-0.695,3,Li-O-Te-W,,
Li2ZnGe,1.1,consensus of 1 report,1,1.1,Zhuo 2018,1.018,-0.082,2,Ge-Li-Zn,0.0,0.37
Li2ZnGeSe4,1.86,consensus of 1 report,1,1.86,Zhuo 2018,2.259,0.399,1,Ge-Li-Se-Zn,,
Li2ZnSnS4,2.87,consensus of 1 report,1,2.87,Zhuo 2018,2.854,-0.016,4,Li-S-Sn-Zn,2.129,3.268
Li2ZnSnSe4,1.87,consensus of 1 report,1,1.87,Zhuo 2018,2.221,0.351,2,Li-Se-Sn-Zn,,
Li3AlP2,2.75,consensus of 1 report,1,2.75,Zhuo 2018,1.968,-0.782,1,Al-Li-P,,
Li3AlTe4O11,3.63,consensus of 1 report,1,3.63,Zhuo 2018,3.93,0.3,2,Al-Li-O-Te,,
Li3Bi,0.7,consensus of 1 report,1,0.7,Zhuo 2018,0.447,-0.253,0,Bi-Li,0.572,0.893
Li3FeTe4O11,1.98,consensus of 1 report,1,1.98,Zhuo 2018,2.399,0.419,1,Fe-Li-O-Te,,
Li3GaTe4O11,3.85,consensus of 1 report,1,3.85,Zhuo 2018,3.455,-0.395,0,Ga-Li-O-Te,,
Li3PS4,3.68,consensus of 1 report,1,3.68,Zhuo 2018,3.243,-0.437,3,Li-P-S,,
Li3ScN2,2.9,consensus of 1 report,1,2.9,Zhuo 2018,2.009,-0.891,2,Li-N-Sc,2.385,
Li4.5Al0.5Te1O6,4.9,consensus of 1 report,1,4.9,Zhuo 2018,4.017,-0.883,2,Al-Li-O-Te,,
Li4.5Cr0.5Te1O6,1.79,consensus of 1 report,1,1.79,Zhuo 2018,3.255,1.465,4,Cr-Li-O-Te,,
Li4.5Fe0.5Te1O6,3.25,consensus of 1 report,1,3.25,Zhuo 2018,1.909,-1.341,1,Fe-Li-O-Te,,
Li4.5Ga0.5Te1O6,4.99,consensus of 1 report,1,4.99,Zhuo 2018,4.43,-0.56,0,Ga-Li-O-Te,,
Li4.5Mn0.5Te1O6,1.97,consensus of 1 report,1,1.97,Zhuo 2018,3.301,1.331,0,Li-Mn-O-Te,,
Li4HgGe2S7,2.75,consensus of 1 report,1,2.75,Zhuo 2018,2.674,-0.076,0,Ge-Hg-Li-S,,
Li8GeN4,2.61,consensus of 1 report,1,2.61,Zhuo 2018,2.589,-0.021,1,Ge-Li-N,,
Li9Ga13(Te7O22)3,4.45,consensus of 1 report,1,4.45,Zhuo 2018,4.077,-0.373,0,Ga-Li-O-Te,,
LiAlB14,1.935,consensus of 2 reports,2,1.82; 2.05,Zhuo 2018,1.0,-0.935,1,Al-B-Li,1.426,1.928
LiAsS2,1.6,Borlido 2019,2,1.6; 1.6,Borlido 2019; Zhuo 2018,1.794,0.194,2,As-Li-S,0.766,1.189
LiAsSe2,1.11,Borlido 2019,4,1.1; 1.11; 1.11; 1.5,Borlido 2019; Zhuo 2018,1.099,-0.011,1,As-Li-Se,0.411,0.459
LiB3,2.0,consensus of 1 report,1,2,Zhuo 2018,1.691,-0.309,3,B-Li,0.072,
LiB3O5,7.78,consensus of 3 reports,3,7.75; 7.78; 8,Zhuo 2018,5.835,-1.945,1,B-Li-O,,
LiB9PbO15,4.75,consensus of 1 report,1,4.75,Zhuo 2018,4.652,-0.098,4,B-Li-O-Pb,,
LiBi3(ClO2)2,3.35,consensus of 1 report,1,3.35,Zhuo 2018,3.156,-0.194,1,Bi-Cl-Li-O,2.694,
LiBiS2,0.18,consensus of 3 reports,3,0.11; 0.18; 0.19,Zhuo 2018,0.734,0.554,2,Bi-Li-S,0.978,0.939
LiBr,7.6,Borlido 2019,3,7.5; 7.6; 7.95,Borlido 2019; Zhuo 2018,7.192,-0.408,1,Br-Li,5.08,6.159
LiCa3As2H,1.4,consensus of 1 report,1,1.4,Zhuo 2018,1.49,0.09,0,As-Ca-H-Li,1.43,2.166
LiCdBO3,4.28,consensus of 1 report,1,4.28,Zhuo 2018,3.346,-0.934,0,B-Cd-Li-O,2.283,4.048
LiCl,9.4,Borlido 2019,2,9.33; 9.4,Borlido 2019; Zhuo 2018,10.18,0.78,2,Cl-Li,6.557,8.041
LiCoO2,2.1,Borlido 2019,1,2.1,Borlido 2019,2.193,0.093,0,Co-Li-O,0.986,2.823
LiEuH3,1.5,consensus of 1 report,1,1.5,Zhuo 2018,3.075,1.575,4,Eu-H-Li,,
LiF,13.6,Borlido 2019,2,11.7; 13.6,Borlido 2019; Zhuo 2018,12.251,-1.349,2,F-Li,9.301,11.762
LiGa(GeSe3)2,2.64,consensus of 1 report,1,2.64,Zhuo 2018,2.104,-0.536,1,Ga-Ge-Li-Se,,
LiGaO2,5.6,consensus of 1 report,1,5.6,Zhuo 2018,4.997,-0.603,3,Ga-Li-O,3.346,3.278
LiGaS2,3.69,consensus of 2 reports,2,3.62; 3.76,Zhuo 2018,4.215,0.525,4,Ga-Li-S,2.976,4.075
LiGaSe2,3.34,consensus of 3 reports,3,3.13; 3.34; 3.57,Zhuo 2018,2.772,-0.568,0,Ga-Li-Se,2.096,3.23
LiGaTe2,2.65,Borlido 2019,2,2.31; 2.65,Borlido 2019; Zhuo 2018,2.19,-0.46,0,Ga-Li-Te,1.594,2.337
LiGd5P2O13,3.73,consensus of 1 report,1,3.73,Zhuo 2018,4.126,0.396,1,Gd-Li-O-P,,
LiH,4.94,Borlido 2019,1,4.94,Borlido 2019,5.022,0.082,3,H-Li,3.558,4.647
LiH3(SeO3)2,4.9,consensus of 1 report,1,4.9,Zhuo 2018,5.114,0.214,1,H-Li-O-Se,4.279,
LiI,5.9,consensus of 3 reports,3,5.62; 5.9; 6,Zhuo 2018,5.637,-0.263,1,I-Li,4.367,5.327
LiIO3,6.1,Borlido 2019,3,4; 4.37; 6.1,Borlido 2019; Zhuo 2018,3.723,-2.377,4,I-Li-O,3.609,0.018
LiIn(IO3)4,4.27,Borlido 2019,2,4.27; 4.27,Borlido 2019; Zhuo 2018,4.274,0.004,1,I-In-Li-O,3.25,
LiInS2,3.57,consensus of 3 reports,3,3.56; 3.57; 3.59,Zhuo 2018,3.22,-0.35,3,In-Li-S,2.187,3.193
LiInSe2,3.01,Borlido 2019,2,2.83; 3.01,Borlido 2019; Zhuo 2018,2.32,-0.69,2,In-Li-Se,1.191,1.551
LiInSnS4,2.3,consensus of 1 report,1,2.3,Zhuo 2018,2.466,0.166,3,In-Li-S-Sn,,
LiInTe2,1.46,consensus of 1 report,1,1.46,Zhuo 2018,2.027,0.567,4,In-Li-Te,1.365,2.171
LiMgAs,0.7,consensus of 1 report,1,0.7,Zhuo 2018,1.793,1.093,1,As-Li-Mg,1.443,1.974
LiMgBi,0.4,consensus of 1 report,1,0.4,Zhuo 2018,0.331,-0.069,4,Bi-Li-Mg,0.396,0.927
LiMgN,3.2,consensus of 1 report,1,3.2,Zhuo 2018,2.919,-0.281,0,Li-Mg-N,2.694,3.573
LiMoIO6,2.8,consensus of 1 report,1,2.8,Zhuo 2018,3.263,0.463,2,I-Li-Mo-O,2.255,3.085
LiNb3(BiO3)4,3.0,consensus of 1 report,1,3,Zhuo 2018,2.841,-0.159,1,Bi-Li-Nb-O,,
LiNbO3,3.78,Borlido 2019,4,3.78; 3.9; 4; 4.3,Borlido 2019; Zhuo 2018,5.245,1.465,0,Li-Nb-O,3.317,4.099
LiSb3PbS6,1.6,consensus of 1 report,1,1.6,Zhuo 2018,1.656,0.056,2,Li-Pb-S-Sb,,
LiSbS2,1.36,consensus of 1 report,1,1.36,Zhuo 2018,1.355,-0.005,3,Li-S-Sb,0.279,1.666
LiSbSe2,0.68,consensus of 1 report,1,0.68,Zhuo 2018,0.947,0.267,2,Li-Sb-Se,0.0,0.0
LiSbTe2,0.13,consensus of 1 report,1,0.13,Zhuo 2018,0.434,0.304,3,Li-Sb-Te,0.0,
LiSiB6,2.27,consensus of 1 report,1,2.27,Zhuo 2018,2.438,0.168,3,B-Li-Si,1.71,2.415
LiSm3SiS7,2.83,consensus of 1 report,1,2.83,Zhuo 2018,1.944,-0.886,2,Li-S-Si-Sm,,
LiTa3(BiO3)4,3.5,consensus of 1 report,1,3.5,Zhuo 2018,2.252,-1.248,3,Bi-Li-O-Ta,,
LiTaO3,4.7,Borlido 2019,2,4.1; 4.7,Borlido 2019; Zhuo 2018,4.031,-0.669,4,Li-O-Ta,2.569,3.898
LiZn2GaO4,4.0,consensus of 1 report,1,4,Zhuo 2018,3.917,-0.083,1,Ga-Li-O-Zn,,
LiZnAs,1.61,Borlido 2019,1,1.61,Borlido 2019,1.095,-0.515,1,As-Li-Zn,0.778,1.625
LiZnBO3,3.1,consensus of 1 report,1,3.1,Zhuo 2018,4.845,1.745,3,B-Li-O-Zn,3.655,5.471
LiZnN,1.91,Borlido 2019,3,1.91; 1.91; 1.98,Borlido 2019; Zhuo 2018,2.088,0.178,2,Li-N-Zn,0.826,
LiZnP,2.04,Borlido 2019,1,2.04,Borlido 2019,1.576,-0.464,3,Li-P-Zn,1.227,1.962
Lu(InS2)3,1.27,consensus of 1 report,1,1.27,Zhuo 2018,1.06,-0.21,0,In-Lu-S,,
Lu2CrS4,1.75,consensus of 1 report,1,1.75,Zhuo 2018,1.048,-0.702,0,Cr-Lu-S,,
Lu2O3,5.5,consensus of 1 report,1,5.5,Zhuo 2018,5.662,0.162,0,Lu-O,4.359,6.331
Lu2TlCu3Se5,2.12,consensus of 1 report,1,2.12,Zhuo 2018,0.658,-1.462,4,Cu-Lu-Se-Tl,,
LuCd4B3O10,3.7,consensus of 1 report,1,3.7,Zhuo 2018,2.894,-0.806,4,B-Cd-Lu-O,,
LuP,1.3,consensus of 1 report,1,1.3,Zhuo 2018,0.785,-0.515,2,Lu-P,0.0,0.154
Mg2Co,0.66,consensus of 1 report,1,0.66,Zhuo 2018,1.029,0.369,2,Co-Mg,,
Mg2Ge,0.69,Borlido 2019,2,0.69; 1.67,Borlido 2019; Zhuo 2018,0.491,-0.199,1,Ge-Mg,0.225,0.559
Mg2GeSe4,2.02,consensus of 1 report,1,2.02,Zhuo 2018,2.5,0.48,2,Ge-Mg-Se,1.34,2.239
Mg2Pb,0.1,consensus of 3 reports,3,0.04; 0.1; 0.15,Zhuo 2018,0.489,0.389,2,Mg-Pb,0.0,0.32
Mg2Si,0.78,Borlido 2019,2,0.78; 2.27,Borlido 2019; Zhuo 2018,0.95,0.17,4,Mg-Si,0.109,0.609
Mg2Sn,0.3,Borlido 2019,14,0.14; 0.18; 0.19; 0.22; 0.23; 0.28; 0.3; 0.3; 0.31; 0.32; 0.33; 0.34; 0.35; 0.36,Borlido 2019; Zhuo 2018,0.361,0.061,3,Mg-Sn,0.0,0.23
Mg3(B25C4)2,2.7,consensus of 1 report,1,2.7,Zhuo 2018,1.683,-1.017,0,B-C-Mg,,
Mg3As2,2.575,consensus of 2 reports,2,2.55; 2.6,Zhuo 2018,1.052,-1.523,1,As-Mg,0.99,1.505
Mg3AsN,1.33,consensus of 1 report,1,1.33,Zhuo 2018,1.951,0.621,3,As-Mg-N,1.522,
Mg3N2,2.8,consensus of 1 report,1,2.8,Zhuo 2018,2.717,-0.083,3,Mg-N,1.766,2.694
Mg3P2,1.4,consensus of 1 report,1,1.4,Zhuo 2018,2.267,0.867,3,Mg-P,1.394,1.763
Mg3Sb2,0.8,Borlido 2019,3,0.8; 0.8; 0.82,Borlido 2019; Zhuo 2018,0.947,0.147,0,Mg-Sb,0.253,0.669
Mg5B3O9F,5.63,consensus of 1 report,1,5.63,Zhuo 2018,5.573,-0.057,4,B-F-Mg-O,,
MgCl2,7.5,Borlido 2019,1,7.5,Borlido 2019,9.629,2.129,1,Cl-Mg,5.098,6.892
MgCu2GeS4,2.36,consensus of 1 report,1,2.36,Zhuo 2018,2.332,-0.028,3,Cu-Ge-Mg-S,0.726,1.953
MgCu2SiS4,3.2,consensus of 1 report,1,3.2,Zhuo 2018,2.975,-0.225,0,Cu-Mg-S-Si,1.891,2.565
MgF2,12.4,Borlido 2019,2,11.1; 12.4,Borlido 2019; Zhuo 2018,10.908,-1.492,0,F-Mg,7.095,10.505
MgGeN2,4.3,consensus of 2 reports,2,4.2; 4.4,Zhuo 2018,3.846,-0.454,1,Ge-Mg-N,2.685,4.042
MgO,7.67,Borlido 2019,5,7.67; 7.67; 7.7; 7.78; 7.83,Borlido 2019; Zhuo 2018,7.334,-0.336,3,Mg-O,3.666,5.421
MgSe,5.63,consensus of 3 reports,3,5.6; 5.63; 6,Zhuo 2018,3.834,-1.796,1,Mg-Se,2.315,3.477
MgSiN2,4.05,consensus of 1 report,1,4.05,Zhuo 2018,5.869,1.819,1,Mg-N-Si,4.081,5.272
MgSiP2,2.41,Borlido 2019,1,2.41,Borlido 2019,2.131,-0.279,2,Mg-P-Si,1.388,2.102
MgTe,3.49,Borlido 2019,2,3.49; 3.6,Borlido 2019; Zhuo 2018,2.884,-0.606,1,Mg-Te,1.918,2.624
Mn(PbO2)2,1.5,consensus of 1 report,1,1.5,Zhuo 2018,1.676,0.176,4,Mn-O-Pb,,
Mn(SbO2)2,2.65,consensus of 1 report,1,2.65,Zhuo 2018,1.981,-0.669,3,Mn-O-Sb,1.054,2.646
Mn(SbSe2)2,0.31,consensus of 1 report,1,0.31,Zhuo 2018,1.126,0.816,0,Mn-Sb-Se,0.316,0.737
Mn0.05Te1Pb0.95,0.37,consensus of 1 report,1,0.37,Zhuo 2018,0.419,0.049,0,Mn-Pb-Te,,
Mn0.1Te1Pb0.9,0.49,consensus of 1 report,1,0.49,Zhuo 2018,0.359,-0.131,0,Mn-Pb-Te,,
Mn11Si19,0.73,consensus of 4 reports,4,0.5; 0.66; 0.8; 1,Zhuo 2018,0.716,-0.014,4,Mn-Si,,
Mn15Si26,0.7,consensus of 1 report,2,0.7; 0.7,Zhuo 2018,0.709,0.009,4,Mn-Si,,
MnAl3,0.58,consensus of 1 report,1,0.58,Zhuo 2018,0.773,0.193,1,Al-Mn,0.0,
MnF2,9.9,consensus of 1 report,1,9.9,Zhuo 2018,4.27,-5.63,4,F-Mn,2.921,4.919
MnI2,4.22,consensus of 2 reports,2,4.04; 4.4,Zhuo 2018,4.196,-0.024,4,I-Mn,1.819,3.316
MnIn2PbS5,1.45,consensus of 1 report,1,1.45,Zhuo 2018,1.413,-0.037,2,In-Mn-Pb-S,,
MnO,3.6,consensus of 1 report,1,3.6,Zhuo 2018,2.155,-1.445,3,Mn-O,0.0,0.569
MnO2,1.3,consensus of 1 report,1,1.3,Zhuo 2018,2.614,1.314,3,Mn-O,0.478,2.248
MnP4,0.28,consensus of 1 report,1,0.28,Zhuo 2018,1.438,1.158,0,Mn-P,0.468,1.504
MnPSe3,2.5,consensus of 1 report,1,2.5,Zhuo 2018,1.231,-1.269,2,Mn-P-Se,0.877,1.269
MnSe,2.5,consensus of 1 report,1,2.5,Zhuo 2018,1.455,-1.045,0,Mn-Se,0.0,1.377
MnSi,0.6,consensus of 1 report,1,0.6,Zhuo 2018,0.838,0.238,4,Mn-Si,0.0,0.0
MnTe,1.3,consensus of 2 reports,2,1.25; 1.35,Zhuo 2018,0.906,-0.394,0,Mn-Te,0.0,0.0
MnTe9,2.0,consensus of 1 report,1,2,Zhuo 2018,0.492,-1.508,0,Mn-Te,,
MnV(TeO4)2,1.9,consensus of 1 report,1,1.9,Zhuo 2018,2.262,0.362,1,Mn-O-Te-V,,
MoO3,3.0,curated literature,5,3; 3.54; 3.66; 3.7; 3.75,Zhuo 2018; curated literature,2.86,-0.14,1,Mo-O,1.749,2.484
MoPbO4,3.6,Borlido 2019,1,3.6,Borlido 2019,2.959,-0.641,4,Mo-O-Pb,2.697,3.083
MoS2,1.23,Borlido 2019,1,1.23,Borlido 2019,1.406,0.176,0,Mo-S,0.958,1.392
MoSe2,1.09,Borlido 2019,2,1.09; 1.6,Borlido 2019; Zhuo 2018,1.095,0.005,3,Mo-Se,1.092,1.322
Na(GeP)3,2.06,consensus of 1 report,1,2.06,Zhuo 2018,1.717,-0.343,0,Ge-Na-P,1.097,1.716
Na0.5Ge1Pb1.75S4,2.08,consensus of 1 report,1,2.08,Zhuo 2018,1.987,-0.093,4,Ge-Na-Pb-S,,
Na0.5Ge1Pb1.75Se4,1.6,consensus of 1 report,1,1.6,Zhuo 2018,1.116,-0.484,0,Ge-Na-Pb-Se,,
Na0.75Eu1.625Ge1Se4,2.0,consensus of 1 report,1,2,Zhuo 2018,2.008,0.008,1,Eu-Ge-Na-Se,,
Na0.8Li0.2As1Se2,1.645,consensus of 2 reports,2,1.57; 1.72,Zhuo 2018,1.576,-0.069,3,As-Li-Na-Se,,
Na2B6O9F2,7.33,consensus of 1 report,1,7.33,Zhuo 2018,6.582,-0.748,3,B-F-Na-O,,
Na2Be4B4O11,7.3,consensus of 1 report,1,7.3,Zhuo 2018,5.737,-1.563,4,B-Be-Na-O,,
Na2Cd(GeSe3)2,2.37,consensus of 1 report,1,2.37,Zhuo 2018,2.268,-0.102,4,Cd-Ge-Na-Se,,
Na2CdSnS4,1.52,Borlido 2019,2,1.52; 2.52,Borlido 2019; Zhuo 2018,2.684,1.164,2,Cd-Na-S-Sn,1.827,3.109
Na2EuGeSe4,2.0,consensus of 1 report,1,2,Zhuo 2018,2.169,0.169,1,Eu-Ge-Na-Se,,
Na2Ga2GeS6,3.29,consensus of 1 report,1,3.29,Zhuo 2018,3.263,-0.027,2,Ga-Ge-Na-S,2.541,3.702
Na2Ga2SnS6,2.245,consensus of 2 reports,2,2.2; 2.29,Zhuo 2018,2.645,0.4,3,Ga-Na-S-Sn,,
Na2Gd(PO4)2,4.19,consensus of 1 report,1,4.19,Zhuo 2018,3.752,-0.438,4,Gd-Na-O-P,,
Na2Ge2Se5,2.38,consensus of 1 report,1,2.38,Zhuo 2018,2.413,0.033,0,Ge-Na-Se,1.295,2.257
Na2Hg3(GeS4)2,2.68,consensus of 1 report,1,2.68,Zhuo 2018,2.745,0.065,1,Ge-Hg-Na-S,,
Na2Hg3Se1.49S2.51,2.03,consensus of 1 report,1,2.03,Zhuo 2018,1.791,-0.239,3,Hg-Na-S-Se,,
Na2In2GeS6,3.17,consensus of 1 report,1,3.17,Zhuo 2018,2.986,-0.184,0,Ge-In-Na-S,2.129,3.232
Na2In2GeSe6,2.47,consensus of 1 report,1,2.47,Zhuo 2018,2.213,-0.257,4,Ge-In-Na-Se,1.282,2.173
Na2In2SiS6,3.27,consensus of 1 report,1,3.27,Zhuo 2018,2.965,-0.305,1,In-Na-S-Si,2.211,3.284
Na2In4Se6S,1.92,consensus of 1 report,1,1.92,Zhuo 2018,2.239,0.319,0,In-Na-S-Se,,
Na2Mo2Se2O11,3.1,consensus of 1 report,1,3.1,Zhuo 2018,3.33,0.23,1,Mo-Na-O-Se,2.39,3.577
Na2Nb4Se4O19,3.56,consensus of 1 report,1,3.56,Zhuo 2018,3.451,-0.109,0,Na-Nb-O-Se,2.376,3.632
Na2Pt(IO3)6,2.4,consensus of 1 report,1,2.4,Zhuo 2018,2.5,0.1,0,I-Na-O-Pt,,
Na2S,2.4,consensus of 1 report,1,2.4,Zhuo 2018,2.371,-0.029,4,Na-S,2.359,4.053
Na2Se,2.0,consensus of 1 report,1,2,Zhuo 2018,2.702,0.702,2,Na-Se,2.123,3.453
Na2Si2Hg3S8,2.86,consensus of 1 report,1,2.86,Zhuo 2018,2.676,-0.184,3,Hg-Na-S-Si,,
Na2Sn2Hg3S8,2.45,consensus of 1 report,1,2.45,Zhuo 2018,2.155,-0.295,4,Hg-Na-S-Sn,,
Na2Te,2.3,consensus of 1 report,1,2.3,Zhuo 2018,2.156,-0.144,0,Na-Te,2.099,3.296
Na2TeS3,2.35,consensus of 1 report,1,2.35,Zhuo 2018,2.307,-0.043,1,Na-S-Te,1.523,2.183
Na2TeSe3,1.95,Borlido 2019,3,1.87; 1.95; 1.95,Borlido 2019; Zhuo 2018,2.034,0.084,2,Na-Se-Te,0.96,1.599
Na2Ti3O7,3.51,Borlido 2019,2,3.51; 3.51,Borlido 2019; Zhuo 2018,3.505,-0.005,4,Na-O-Ti,2.907,4.314
Na2Zn(GeS3)2,3.145,consensus of 2 reports,2,3.04; 3.25,Zhuo 2018,3.139,-0.006,3,Ge-Na-S-Zn,2.183,3.273
Na2Zn(GeSe3)2,2.36,consensus of 1 report,1,2.36,Zhuo 2018,2.477,0.117,0,Ge-Na-Se-Zn,1.26,2.142
Na2Zn(SnS3)2,2.93,consensus of 1 report,1,2.93,Zhuo 2018,2.281,-0.649,1,Na-S-Sn-Zn,1.694,2.753
Na2Zn3(SeO3)4,4.9,consensus of 1 report,1,4.9,Zhuo 2018,4.835,-0.065,1,Na-O-Se-Zn,,
Na3MoClO4,4.69,consensus of 1 report,1,4.69,Zhuo 2018,4.2,-0.49,3,Cl-Mo-Na-O,,
Na3MoO4F,4.77,consensus of 1 report,1,4.77,Zhuo 2018,4.606,-0.164,1,F-Mo-Na-O,,
Na3Sb,1.1,Borlido 2019,4,1; 1.1; 1.1; 1.17,Borlido 2019; Zhuo 2018,0.931,-0.169,4,Na-Sb,0.456,1.181
Na3Sn2ClF6,3.88,consensus of 1 report,1,3.88,Zhuo 2018,4.441,0.561,4,Cl-F-Na-Sn,,
Na3WClO4,4.99,consensus of 1 report,1,4.99,Zhuo 2018,4.236,-0.754,0,Cl-Na-O-W,,
Na3Zn(BO2)5,3.2,consensus of 1 report,1,3.2,Zhuo 2018,3.283,0.083,4,B-Na-O-Zn,,
Na4Al4Si19,0.64,consensus of 1 report,1,0.64,Zhuo 2018,1.421,0.781,3,Al-Na-Si,,
Na4Eu(GeS3)2,2.15,consensus of 1 report,1,2.15,Zhuo 2018,2.082,-0.068,2,Eu-Ge-Na-S,,
Na4Mg(GeSe3)2,2.53,consensus of 1 report,1,2.53,Zhuo 2018,2.695,0.165,4,Ge-Mg-Na-Se,1.8,2.625
Na4Mg(SiSe3)2,2.85,consensus of 1 report,1,2.85,Zhuo 2018,2.864,0.014,3,Mg-Na-Se-Si,2.815,3.689
Na5Gd(MoO4)4,3.38,consensus of 1 report,1,3.38,Zhuo 2018,2.797,-0.583,0,Gd-Mo-Na-O,,
Na7(CoO3)2,0.5,consensus of 1 report,1,0.5,Zhuo 2018,0.985,0.485,1,Co-Na-O,0.008,
Na7.36Ga7.24Sn4.78Se24,1.5,consensus of 1 report,1,1.5,Zhuo 2018,2.013,0.513,1,Ga-Na-Se-Sn,,
NaAlGeS4,3.6,consensus of 1 report,1,3.6,Zhuo 2018,2.983,-0.617,2,Al-Ge-Na-S,,
NaAsS2,2.23,Borlido 2019,3,2.23; 2.23; 2.33,Borlido 2019; Zhuo 2018,1.715,-0.515,4,As-Na-S,1.271,2.054
NaAsSe2,1.565,consensus of 6 reports,6,1.46; 1.52; 1.56; 1.57; 1.71; 1.75,Zhuo 2018,1.613,0.048,1,As-Na-Se,0.955,1.707
NaB15,0.32,consensus of 1 report,1,0.32,Zhuo 2018,1.738,1.418,2,B-Na,0.038,0.591
NaBiS2,0.41,consensus of 4 reports,4,0.38; 0.4; 0.42; 0.44,Zhuo 2018,0.819,0.409,1,Bi-Na-S,1.168,1.82
NaBiSe2,0.32,consensus of 3 reports,3,0.28; 0.32; 0.35,Zhuo 2018,0.45,0.13,4,Bi-Na-Se,0.757,0.887
NaBr,7.1,Borlido 2019,4,7.03; 7.1; 7.26; 7.5,Borlido 2019; Zhuo 2018,6.593,-0.507,1,Br-Na,4.148,6.083
NaCd4P3,1.1,consensus of 1 report,1,1.1,Zhuo 2018,0.743,-0.357,0,Cd-Na-P,,
NaCdAsS3,2.93,consensus of 1 report,1,2.93,Zhuo 2018,2.679,-0.251,1,As-Cd-Na-S,1.815,2.84
NaCeS3,2.15,consensus of 1 report,1,2.15,Zhuo 2018,2.468,0.318,4,Ce-Na-S,,
NaCl,8.75,Borlido 2019,4,8.4; 8.5; 8.6; 8.75,Borlido 2019; Zhuo 2018,8.457,-0.293,0,Cl-Na,4.938,6.668
NaF,11.7,Borlido 2019,2,10.5; 11.7,Borlido 2019; Zhuo 2018,11.059,-0.641,0,F-Na,6.393,10.603
NaGaGe3Se8,2.35,consensus of 1 report,1,2.35,Zhuo 2018,2.29,-0.06,0,Ga-Ge-Na-Se,,
NaH3(SeO3)2,4.9,consensus of 1 report,1,4.9,Zhuo 2018,4.688,-0.212,3,H-Na-O-Se,4.102,
NaI,5.8,Borlido 2019,6,5.8; 5.8; 5.89; 5.93; 6; 6.75,Borlido 2019; Zhuo 2018,6.085,0.285,0,I-Na,3.611,5.182
NaIn(IO3)4,4.25,consensus of 1 report,1,4.25,Zhuo 2018,3.721,-0.529,3,I-In-Na-O,,
NaIn(TeO3)2,4.0,consensus of 1 report,1,4,Zhuo 2018,4.152,0.152,3,In-Na-O-Te,,
NaIn3S5,2.18,consensus of 1 report,1,2.18,Zhuo 2018,2.267,0.087,4,In-Na-S,1.224,2.094
NaIn3Se5,2.17,consensus of 1 report,1,2.17,Zhuo 2018,1.889,-0.281,2,In-Na-Se,,
NaInS2,1.9,consensus of 1 report,1,1.9,Zhuo 2018,2.784,0.884,4,In-Na-S,1.835,2.955
NaInSe2,2.8,consensus of 1 report,1,2.8,Zhuo 2018,1.988,-0.812,2,In-Na-Se,1.018,1.9
NaInSnS4,2.4,consensus of 1 report,1,2.4,Zhuo 2018,2.277,-0.123,1,In-Na-S-Sn,,
NaInTe2,1.6,consensus of 1 report,1,1.6,Zhuo 2018,1.412,-0.188,0,In-Na-Te,0.717,1.413
NaLa2TaO6,4.5,Borlido 2019,2,4.5; 4.5,Borlido 2019; Zhuo 2018,3.55,-0.95,2,La-Na-O-Ta,,
NaLaS3,2.61,consensus of 1 report,1,2.61,Zhuo 2018,2.313,-0.297,2,La-Na-S,,
NaNO2,3.06,consensus of 4 reports,4,2.99; 3.02; 3.1; 3.13,Zhuo 2018,5.959,2.899,3,N-Na-O,2.414,3.76
NaNb2PS10,1.72,consensus of 1 report,1,1.72,Zhuo 2018,1.879,0.159,4,Na-Nb-P-S,1.571,
NaNbSe2O7,3.725,consensus of 2 reports,2,3.65; 3.8,Zhuo 2018,3.859,0.134,0,Na-Nb-O-Se,2.698,
NaSb,0.82,consensus of 1 report,1,0.82,Zhuo 2018,0.563,-0.257,4,Na-Sb,0.358,0.43
NaSb(PS3)2,2.25,Borlido 2019,3,2.17; 2.25; 2.25,Borlido 2019; Zhuo 2018,2.714,0.464,3,Na-P-S-Sb,2.022,2.769
NaSbF6,3.76,consensus of 1 report,1,3.76,Zhuo 2018,6.682,2.922,3,F-Na-Sb,4.918,6.878
NaSbS2,1.64,consensus of 2 reports,2,1.48; 1.8,Zhuo 2018,1.214,-0.426,4,Na-S-Sb,0.551,0.873
NaSbSe2,1.36,consensus of 3 reports,3,1.2; 1.36; 1.6,Zhuo 2018,0.884,-0.476,1,Na-Sb-Se,0.476,0.669
NaSbTe2,0.47,consensus of 1 report,1,0.47,Zhuo 2018,0.584,0.114,2,Na-Sb-Te,0.402,0.0
NaSc(SeO3)2,5.5,consensus of 1 report,1,5.5,Zhuo 2018,4.617,-0.883,0,Na-O-Sc-Se,,
NaSm(PS3)2,2.54,consensus of 1 report,1,2.54,Zhuo 2018,2.285,-0.255,3,Na-P-S-Sm,,
NaTaO3,4.0,Borlido 2019,1,4,Borlido 2019,4.349,0.349,1,Na-O-Ta,2.378,3.67
NaY(Te2O5)2,3.9,consensus of 1 report,1,3.9,Zhuo 2018,3.746,-0.154,1,Na-O-Te-Y,,
NaYb(PS3)2,1.85,Borlido 2019,2,1.85; 1.85,Borlido 2019; Zhuo 2018,2.569,0.719,0,Na-P-S-Yb,1.572,2.055
Nb2AgPS10,1.78,consensus of 1 report,1,1.78,Zhuo 2018,2.152,0.372,1,Ag-Nb-P-S,,
Nb2O5,3.08,consensus of 1 report,1,3.08,Zhuo 2018,3.205,0.125,3,Nb-O,2.198,3.086
Nb2Pb2Se4O15,2.79,consensus of 1 report,1,2.79,Zhuo 2018,3.18,0.39,0,Nb-O-Pb-Se,,
Nb2Tl3CuSe12,0.8,consensus of 1 report,1,0.8,Zhuo 2018,1.427,0.627,4,Cu-Nb-Se-Tl,,
Nb2Tl4S11,1.8,consensus of 1 report,1,1.8,Zhuo 2018,1.434,-0.366,0,Nb-S-Tl,0.784,0.771
Nb3CuO8,1.47,consensus of 1 report,1,1.47,Zhuo 2018,1.63,0.16,1,Cu-Nb-O,0.938,1.709
Nb6VSb3O25,3.2,consensus of 1 report,1,3.2,Zhuo 2018,2.621,-0.579,3,Nb-O-Sb-V,,
NbAg2(PS4)2,2.02,consensus of 1 report,1,2.02,Zhuo 2018,2.111,0.091,1,Ag-Nb-P-S,,
NbCu3Se4,2.45,consensus of 1 report,1,2.45,Zhuo 2018,1.25,-1.2,4,Cu-Nb-Se,1.427,1.802
NbCuO3,2.0,consensus of 1 report,1,2,Zhuo 2018,1.965,-0.035,1,Cu-Nb-O,1.188,2.07
NbSe2,1.4,consensus of 1 report,1,1.4,Zhuo 2018,0.743,-0.657,3,Nb-Se,0.0,0.0
NbSnIr,0.28,consensus of 1 report,1,0.28,Zhuo 2018,0.349,0.069,2,Ir-Nb-Sn,,
Nd(InS2)3,1.15,consensus of 1 report,1,1.15,Zhuo 2018,1.21,0.06,4,In-Nd-S,,
Nd1.33Lu0.67S3,1.5,consensus of 1 report,1,1.5,Zhuo 2018,1.525,0.025,0,Lu-Nd-S,,
Nd10Se14O,1.98,consensus of 1 report,1,1.98,Zhuo 2018,1.922,-0.058,1,Nd-O-Se,,
Nd2(SnSe3)3,0.5,consensus of 1 report,1,0.5,Zhuo 2018,0.899,0.399,0,Nd-Se-Sn,,
Nd2HfS5,0.7,consensus of 1 report,1,0.7,Zhuo 2018,1.774,1.074,1,Hf-Nd-S,,
Nd2O3,4.4,consensus of 1 report,1,4.4,Zhuo 2018,4.368,-0.032,4,Nd-O,3.841,5.315
Nd2S3,2.65,consensus of 1 report,1,2.65,Zhuo 2018,2.266,-0.384,1,Nd-S,0.788,
Nd2Se3,1.725,consensus of 2 reports,2,1.7; 1.75,Zhuo 2018,1.874,0.149,2,Nd-Se,,
Nd2Te3,1.12,consensus of 1 report,1,1.12,Zhuo 2018,0.67,-0.45,1,Nd-Te,0.002,
Nd2ZrS5,1.83,consensus of 1 report,1,1.83,Zhuo 2018,1.393,-0.437,2,Nd-S-Zr,,
Nd3Te4,1.6,consensus of 1 report,1,1.6,Zhuo 2018,0.547,-1.053,1,Nd-Te,0.0,
Nd4(GeS4)3,2.62,consensus of 1 report,1,2.62,Zhuo 2018,2.512,-0.108,4,Ge-Nd-S,1.918,2.7
Nd4InSbSe9,1.57,consensus of 1 report,1,1.57,Zhuo 2018,1.892,0.322,2,In-Nd-Sb-Se,,
NdAs,1.04,consensus of 1 report,1,1.04,Zhuo 2018,0.998,-0.042,2,As-Nd,0.0,0.0
NdB6,4.9,consensus of 1 report,1,4.9,Zhuo 2018,4.412,-0.488,1,B-Nd,0.0,
NdCuSO,2.98,consensus of 1 report,1,2.98,Zhuo 2018,2.974,-0.006,2,Cu-Nd-O-S,1.694,
NdCuTeO,2.26,consensus of 1 report,1,2.26,Zhuo 2018,2.554,0.294,0,Cu-Nd-O-Te,1.533,1.973
NdF3,6.15,consensus of 1 report,1,6.15,Zhuo 2018,5.687,-0.463,2,F-Nd,6.716,
NdLuSe3,1.61,consensus of 1 report,1,1.61,Zhuo 2018,1.486,-0.124,3,Lu-Nd-Se,0.554,
NdMoO4F,3.66,consensus of 1 report,1,3.66,Zhuo 2018,3.658,-0.002,3,F-Mo-Nd-O,4.011,
NdTe2,0.48,consensus of 1 report,1,0.48,Zhuo 2018,0.454,-0.026,1,Nd-Te,0.0,
Ni(CN)2,2.0,consensus of 1 report,1,2,Zhuo 2018,2.966,0.966,3,C-N-Ni,,
Ni2Te3O8,3.84,consensus of 1 report,1,3.84,Zhuo 2018,2.575,-1.265,0,Ni-O-Te,1.976,4.193
NiO,4.0,consensus of 1 report,1,4,Zhuo 2018,2.026,-1.974,2,Ni-O,0.0,2.227
NiP2,0.5,consensus of 3 reports,3,0.3; 0.5; 0.73,Zhuo 2018,0.614,0.114,0,Ni-P,0.492,1.379
NiS2,0.64,consensus of 1 report,1,0.64,Zhuo 2018,0.903,0.263,1,Ni-S,0.0,0.628
NiTe,0.23,consensus of 1 report,1,0.23,Zhuo 2018,0.607,0.377,0,Ni-Te,0.0,0.0
OsS2,2.0,consensus of 1 report,1,2,Zhuo 2018,1.145,-0.855,4,Os-S,0.0,
P,0.31,Borlido 2019,1,0.31,Borlido 2019,1.586,1.276,4,P,0.091,1.542
P2Ir,1.05,consensus of 2 reports,2,1; 1.1,Zhuo 2018,0.699,-0.351,0,Ir-P,0.64,1.169
P2Os,1.13,Borlido 2019,3,1.13; 1.13; 1.2,Borlido 2019; Zhuo 2018,0.692,-0.438,0,Os-P,0.788,1.44
P2Pd,0.65,consensus of 1 report,1,0.65,Zhuo 2018,0.721,0.071,2,P-Pd,0.329,1.011
P2Pd3S8,2.12,consensus of 1 report,1,2.12,Zhuo 2018,1.926,-0.194,1,P-Pd-S,1.555,2.126
P2Pt,0.7,consensus of 2 reports,2,0.6; 0.8,Zhuo 2018,1.042,0.342,0,P-Pt,1.05,1.611
P2Rh,1.0,consensus of 1 report,1,1,Zhuo 2018,0.624,-0.376,1,P-Rh,0.421,0.865
P2Ru,0.9,consensus of 2 reports,2,0.8; 1,Zhuo 2018,0.749,-0.151,1,P-Ru,0.509,1.046
P2Se3,2.4,consensus of 1 report,1,2.4,Zhuo 2018,1.993,-0.407,2,P-Se,,
P2Se5,2.2,consensus of 1 report,1,2.2,Zhuo 2018,2.005,-0.195,2,P-Se,1.049,1.885
P3N5,5.87,Borlido 2019,1,5.87,Borlido 2019,4.602,-1.268,1,N-P,3.188,4.543
P4Os,0.5,consensus of 2 reports,2,0.4; 0.6,Zhuo 2018,0.882,0.382,0,Os-P,1.021,1.482
P4Ru,0.51,consensus of 2 reports,2,0.38; 0.64,Zhuo 2018,0.632,0.122,1,P-Ru,1.007,1.437
PH6NO4,6.805,consensus of 2 reports,2,6.8; 6.81,Zhuo 2018,7.16,0.355,3,H-N-O-P,5.65,
PHPbO3,3.97,consensus of 1 report,1,3.97,Zhuo 2018,4.097,0.127,0,H-O-P-Pb,,
POsS,1.4,consensus of 1 report,1,1.4,Zhuo 2018,1.45,0.05,0,Os-P-S,0.972,1.388
POsSe,1.4,consensus of 1 report,1,1.4,Zhuo 2018,0.767,-0.633,0,Os-P-Se,0.624,0.926
PPdS,1.39,consensus of 2 reports,2,1.38; 1.4,Zhuo 2018,0.953,-0.437,1,P-Pd-S,0.994,2.01
PPdSe,0.15,consensus of 1 report,1,0.15,Zhuo 2018,1.056,0.906,3,P-Pd-Se,0.716,1.894
PRuS,1.4,consensus of 1 report,1,1.4,Zhuo 2018,0.937,-0.463,1,P-Ru-S,0.601,0.986
PSe,2.5,consensus of 1 report,1,2.5,Zhuo 2018,2.346,-0.154,2,P-Se,2.041,2.897
Pb17(Cl9O4)2,3.44,consensus of 1 report,1,3.44,Zhuo 2018,3.172,-0.268,3,Cl-O-Pb,,
Pb1Se0.01S0.99,0.37,consensus of 1 report,1,0.37,Zhuo 2018,0.461,0.091,1,Pb-S-Se,,
Pb1Se0.5S0.5,0.33,consensus of 1 report,1,0.33,Zhuo 2018,0.298,-0.032,1,Pb-S-Se,,
Pb1Se0.95S0.05,0.26,consensus of 1 report,1,0.26,Zhuo 2018,0.252,-0.008,1,Pb-S-Se,,
Pb1Se0.99S0.01,0.26,consensus of 1 report,1,0.26,Zhuo 2018,0.277,0.017,1,Pb-S-Se,,
Pb1Se0.9S0.1,0.27,consensus of 1 report,1,0.27,Zhuo 2018,0.248,-0.022,1,Pb-S-Se,,
Pb2O3,1.67,consensus of 1 report,1,1.67,Zhuo 2018,2.725,1.055,4,O-Pb,0.905,1.401
Pb2SeN2O9,3.76,consensus of 1 report,1,3.76,Zhuo 2018,3.978,0.218,3,N-O-Pb-Se,2.844,
Pb3O4,2.12,consensus of 1 report,1,2.12,Zhuo 2018,2.692,0.572,4,O-Pb,1.1,1.822
Pb3Se2(BrO3)2,3.73,consensus of 1 report,1,3.73,Zhuo 2018,3.133,-0.597,1,Br-O-Pb-Se,2.782,
PbBr2,3.98,Borlido 2019,5,3.2; 3.23; 3.31; 3.5; 3.98,Borlido 2019; Zhuo 2018,2.754,-1.226,1,Br-Pb,2.832,3.948
PbCl2,4.86,Borlido 2019,4,3.82; 3.94; 4.1; 4.86,Borlido 2019; Zhuo 2018,4.897,0.037,3,Cl-Pb,3.79,4.824
PbF2,5.68,Borlido 2019,1,5.68,Borlido 2019,4.856,-0.824,4,F-Pb,4.441,5.717
PbI2,2.28,Borlido 2019,10,2.28; 2.32; 2.36; 2.41; 2.53; 2.54; 2.54; 2.55; 2.56; 3.01,Borlido 2019; Zhuo 2018,1.331,-0.949,0,I-Pb,2.257,3.14
PbN6,3.0,consensus of 2 reports,2,2.98; 3.02,Zhuo 2018,2.972,-0.028,0,N-Pb,,
PbO2,1.475,consensus of 4 reports,4,1.4; 1.45; 1.5; 1.7,Zhuo 2018,2.481,1.006,4,O-Pb,0.02,0.114
PbS,0.29,Borlido 2019,15,0.28; 0.29; 0.29; 0.29; 0.29; 0.3; 0.31; 0.31; 0.37; 0.38; 0.39; 0.41; 0.42; 0.44; 0.6,Borlido 2019; Zhuo 2018,0.882,0.592,0,Pb-S,0.588,1.213
PbSe,0.15,Borlido 2019,13,0.14; 0.15; 0.15; 0.17; 0.18; 0.22; 0.26; 0.27; 0.28; 0.28; 0.29; 0.31; 0.35,Borlido 2019; Zhuo 2018,0.27,0.12,3,Pb-Se,0.636,1.242
PbSeO4,4.3,Borlido 2019,2,4.3; 4.3,Borlido 2019; Zhuo 2018,4.152,-0.148,2,O-Pb-Se,3.429,
PbWO4,4.2,Borlido 2019,1,4.2,Borlido 2019,3.472,-0.728,3,O-Pb-W,2.463,3.937
Pd(IO3)2,1.31,consensus of 1 report,1,1.31,Zhuo 2018,2.955,1.645,0,I-O-Pd,1.103,2.836
PdO,0.8,consensus of 1 report,1,0.8,Zhuo 2018,0.798,-0.002,0,O-Pd,0.0,0.411
PdS,0.5,Borlido 2019,2,0.5; 0.5,Borlido 2019; Zhuo 2018,0.869,0.369,1,Pd-S,0.018,0.852
PdS2,0.75,Borlido 2019,2,0.75; 0.75,Borlido 2019; Zhuo 2018,1.3,0.55,1,Pd-S,0.052,0.138
PdSe,0.2,consensus of 1 report,1,0.2,Zhuo 2018,1.038,0.838,1,Pd-Se,0.118,0.954
PdSe2,0.4,Borlido 2019,2,0.4; 0.4,Borlido 2019; Zhuo 2018,0.945,0.545,1,Pd-Se,0.0,0.422
Pr(InS2)3,1.14,consensus of 1 report,1,1.14,Zhuo 2018,1.182,0.042,2,In-Pr-S,,
Pr1.29Lu0.71S3,1.38,consensus of 1 report,1,1.38,Zhuo 2018,1.586,0.206,2,Lu-Pr-S,,
Pr10Se14O,1.89,consensus of 1 report,1,1.89,Zhuo 2018,1.976,0.086,3,O-Pr-Se,,
Pr1Te1.9,1.0,consensus of 1 report,1,1,Zhuo 2018,0.511,-0.489,1,Pr-Te,,
Pr2Ge2Se7,1.32,consensus of 1 report,1,1.32,Zhuo 2018,0.997,-0.323,3,Ge-Pr-Se,,
Pr2GeSe5,1.8,consensus of 1 report,1,1.8,Zhuo 2018,1.353,-0.447,3,Ge-Pr-Se,,
Pr2S3,2.64,consensus of 2 reports,2,2.6; 2.68,Zhuo 2018,2.133,-0.507,1,Pr-S,0.815,1.491
Pr2Se3,1.85,consensus of 2 reports,2,1.8; 1.9,Zhuo 2018,1.678,-0.172,1,Pr-Se,,
Pr2Te3,1.3,consensus of 3 reports,3,1.16; 1.3; 1.5,Zhuo 2018,0.811,-0.489,1,Pr-Te,,
Pr2Te4O11,3.65,consensus of 1 report,1,3.65,Zhuo 2018,2.984,-0.666,4,O-Pr-Te,,
Pr4InSbSe9,1.89,consensus of 1 report,1,1.89,Zhuo 2018,1.649,-0.241,4,In-Pr-Sb-Se,,
Pr4Te7,0.46,consensus of 1 report,1,0.46,Zhuo 2018,0.516,0.056,1,Pr-Te,,
PrAs,1.0,consensus of 1 report,1,1,Zhuo 2018,0.968,-0.032,4,As-Pr,0.0,0.0
PrB6,4.9,consensus of 1 report,1,4.9,Zhuo 2018,3.802,-1.098,4,B-Pr,0.0,
PrBN2,4.0,consensus of 1 report,1,4,Zhuo 2018,3.783,-0.217,4,B-N-Pr,2.133,2.983
PrCuSO,3.03,consensus of 1 report,1,3.03,Zhuo 2018,3.148,0.118,4,Cu-O-Pr-S,1.856,2.833
PrF3,5.6,consensus of 2 reports,2,5.3; 5.9,Zhuo 2018,6.435,0.835,4,F-Pr,5.631,
PrLuSe3,1.56,consensus of 1 report,1,1.56,Zhuo 2018,1.53,-0.03,2,Lu-Pr-Se,0.553,1.133
PrMoO4F,3.64,consensus of 1 report,1,3.64,Zhuo 2018,3.547,-0.093,0,F-Mo-O-Pr,4.027,
PrO,0.55,consensus of 1 report,1,0.55,Zhuo 2018,2.049,1.499,4,O-Pr,0.0,2.584
PrSb,0.66,consensus of 1 report,1,0.66,Zhuo 2018,0.951,0.291,3,Pr-Sb,0.0,0.0
PrTaN2O,2.0,consensus of 1 report,1,2,Zhuo 2018,2.186,0.186,1,N-O-Pr-Ta,,
PrTe2,1.155,consensus of 2 reports,2,1.02; 1.29,Zhuo 2018,0.419,-0.736,1,Pr-Te,0.0,
PrTl2InSe4,0.93,consensus of 1 report,1,0.93,Zhuo 2018,1.062,0.132,4,In-Pr-Se-Tl,,
PrTlSe2,1.18,consensus of 1 report,1,1.18,Zhuo 2018,1.415,0.235,4,Pr-Se-Tl,1.227,1.64
Pt0.97S2,0.95,consensus of 1 report,1,0.95,Zhuo 2018,1.446,0.496,0,Pt-S,,
PtS,0.64,consensus of 3 reports,3,0.38; 0.64; 0.8,Zhuo 2018,0.739,0.099,0,Pt-S,0.323,0.939
PtS2,0.75,consensus of 1 report,1,0.75,Zhuo 2018,1.11,0.36,0,Pt-S,0.794,1.187
PtSe2,0.1,consensus of 1 report,1,0.1,Zhuo 2018,0.602,0.502,0,Pt-Se,0.0,0.0
Rb1.45Sb7.45Pb3.1Se15,0.45,consensus of 1 report,1,0.45,Zhuo 2018,0.681,0.231,2,Pb-Rb-Sb-Se,,
Rb1.54Cd1.54Bi2.46S6,1.33,consensus of 1 report,1,1.33,Zhuo 2018,1.645,0.315,1,Bi-Cd-Rb-S,,
Rb2AgPS4,2.6,consensus of 1 report,1,2.6,Zhuo 2018,2.836,0.236,4,Ag-P-Rb-S,2.178,3.298
Rb2BaNb2Se11,1.53,consensus of 1 report,1,1.53,Zhuo 2018,1.626,0.096,0,Ba-Nb-Rb-Se,,
Rb2Cd(IBr)2,3.35,consensus of 1 report,1,3.35,Zhuo 2018,4.059,0.709,3,Br-Cd-I-Rb,2.995,
Rb2Cd(PSe3)2,2.58,consensus of 1 report,1,2.58,Zhuo 2018,2.297,-0.283,1,Cd-P-Rb-Se,1.693,2.67
Rb2Cd3(B4O7)4,4.76,consensus of 1 report,1,4.76,Zhuo 2018,3.753,-1.007,0,B-Cd-O-Rb,,
Rb2Cd3S4,2.92,consensus of 1 report,1,2.92,Zhuo 2018,2.712,-0.208,3,Cd-Rb-S,1.768,2.755
Rb2Cd3Se4,2.37,consensus of 1 report,1,2.37,Zhuo 2018,2.379,0.009,2,Cd-Rb-Se,1.421,2.275
Rb2Cd3Te4,2.3,consensus of 1 report,1,2.3,Zhuo 2018,1.324,-0.976,3,Cd-Rb-Te,,
Rb2Cu2Sb2S5,1.6,consensus of 1 report,1,1.6,Zhuo 2018,1.591,-0.009,4,Cu-Rb-S-Sb,,
Rb2Cu2SnS4,2.08,Borlido 2019,2,2.08; 2.08,Borlido 2019; Zhuo 2018,2.174,0.094,2,Cu-Rb-S-Sn,1.082,2.056
Rb2GeB4O9,5.54,consensus of 1 report,1,5.54,Zhuo 2018,4.995,-0.545,0,B-Ge-O-Rb,4.072,
Rb2Hg(PSe3)2,2.32,consensus of 1 report,1,2.32,Zhuo 2018,2.161,-0.159,4,Hg-P-Rb-Se,,
Rb2Hg3(GeS4)2,2.8,consensus of 1 report,1,2.8,Zhuo 2018,2.371,-0.429,4,Ge-Hg-Rb-S,1.666,
Rb2Mo3Se3O16,3.1,consensus of 1 report,1,3.1,Zhuo 2018,3.152,0.052,0,Mo-O-Rb-Se,,
Rb2NbCuS4,2.64,Borlido 2019,2,2.64; 2.64,Borlido 2019; Zhuo 2018,2.417,-0.223,2,Cu-Nb-Rb-S,2.071,2.986
Rb2NbCuSe4,2.19,Borlido 2019,2,2.19; 2.19,Borlido 2019; Zhuo 2018,1.947,-0.243,2,Cu-Nb-Rb-Se,1.728,2.169
Rb2PS5,2.3,consensus of 1 report,1,2.3,Zhuo 2018,2.661,0.361,4,P-Rb-S,,
Rb2Pt(IO3)6,2.4,consensus of 1 report,1,2.4,Zhuo 2018,2.491,0.091,4,I-O-Pt-Rb,,
Rb2Sn2Hg3S8,2.48,consensus of 1 report,1,2.48,Zhuo 2018,2.578,0.098,1,Hg-Rb-S-Sn,1.576,2.652
Rb2Sn3(SbS5)2,2.33,consensus of 1 report,1,2.33,Zhuo 2018,2.419,0.089,2,Rb-S-Sb-Sn,1.628,2.418
Rb2Te,4.5,consensus of 1 report,1,4.5,Zhuo 2018,2.348,-2.152,0,Rb-Te,1.448,2.719
Rb2TeBr6,2.19,Borlido 2019,2,2.14; 2.19,Borlido 2019; Zhuo 2018,2.249,0.059,4,Br-Rb-Te,1.99,2.553
Rb2TeI6,1.43,Borlido 2019,2,1.4; 1.43,Borlido 2019; Zhuo 2018,1.708,0.278,4,I-Rb-Te,1.378,1.886
Rb2Ti(AgS2)2,2.33,consensus of 1 report,1,2.33,Zhuo 2018,2.115,-0.215,1,Ag-Rb-S-Ti,1.656,
Rb2Ti(CuS2)2,2.19,Borlido 2019,2,2.19; 2.19,Borlido 2019; Zhuo 2018,2.38,0.19,3,Cu-Rb-S-Ti,1.8,2.183
Rb2VAgS4,1.83,Borlido 2019,2,1.83; 1.83,Borlido 2019; Zhuo 2018,2.232,0.402,4,Ag-Rb-S-V,1.466,2.297
Rb2VCuS4,1.85,Borlido 2019,2,1.85; 1.85,Borlido 2019; Zhuo 2018,1.853,0.003,2,Cu-Rb-S-V,1.448,1.772
Rb2Zn3(SeO3)4,4.9,consensus of 1 report,1,4.9,Zhuo 2018,4.326,-0.574,4,O-Rb-Se-Zn,,
Rb3Ag9(PS4)4,2.6,consensus of 1 report,1,2.6,Zhuo 2018,2.632,0.032,4,Ag-P-Rb-S,,
Rb3Al3Ge7S20,3.1,consensus of 1 report,1,3.1,Zhuo 2018,3.218,0.118,0,Al-Ge-Rb-S,,
Rb3Al3Ge7Se20,2.4,consensus of 1 report,1,2.4,Zhuo 2018,2.234,-0.166,4,Al-Ge-Rb-Se,,
Rb3Bi2Br9,2.62,consensus of 1 report,1,2.62,Zhuo 2018,2.407,-0.213,0,Bi-Br-Rb,,
Rb3Bi2I9,1.995,consensus of 2 reports,2,1.89; 2.1,Zhuo 2018,1.66,-0.335,1,Bi-I-Rb,,
Rb3Cd(BO2)5,2.34,consensus of 1 report,1,2.34,Zhuo 2018,3.119,0.779,0,B-Cd-O-Rb,,
Rb3Li4(BO2)7,6.53,consensus of 1 report,1,6.53,Zhuo 2018,6.715,0.185,3,B-Li-O-Rb,,
Rb3Na(MoO4)2,4.84,consensus of 1 report,1,4.84,Zhuo 2018,4.471,-0.369,0,Mo-Na-O-Rb,4.216,5.62
Rb3Nb2AsSe11,1.5,consensus of 1 report,1,1.5,Zhuo 2018,1.361,-0.139,2,As-Nb-Rb-Se,1.136,1.868
Rb3Sb,1.0,consensus of 1 report,1,1,Zhuo 2018,1.237,0.237,4,Rb-Sb,0.13,1.349
Rb3Sb2Br9,2.48,Borlido 2019,2,2.48; 2.48,Borlido 2019; Zhuo 2018,2.322,-0.158,2,Br-Rb-Sb,1.877,2.374
Rb3Sb2I9,1.94,consensus of 1 report,1,1.94,Zhuo 2018,1.855,-0.085,3,I-Rb-Sb,,
Rb3Ta2AsS11,2.21,consensus of 1 report,1,2.21,Zhuo 2018,2.158,-0.052,0,As-Rb-S-Ta,,
Rb3Zn(BO2)5,2.66,consensus of 1 report,1,2.66,Zhuo 2018,2.972,0.312,1,B-O-Rb-Zn,,
Rb4Ag9(SbS3)4,2.0,consensus of 1 report,1,2,Zhuo 2018,1.857,-0.143,3,Ag-Rb-S-Sb,,
Rb4Ga4Si19,1.18,consensus of 1 report,1,1.18,Zhuo 2018,0.988,-0.192,0,Ga-Rb-Si,,
Rb4Ge(PSe3)4,2.0,consensus of 1 report,1,2,Zhuo 2018,2.025,0.025,0,Ge-P-Rb-Se,,
Rb4Ge3B6O17,5.42,consensus of 1 report,1,5.42,Zhuo 2018,4.266,-1.154,0,B-Ge-O-Rb,,
Rb4Mo5(PO11)2,3.51,consensus of 1 report,1,3.51,Zhuo 2018,3.626,0.116,3,Mo-O-P-Rb,,
Rb4Ti3S14,1.59,consensus of 1 report,1,1.59,Zhuo 2018,2.116,0.526,2,Rb-S-Ti,,
Rb5B(SO4)4,3.99,consensus of 1 report,1,3.99,Zhuo 2018,4.895,0.905,4,B-O-Rb-S,,
Rb5Li6(BO2)11,6.53,consensus of 1 report,1,6.53,Zhuo 2018,6.693,0.163,3,B-Li-O-Rb,,
Rb9Bi13S24,1.3,consensus of 1 report,1,1.3,Zhuo 2018,1.504,0.204,2,Bi-Rb-S,,
RbAg2SbS4,2.3,Borlido 2019,2,2.3; 2.3,Borlido 2019; Zhuo 2018,1.958,-0.342,3,Ag-Rb-S-Sb,0.595,1.64
RbAg2TeS6,2.04,consensus of 1 report,1,2.04,Zhuo 2018,2.154,0.114,3,Ag-Rb-S-Te,,
RbAg5(PS4)2,2.4,consensus of 1 report,1,2.4,Zhuo 2018,2.444,0.044,4,Ag-P-Rb-S,,
RbAu,2.75,Borlido 2019,1,2.75,Borlido 2019,1.985,-0.765,4,Au-Rb,1.447,0.958
RbBa2(PO3)5,7.6,consensus of 1 report,1,7.6,Zhuo 2018,4.984,-2.616,4,Ba-O-P-Rb,,
RbBi3Se5,0.455,consensus of 2 reports,2,0.43; 0.48,Zhuo 2018,0.586,0.131,1,Bi-Rb-Se,,
RbBi3TeSe4,0.8,consensus of 1 report,1,0.8,Zhuo 2018,0.492,-0.308,0,Bi-Rb-Se-Te,,
RbBiS2,1.26,consensus of 3 reports,3,1.2; 1.26; 1.36,Zhuo 2018,1.209,-0.051,2,Bi-Rb-S,1.395,2.144
RbBiSe2,0.9,consensus of 3 reports,3,0.72; 0.9; 0.92,Zhuo 2018,0.743,-0.157,1,Bi-Rb-Se,0.65,1.024
RbBr,7.2,Borlido 2019,5,7.2; 7.2; 7.25; 7.65; 7.7,Borlido 2019; Zhuo 2018,7.18,-0.02,4,Br-Rb,4.326,6.213
RbCaBO3,3.67,consensus of 1 report,1,3.67,Zhuo 2018,4.352,0.682,3,B-Ca-O-Rb,,
RbCd(BO2)3,4.2,consensus of 1 report,1,4.2,Zhuo 2018,4.543,0.343,0,B-Cd-O-Rb,,
RbCd4Ga5S12,3.02,consensus of 1 report,1,3.02,Zhuo 2018,2.792,-0.228,1,Cd-Ga-Rb-S,,
RbCd4Ga5Se12,2.19,consensus of 1 report,1,2.19,Zhuo 2018,2.141,-0.049,4,Cd-Ga-Rb-Se,,
RbCd4Ga5Te12,1.64,consensus of 1 report,1,1.64,Zhuo 2018,1.666,0.026,2,Cd-Ga-Rb-Te,,
RbCd4In5Se12,1.57,consensus of 1 report,1,1.57,Zhuo 2018,1.639,0.069,0,Cd-In-Rb-Se,,
RbCl,8.3,Borlido 2019,6,8.1; 8.2; 8.29; 8.3; 8.3; 8.5,Borlido 2019; Zhuo 2018,8.422,0.122,1,Cl-Rb,4.839,6.998
RbCu(SbS2)2,1.6,consensus of 1 report,1,1.6,Zhuo 2018,1.588,-0.012,4,Cu-Rb-S-Sb,,
RbCu2AsS3,1.96,consensus of 1 report,1,1.96,Zhuo 2018,1.945,-0.015,4,As-Cu-Rb-S,,
RbCu2SbS3,1.67,consensus of 1 report,1,1.67,Zhuo 2018,1.801,0.131,4,Cu-Rb-S-Sb,,
RbCu4AsS4,2.15,consensus of 1 report,1,2.15,Zhuo 2018,1.777,-0.373,4,As-Cu-Rb-S,,
RbCuSnS3,1.44,consensus of 1 report,1,1.44,Zhuo 2018,1.789,0.349,2,Cu-Rb-S-Sn,,
RbCuSnSe3,1.04,consensus of 1 report,1,1.04,Zhuo 2018,1.171,0.131,1,Cu-Rb-Se-Sn,,
RbF,10.4,Borlido 2019,2,10.4; 10.4,Borlido 2019; Zhuo 2018,9.581,-0.819,1,F-Rb,5.959,8.623
RbGaSnSe4,1.88,consensus of 1 report,1,1.88,Zhuo 2018,1.949,0.069,2,Ga-Rb-Se-Sn,,
RbGeB3O7,5.58,consensus of 1 report,1,5.58,Zhuo 2018,4.516,-1.064,0,B-Ge-O-Rb,,
RbH2(IO3)3,4.07,consensus of 1 report,1,4.07,Zhuo 2018,3.962,-0.108,4,H-I-O-Rb,3.364,4.573
RbH3(SeO3)2,4.84,consensus of 1 report,1,4.84,Zhuo 2018,4.396,-0.444,0,H-O-Rb-Se,,
RbHgSbTe3,0.2,consensus of 1 report,1,0.2,Zhuo 2018,1.024,0.824,4,Hg-Rb-Sb-Te,0.325,
RbI,6.37,Borlido 2019,9,5.83; 6.05; 6.1; 6.25; 6.26; 6.26; 6.36; 6.37; 6.37,Borlido 2019; Zhuo 2018,6.229,-0.141,3,I-Rb,3.748,5.243
RbIn5S6,2.5,consensus of 1 report,1,2.5,Zhuo 2018,2.385,-0.115,1,In-Rb-S,,
RbInGeS4,3.1,consensus of 1 report,1,3.1,Zhuo 2018,2.811,-0.289,0,Ge-In-Rb-S,,
RbInS2,3.3,consensus of 1 report,1,3.3,Zhuo 2018,2.892,-0.408,1,In-Rb-S,1.037,3.101
RbInSnS4,2.7,consensus of 1 report,1,2.7,Zhuo 2018,2.623,-0.077,4,In-Rb-S-Sn,,
RbInTe3O8,3.9,consensus of 1 report,1,3.9,Zhuo 2018,3.889,-0.011,2,In-O-Rb-Te,,
RbLiCO3,6.28,consensus of 1 report,1,6.28,Zhuo 2018,6.111,-0.169,2,C-Li-O-Rb,,
RbMn4Ga5Te12,1.53,consensus of 1 report,1,1.53,Zhuo 2018,1.54,0.01,0,Ga-Mn-Rb-Te,,
RbMn4In5Se12,1.76,consensus of 1 report,1,1.76,Zhuo 2018,1.847,0.087,3,In-Mn-Rb-Se,,
RbMoPO6,2.96,consensus of 1 report,1,2.96,Zhuo 2018,3.776,0.816,3,Mo-O-P-Rb,2.481,3.959
RbNa2Sb,1.0,consensus of 1 report,1,1,Zhuo 2018,1.125,0.125,4,Na-Rb-Sb,0.797,1.849
RbNb3(TeO6)2,3.49,consensus of 1 report,1,3.49,Zhuo 2018,3.525,0.035,3,Nb-O-Rb-Te,,
RbNb4Br11,0.46,consensus of 1 report,1,0.46,Zhuo 2018,1.765,1.305,1,Br-Nb-Rb,0.289,1.123
RbNbSe2O7,4.1,consensus of 1 report,1,4.1,Zhuo 2018,3.674,-0.426,2,Nb-O-Rb-Se,,
RbPPbO4,4.35,consensus of 1 report,1,4.35,Zhuo 2018,3.983,-0.367,2,O-P-Pb-Rb,,
RbPSe6,2.18,consensus of 1 report,1,2.18,Zhuo 2018,2.201,0.021,3,P-Rb-Se,1.793,2.601
RbSbS2,2.1,consensus of 3 reports,3,1.96; 2.1; 2.13,Zhuo 2018,2.259,0.159,3,Rb-S-Sb,1.908,2.67
RbSbSe2,1.62,consensus of 1 report,1,1.62,Zhuo 2018,1.739,0.119,2,Rb-Sb-Se,1.462,2.097
RbSbTe2,0.38,consensus of 1 report,1,0.38,Zhuo 2018,0.69,0.31,2,Rb-Sb-Te,,
RbSc(SeO3)2,4.9,consensus of 1 report,1,4.9,Zhuo 2018,4.985,0.085,4,O-Rb-Sc-Se,4.073,5.718
RbTa3(TeO6)2,3.88,consensus of 1 report,1,3.88,Zhuo 2018,3.96,0.08,4,O-Rb-Ta-Te,,
RbTbSe2,2.5,consensus of 1 report,1,2.5,Zhuo 2018,2.37,-0.13,2,Rb-Se-Tb,1.914,2.96
RbV(CuS2)2,1.45,Borlido 2019,2,1.45; 1.45,Borlido 2019; Zhuo 2018,1.656,0.206,2,Cu-Rb-S-V,1.276,1.589
RbY(TeO3)2,3.6,consensus of 1 report,1,3.6,Zhuo 2018,3.542,-0.058,1,O-Rb-Te-Y,,
RbYbZnSe3,2.07,consensus of 1 report,1,2.07,Zhuo 2018,2.126,0.056,4,Rb-Se-Yb-Zn,,
RbZn4In5Se12,1.76,consensus of 1 report,1,1.76,Zhuo 2018,1.863,0.103,0,In-Rb-Se-Zn,,
RbZrPSe6,2.0,consensus of 1 report,1,2,Zhuo 2018,2.251,0.251,3,P-Rb-Se-Zr,,
ReO3,2.3,consensus of 1 report,1,2.3,Zhuo 2018,1.27,-1.03,3,O-Re,0.0,
ReS2,1.37,Borlido 2019,4,1; 1.1; 1.33; 1.37,Borlido 2019; Zhuo 2018,1.832,0.462,1,Re-S,1.261,1.879
ReSe2,1.19,Borlido 2019,3,0.99; 1.15; 1.19,Borlido 2019; Zhuo 2018,1.308,0.118,1,Re-Se,1.119,1.753
ReSi2,0.13,consensus of 3 reports,3,0.12; 0.13; 0.2,Zhuo 2018,0.851,0.721,1,Re-Si,0.0,
Rh0.67S2,1.5,consensus of 1 report,1,1.5,Zhuo 2018,1.051,-0.449,0,Rh-S,,
Rh0.67Se2,0.7,consensus of 1 report,1,0.7,Zhuo 2018,0.745,0.045,0,Rh-Se,,
Rh2S3,0.8,consensus of 1 report,1,0.8,Zhuo 2018,0.937,0.137,0,Rh-S,0.27,0.744
RhS3,1.5,consensus of 1 report,1,1.5,Zhuo 2018,1.06,-0.44,0,Rh-S,,
RhSe2,0.6,consensus of 1 report,1,0.6,Zhuo 2018,0.644,0.044,0,Rh-Se,0.0,0.158
RhSe3,0.7,consensus of 1 report,1,0.7,Zhuo 2018,0.751,0.051,0,Rh-Se,,
RhSeS,0.7,consensus of 1 report,1,0.7,Zhuo 2018,0.905,0.205,2,Rh-S-Se,,
RuS2,1.45,Borlido 2019,2,1.45; 1.8,Borlido 2019; Zhuo 2018,1.469,0.019,3,Ru-S,0.588,1.346
RuSe2,0.76,Borlido 2019,2,0.76; 1,Borlido 2019; Zhuo 2018,0.892,0.132,4,Ru-Se,0.271,0.891
Sb2O3,3.625,Borlido 2019,4,3.2; 3.25; 3.31; 4,Borlido 2019; Zhuo 2018,2.947,-0.678,3,O-Sb,2.243,3.303
Sb2Os,0.21,Borlido 2019,4,0.2; 0.21; 0.21; 0.3,Borlido 2019; Zhuo 2018,0.229,0.019,2,Os-Sb,0.401,0.752
Sb2PbSe4,1.8,consensus of 1 report,1,1.8,Zhuo 2018,0.655,-1.145,0,Pb-Sb-Se,,
Sb2Pt,0.11,Borlido 2019,10,0.05; 0.06; 0.07; 0.08; 0.08; 0.1; 0.11; 0.11; 0.11; 0.4,Borlido 2019; Zhuo 2018,0.218,0.108,4,Pt-Sb,0.0,
Sb2Ru,0.3,consensus of 1 report,1,0.3,Zhuo 2018,0.398,0.098,4,Ru-Sb,0.059,0.335
Sb2S3,1.74,Borlido 2019,9,1.63; 1.63; 1.67; 1.69; 1.7; 1.71; 1.72; 1.74; 1.92,Borlido 2019; Zhuo 2018,1.819,0.079,3,S-Sb,1.276,1.881
Sb2Se3,1.11,Borlido 2019,10,1; 1.06; 1.1; 1.11; 1.11; 1.13; 1.15; 1.2; 1.3; 1.4,Borlido 2019; Zhuo 2018,1.298,0.188,4,Sb-Se,0.875,1.454
Sb2Te3,0.28,Borlido 2019,8,0.19; 0.21; 0.22; 0.24; 0.28; 0.28; 0.3; 0.35,Borlido 2019; Zhuo 2018,0.449,0.169,4,Sb-Te,0.106,0.429
Sb3IO4,2.61,consensus of 1 report,1,2.61,Zhuo 2018,3.267,0.657,0,I-O-Sb,,
Sb5IO7,1.95,consensus of 1 report,1,1.95,Zhuo 2018,3.254,1.304,0,I-O-Sb,2.46,3.497
Sb6Pb4Se13,0.65,consensus of 1 report,1,0.65,Zhuo 2018,0.629,-0.021,0,Pb-Sb-Se,,
Sb6Pb6Se17,0.8,consensus of 1 report,1,0.8,Zhuo 2018,0.607,-0.193,0,Pb-Sb-Se,,
Sb8I2O11,2.72,consensus of 1 report,1,2.72,Zhuo 2018,3.232,0.512,0,I-O-Sb,,
SbAs,1.6,consensus of 1 report,1,1.6,Zhuo 2018,0.614,-0.986,3,As-Sb,0.0,0.0
SbF3,4.3,Borlido 2019,1,4.3,Borlido 2019,4.928,0.628,3,F-Sb,4.532,6.09
SbI3,2.41,Borlido 2019,6,2.12; 2.22; 2.41; 2.41; 2.49; 2.5,Borlido 2019; Zhuo 2018,1.926,-0.484,2,I-Sb,2.003,2.524
SbOsS,1.2,consensus of 1 report,1,1.2,Zhuo 2018,1.39,0.19,2,Os-S-Sb,1.141,1.605
SbOsSe,0.4,consensus of 1 report,1,0.4,Zhuo 2018,0.772,0.372,2,Os-Sb-Se,1.063,1.538
SbPb2S2I3,2.0,consensus of 1 report,1,2,Zhuo 2018,1.746,-0.254,3,I-Pb-S-Sb,1.527,2.484
SbPbBrO2,2.67,consensus of 1 report,1,2.67,Zhuo 2018,2.776,0.106,1,Br-O-Pb-Sb,1.764,
SbPbIO2,2.48,consensus of 1 report,1,2.48,Zhuo 2018,2.04,-0.44,4,I-O-Pb-Sb,1.689,2.101
SbRuSe,0.9,consensus of 1 report,1,0.9,Zhuo 2018,0.52,-0.38,0,Ru-Sb-Se,0.792,1.204
SbSBr,2.27,Borlido 2019,4,2.17; 2.21; 2.22; 2.27,Borlido 2019; Zhuo 2018,2.366,0.096,4,Br-S-Sb,1.661,2.419
SbSI,1.88,Borlido 2019,11,1.82; 1.84; 1.85; 1.88; 1.92; 1.93; 1.95; 1.96; 1.97; 1.99; 2.02,Borlido 2019; Zhuo 2018,1.937,0.057,0,I-S-Sb,1.559,2.005
SbSeBr,1.855,consensus of 2 reports,2,1.84; 1.87,Zhuo 2018,1.821,-0.034,0,Br-Sb-Se,1.287,
SbSeI,1.7,Borlido 2019,5,1.63; 1.66; 1.68; 1.7; 1.91,Borlido 2019; Zhuo 2018,1.579,-0.121,4,I-Sb-Se,1.36,1.98
SbTeI,1.265,consensus of 2 reports,2,1.25; 1.28,Zhuo 2018,1.116,-0.149,1,I-Sb-Te,0.765,1.236
SbTeOs,0.05,consensus of 1 report,1,0.05,Zhuo 2018,0.386,0.336,3,Os-Sb-Te,0.853,1.214
SbTeRh,0.5,consensus of 1 report,1,0.5,Zhuo 2018,0.587,0.087,3,Rh-Sb-Te,0.416,
SbTeRu,0.5,consensus of 1 report,1,0.5,Zhuo 2018,0.468,-0.032,1,Ru-Sb-Te,0.6,0.853
Sc(CuSe)3,0.3,consensus of 1 report,1,0.3,Zhuo 2018,1.235,0.935,2,Cu-Sc-Se,0.83,
Sc2Fe,0.77,consensus of 1 report,1,0.77,Zhuo 2018,0.75,-0.02,1,Fe-Sc,0.0,0.0
Sc2O3,6.1,consensus of 2 reports,2,6; 6.2,Zhuo 2018,4.971,-1.129,1,O-Sc,3.832,5.086
Sc2S3,2.0,consensus of 1 report,1,2,Zhuo 2018,2.52,0.52,3,S-Sc,1.046,1.533
ScAg(PSe3)2,1.55,Borlido 2019,2,1.55; 1.55,Borlido 2019; Zhuo 2018,2.184,0.634,3,Ag-P-Sc-Se,1.481,1.888
ScAgO2,3.8,consensus of 1 report,1,3.8,Zhuo 2018,3.287,-0.513,3,Ag-O-Sc,2.214,3.059
ScCd,1.71,consensus of 1 report,1,1.71,Zhuo 2018,0.342,-1.368,3,Cd-Sc,0.0,0.0
ScCuO2,3.3,Borlido 2019,2,3.3; 3.3,Borlido 2019; Zhuo 2018,3.588,0.288,0,Cu-O-Sc,2.572,3.103
ScHg,0.24,consensus of 1 report,1,0.24,Zhuo 2018,1.122,0.882,2,Hg-Sc,0.0,0.0
ScN,0.9,Borlido 2019,2,0.9; 2.6,Borlido 2019; Zhuo 2018,1.315,0.415,3,N-Sc,0.02,0.736
ScNiSb,0.11,Borlido 2019,2,0.11; 0.11,Borlido 2019; Zhuo 2018,0.336,0.226,1,Ni-Sb-Sc,0.132,0.349
ScSbPd,0.23,Borlido 2019,2,0.23; 0.23,Borlido 2019; Zhuo 2018,0.426,0.196,1,Pd-Sb-Sc,0.288,0.39
ScTa2NO5,2.67,consensus of 1 report,1,2.67,Zhuo 2018,2.764,0.094,3,N-O-Sc-Ta,,
ScTiNbO6,3.58,consensus of 1 report,1,3.58,Zhuo 2018,3.273,-0.307,1,Nb-O-Sc-Ti,,
ScTlS2,1.51,Borlido 2019,2,1.51; 1.51,Borlido 2019; Zhuo 2018,1.33,-0.18,3,S-Sc-Tl,0.962,1.448
ScTlSe2,0.79,Borlido 2019,2,0.79; 0.79,Borlido 2019; Zhuo 2018,1.319,0.529,1,Sc-Se-Tl,0.596,1.166
ScTlTe2,0.85,Borlido 2019,2,0.85; 0.85,Borlido 2019; Zhuo 2018,0.628,-0.222,1,Sc-Te-Tl,0.034,0.468
SeS,1.9,consensus of 1 report,1,1.9,Zhuo 2018,1.083,-0.817,3,S-Se,0.0,0.0
Si,1.17,Borlido 2019 + curated literature,2,1.17; 1.17,Borlido 2019; curated literature,0.851,-0.319,0,Si,0.704,1.185
Si(Bi3O5)4,3.225,consensus of 2 reports,2,3.2; 3.25,Zhuo 2018,3.164,-0.061,3,Bi-O-Si,2.369,3.347
Si0.001Ge0.999,0.65,consensus of 1 report,1,0.65,Zhuo 2018,0.892,0.242,3,Ge-Si,,
Si0.03Ge0.97,0.67,consensus of 1 report,1,0.67,Zhuo 2018,0.907,0.237,3,Ge-Si,,
Si0.0645Ge0.9355,1.04,consensus of 1 report,1,1.04,Zhuo 2018,0.877,-0.163,3,Ge-Si,,
Si0.07Ge0.93,1.04,consensus of 1 report,1,1.04,Zhuo 2018,0.873,-0.167,3,Ge-Si,,
Si0.08Ge0.92,0.72,consensus of 1 report,1,0.72,Zhuo 2018,0.912,0.192,3,Ge-Si,,
Si0.109Ge0.891,1.13,consensus of 1 report,1,1.13,Zhuo 2018,0.902,-0.228,3,Ge-Si,,
Si0.12Ge0.88,0.84,consensus of 1 report,1,0.84,Zhuo 2018,0.933,0.093,3,Ge-Si,,
Si0.162Ge0.838,1.32,consensus of 1 report,1,1.32,Zhuo 2018,1.029,-0.291,3,Ge-Si,,
Si0.1Ge0.9,0.8,consensus of 1 report,1,0.8,Zhuo 2018,0.903,0.103,3,Ge-Si,,
Si0.226Ge0.774,1.5,consensus of 1 report,1,1.5,Zhuo 2018,1.001,-0.499,3,Ge-Si,,
Si0.2Ge0.8,0.86,consensus of 1 report,1,0.86,Zhuo 2018,0.981,0.121,3,Ge-Si,,
Si0.347Ge0.653,1.91,consensus of 1 report,1,1.91,Zhuo 2018,1.151,-0.759,3,Ge-Si,,
Si0.3Ge0.7,0.88,consensus of 1 report,1,0.88,Zhuo 2018,1.118,0.238,3,Ge-Si,,
Si0.458Ge0.542,2.24,consensus of 1 report,1,2.24,Zhuo 2018,1.176,-1.064,3,Ge-Si,,
Si0.4Ge0.6,0.9,consensus of 1 report,1,0.9,Zhuo 2018,1.163,0.263,3,Ge-Si,,
Si0.6Ge0.4,0.94,consensus of 1 report,1,0.94,Zhuo 2018,1.319,0.379,3,Ge-Si,,
Si0.7Ge0.3,1.0,consensus of 1 report,1,1,Zhuo 2018,1.256,0.256,3,Ge-Si,,
Si0.8Ge0.2,1.1,consensus of 1 report,1,1.1,Zhuo 2018,1.162,0.062,3,Ge-Si,,
Si0.94Ge0.06,1.06,consensus of 1 report,1,1.06,Zhuo 2018,1.061,0.001,3,Ge-Si,,
Si0.98Ge0.02,1.08,consensus of 1 report,1,1.08,Zhuo 2018,1.264,0.184,3,Ge-Si,,
Si0.999Ge0.001,1.09,consensus of 1 report,1,1.09,Zhuo 2018,1.256,0.166,3,Ge-Si,,
Si0.9Ge0.1,1.04,consensus of 1 report,1,1.04,Zhuo 2018,1.05,0.01,3,Ge-Si,,
Si15(TeP2)4,1.24,consensus of 1 report,1,1.24,Zhuo 2018,1.299,0.059,4,P-Si-Te,,
Si2Te3,2.095,consensus of 4 reports,4,2; 2.03; 2.16; 2.18,Zhuo 2018,1.019,-1.076,4,Si-Te,,
Si3N4,5.1,Borlido 2019,2,5.1; 5.1,Borlido 2019; Zhuo 2018,5.693,0.593,2,N-Si,4.282,5.481
Si3Ru2,0.57,consensus of 2 reports,2,0.44; 0.7,Zhuo 2018,0.767,0.197,1,Ru-Si,0.437,0.682
SiAs,1.45,Borlido 2019,4,1.45; 1.45; 1.48; 1.57,Borlido 2019; Zhuo 2018,1.778,0.328,0,As-Si,1.019,1.664
SiAs2,0.88,consensus of 1 report,1,0.88,Zhuo 2018,1.452,0.572,0,As-Si,0.872,1.594
SiB3,2.0,consensus of 1 report,1,2,Zhuo 2018,1.986,-0.014,2,B-Si,1.607,1.946
SiC,3.03,Borlido 2019,4,2.42; 2.86; 3.2; 3.33,Borlido 2019,2.894,-0.136,1,C-Si,2.013,2.891
SiGe,0.88,consensus of 1 report,1,0.88,Zhuo 2018,1.186,0.306,3,Ge-Si,0.548,1.085
SiO2,8.9,Borlido 2019,1,8.9,Borlido 2019,6.498,-2.402,1,O-Si,5.635,7.554
SiP,2.0,consensus of 1 report,1,2,Zhuo 2018,1.247,-0.753,1,P-Si,1.314,1.983
SiP2,1.89,Borlido 2019,2,1.89; 1.89,Borlido 2019; Zhuo 2018,0.902,-0.988,1,P-Si,1.194,1.618
SiSb,1.9,consensus of 1 report,1,1.9,Zhuo 2018,1.035,-0.865,2,Sb-Si,,
SiSe2,1.73,consensus of 3 reports,3,1.72; 1.73; 1.74,Zhuo 2018,2.624,0.894,2,Se-Si,1.691,2.619
SiSn,0.59,consensus of 1 report,2,0.59; 0.59,Zhuo 2018,1.092,0.502,3,Si-Sn,0.248,
Sm(CuS)3,1.82,consensus of 1 report,1,1.82,Zhuo 2018,1.587,-0.233,2,Cu-S-Sm,,
Sm(CuTe)3,0.23,consensus of 1 report,1,0.23,Zhuo 2018,0.462,0.232,3,Cu-Sm-Te,0.653,
Sm(ErSe2)3,2.0,consensus of 1 report,1,2,Zhuo 2018,1.798,-0.202,2,Er-Se-Sm,0.81,1.371
Sm(InS2)3,1.18,consensus of 1 report,1,1.18,Zhuo 2018,1.256,0.076,4,In-S-Sm,,
Sm1.82Lu2.18Se6,1.51,consensus of 1 report,1,1.51,Zhuo 2018,1.66,0.15,4,Lu-Se-Sm,,
Sm2(SnSe3)3,0.7,consensus of 1 report,1,0.7,Zhuo 2018,0.643,-0.057,4,Se-Sm-Sn,,
Sm2Mn3(SbS3)4,1.5,consensus of 1 report,1,1.5,Zhuo 2018,1.634,0.134,4,Mn-S-Sb-Sm,,
Sm2O3,5.0,consensus of 1 report,1,5,Zhuo 2018,4.043,-0.957,3,O-Sm,3.853,5.215
Sm2S3,2.98,consensus of 2 reports,2,2.96; 3,Zhuo 2018,2.04,-0.94,4,S-Sm,,
Sm2Sc3,2.3,consensus of 1 report,1,2.3,Zhuo 2018,0.5,-1.8,3,Sc-Sm,,
Sm2Se3,2.3,consensus of 1 report,1,2.3,Zhuo 2018,1.463,-0.837,4,Se-Sm,0.359,0.972
Sm2Te3,0.7,consensus of 1 report,1,0.7,Zhuo 2018,0.889,0.189,0,Sm-Te,,
Sm2ZrSe5,1.41,consensus of 1 report,1,1.41,Zhuo 2018,1.442,0.032,4,Se-Sm-Zr,,
Sm3Al0.33Si1S7,2.26,consensus of 1 report,1,2.26,Zhuo 2018,2.081,-0.179,2,Al-S-Si-Sm,,
Sm3B(SO)3,2.5,consensus of 1 report,1,2.5,Zhuo 2018,3.237,0.737,0,B-O-S-Sm,,
Sm3Te4,0.51,consensus of 1 report,1,0.51,Zhuo 2018,0.966,0.456,0,Sm-Te,0.0,
Sm4GaSbS9,2.23,consensus of 1 report,1,2.23,Zhuo 2018,2.273,0.043,1,Ga-S-Sb-Sm,,
Sm4InSbS9,2.13,consensus of 1 report,1,2.13,Zhuo 2018,2.044,-0.086,0,In-S-Sb-Sm,,
SmAs,1.03,consensus of 1 report,1,1.03,Zhuo 2018,0.84,-0.19,0,As-Sm,0.0,0.0
SmB(SbO4)2,3.54,consensus of 1 report,1,3.54,Zhuo 2018,3.368,-0.172,3,B-O-Sb-Sm,,
SmB6,3.5,consensus of 1 report,1,3.5,Zhuo 2018,4.324,0.824,3,B-Sm,0.0,
SmB66,0.8,consensus of 1 report,1,0.8,Zhuo 2018,1.228,0.428,3,B-Sm,,
SmBiW2O9,3.39,consensus of 1 report,1,3.39,Zhuo 2018,3.299,-0.091,2,Bi-O-Sm-W,,
SmCuSO,2.9,consensus of 1 report,1,2.9,Zhuo 2018,2.54,-0.36,4,Cu-O-S-Sm,,
SmCuSe2,2.1,consensus of 1 report,1,2.1,Zhuo 2018,1.445,-0.655,2,Cu-Se-Sm,0.839,
SmCuSeO,2.6,consensus of 1 report,1,2.6,Zhuo 2018,2.671,0.071,0,Cu-O-Se-Sm,1.474,2.345
SmP,1.09,consensus of 1 report,1,1.09,Zhuo 2018,1.33,0.24,0,P-Sm,0.0,0.0
SmS,2.3,consensus of 1 report,1,2.3,Zhuo 2018,1.618,-0.682,4,S-Sm,0.0,1.631
SmSb,0.59,consensus of 1 report,1,0.59,Zhuo 2018,0.763,0.173,3,Sb-Sm,0.0,0.0
SmSe,0.46,consensus of 1 report,1,0.46,Zhuo 2018,1.755,1.295,4,Se-Sm,0.0,
SmSnTe2,0.52,consensus of 1 report,1,0.52,Zhuo 2018,0.458,-0.062,4,Sm-Sn-Te,,
SmTe,0.35,consensus of 5 reports,5,0.22; 0.32; 0.35; 0.38; 0.62,Zhuo 2018,0.715,0.365,0,Sm-Te,0.0,0.72
Sn,0.09,Borlido 2019,1,0.09,Borlido 2019,0.419,0.329,1,Sn,0.0,0.0
Sn0.001Pb0.999Se1,0.28,consensus of 2 reports,2,0.24; 0.32,Zhuo 2018,0.324,0.044,1,Pb-Se-Sn,,
Sn0.001Te1Pb0.999,0.22,consensus of 4 reports,4,0.18; 0.21; 0.23; 0.32,Zhuo 2018,0.234,0.014,2,Pb-Sn-Te,,
Sn0.01Pb0.99Se1,0.22,consensus of 5 reports,5,0.16; 0.17; 0.22; 0.26; 0.31,Zhuo 2018,0.276,0.056,1,Pb-Se-Sn,,
Sn0.01Te1Pb0.99,0.23,consensus of 1 report,1,0.23,Zhuo 2018,0.254,0.024,2,Pb-Sn-Te,,
Sn0.03Pb0.97Se1,0.25,consensus of 2 reports,2,0.21; 0.29,Zhuo 2018,0.267,0.017,1,Pb-Se-Sn,,
Sn0.03Te1Pb0.97,0.255,consensus of 2 reports,2,0.21; 0.3,Zhuo 2018,0.255,-0.0,2,Pb-Sn-Te,,
Sn0.05Pb0.95Se1,0.19,consensus of 3 reports,3,0.12; 0.19; 0.22,Zhuo 2018,0.251,0.061,1,Pb-Se-Sn,,
Sn0.06Pb0.94Se1,0.19,consensus of 4 reports,5,0.14; 0.17; 0.19; 0.22; 0.22,Zhuo 2018,0.245,0.055,1,Pb-Se-Sn,,
Sn0.06Te1Pb0.94,0.28,consensus of 1 report,1,0.28,Zhuo 2018,0.227,-0.053,2,Pb-Sn-Te,,
Sn0.07Pb0.93Se1,0.08,consensus of 1 report,1,0.08,Zhuo 2018,0.239,0.159,1,Pb-Se-Sn,,
Sn0.08Pb0.92Se1,0.06,consensus of 1 report,1,0.06,Zhuo 2018,0.231,0.171,1,Pb-Se-Sn,,
Sn0.08Te0.08Pb0.92Se0.92,0.22,consensus of 1 report,1,0.22,Zhuo 2018,0.176,-0.044,0,Pb-Se-Sn-Te,,
Sn0.08Te1Pb0.92,0.145,consensus of 2 reports,2,0.13; 0.16,Zhuo 2018,0.234,0.089,2,Pb-Sn-Te,,
Sn0.13Pb0.87Se1,0.02,consensus of 1 report,1,0.02,Zhuo 2018,0.249,0.229,1,Pb-Se-Sn,,
Sn0.15Pb0.85Se1,0.14,consensus of 3 reports,3,0.13; 0.14; 0.22,Zhuo 2018,0.248,0.108,1,Pb-Se-Sn,,
Sn0.15Te0.15Pb0.85Se0.85,0.18,consensus of 1 report,1,0.18,Zhuo 2018,0.213,0.033,0,Pb-Se-Sn-Te,,
Sn0.15Te1Pb0.85,0.14,consensus of 4 reports,4,0.1; 0.13; 0.15; 0.23,Zhuo 2018,0.235,0.095,2,Pb-Sn-Te,,
Sn0.17Pb0.83Se1,0.04,consensus of 1 report,1,0.04,Zhuo 2018,0.246,0.206,1,Pb-Se-Sn,,
Sn0.17Te1Pb0.83,0.15,consensus of 1 report,1,0.15,Zhuo 2018,0.216,0.066,2,Pb-Sn-Te,,
Sn0.1Pb0.9Se1,0.145,consensus of 4 reports,4,0.08; 0.12; 0.17; 0.24,Zhuo 2018,0.244,0.099,1,Pb-Se-Sn,,
Sn0.1Te1Pb0.9,0.16,consensus of 1 report,1,0.16,Zhuo 2018,0.236,0.076,2,Pb-Sn-Te,,
Sn0.23Te1Pb0.77,0.04,consensus of 1 report,1,0.04,Zhuo 2018,0.216,0.176,2,Pb-Sn-Te,,
Sn0.25Pb0.75Se1,0.04,consensus of 1 report,1,0.04,Zhuo 2018,0.237,0.197,1,Pb-Se-Sn,,
Sn0.25Te1Pb0.75,0.04,consensus of 1 report,1,0.04,Zhuo 2018,0.221,0.181,2,Pb-Sn-Te,,
Sn0.28Te0.28Pb0.72Se0.72,0.12,consensus of 1 report,1,0.12,Zhuo 2018,0.226,0.106,0,Pb-Se-Sn-Te,,
Sn0.2Pb0.8Se1,0.06,consensus of 2 reports,3,0.06; 0.06; 0.08,Zhuo 2018,0.238,0.178,1,Pb-Se-Sn,,
Sn0.2Te0.2Pb0.8Se0.8,0.14,consensus of 1 report,1,0.14,Zhuo 2018,0.192,0.052,0,Pb-Se-Sn-Te,,
Sn0.2Te1Pb0.8,0.095,consensus of 2 reports,2,0.08; 0.11,Zhuo 2018,0.214,0.119,2,Pb-Sn-Te,,
Sn0.35Te0.35Pb0.65Se0.65,0.09,consensus of 1 report,1,0.09,Zhuo 2018,0.374,0.284,0,Pb-Se-Sn-Te,,
Sn0.99Te1Pb0.01,0.28,consensus of 2 reports,2,0.26; 0.3,Zhuo 2018,0.425,0.145,2,Pb-Sn-Te,,
Sn1Se0.01S0.99,1.095,consensus of 2 reports,2,1.08; 1.11,Zhuo 2018,1.368,0.273,3,S-Se-Sn,,
Sn1Se0.2S0.8,1.05,consensus of 2 reports,2,1.03; 1.07,Zhuo 2018,1.198,0.148,3,S-Se-Sn,,
Sn1Se0.6S0.4,1.0,consensus of 2 reports,2,0.98; 1.02,Zhuo 2018,1.046,0.046,3,S-Se-Sn,,
Sn1Se0.75S0.25,0.965,consensus of 2 reports,2,0.94; 0.99,Zhuo 2018,0.973,0.008,3,S-Se-Sn,,
Sn1Se0.99S0.01,0.92,consensus of 2 reports,2,0.89; 0.95,Zhuo 2018,0.865,-0.055,3,S-Se-Sn,,
Sn2BiS2I3,1.06,consensus of 2 reports,2,0.9; 1.22,Zhuo 2018,1.476,0.416,2,Bi-I-S-Sn,,
Sn2BiSI5,1.32,consensus of 1 report,1,1.32,Zhuo 2018,1.579,0.259,2,Bi-I-S-Sn,,
Sn2S,0.9,consensus of 2 reports,2,0.85; 0.95,Zhuo 2018,0.941,0.041,3,S-Sn,,
Sn2SbS2I3,1.5,Borlido 2019,2,1.5; 1.5,Borlido 2019; Zhuo 2018,1.503,0.003,0,I-S-Sb-Sn,0.745,1.148
Sn2WO5,2.6,consensus of 1 report,1,2.6,Zhuo 2018,3.308,0.708,1,O-Sn-W,,
Sn3As2,0.47,consensus of 1 report,1,0.47,Zhuo 2018,0.397,-0.073,2,As-Sn,,
Sn3Ir2Se3,0.43,consensus of 1 report,1,0.43,Zhuo 2018,0.377,-0.053,3,Ir-Se-Sn,0.376,0.978
Sn3WO6,2.49,consensus of 1 report,1,2.49,Zhuo 2018,3.123,0.633,1,O-Sn-W,1.902,2.749
SnBr2,3.45,Borlido 2019,3,3.4; 3.45; 3.5,Borlido 2019; Zhuo 2018,2.822,-0.628,4,Br-Sn,2.442,3.271
SnCl2,3.8,Borlido 2019,2,3.8; 3.9,Borlido 2019; Zhuo 2018,5.08,1.28,1,Cl-Sn,3.11,4.059
SnGe,0.8,consensus of 2 reports,3,0.4; 0.8; 0.8,Zhuo 2018,0.549,-0.251,1,Ge-Sn,,
SnGeS3,2.23,consensus of 1 report,1,2.23,Zhuo 2018,1.94,-0.29,2,Ge-S-Sn,1.227,2.038
SnH5CBr3N2,2.63,curated literature,1,2.63,curated literature,1.774,-0.856,2,Br-C-H-N-Sn,0.567,1.002
SnH5CI3N2,1.24,curated literature,1,1.24,curated literature,1.334,0.094,0,C-H-I-N-Sn,0.633,0.985
SnH5CN2Cl3,3.55,curated literature,1,3.55,curated literature,2.851,-0.699,3,C-Cl-H-N-Sn,1.702,2.296
SnH6CBr3N,2.13,curated literature,1,2.13,curated literature,1.774,-0.356,2,Br-C-H-N-Sn,0.567,1.002
SnH6CI3N,1.24,curated literature,1,1.24,curated literature,1.334,0.094,0,C-H-I-N-Sn,0.633,0.985
SnH6CNCl3,3.5,curated literature,1,3.5,curated literature,2.851,-0.649,3,C-Cl-H-N-Sn,1.702,2.296
SnHgO3,1.6,Borlido 2019,2,1.6; 1.6,Borlido 2019; Zhuo 2018,2.188,0.588,3,Hg-O-Sn,0.0,1.163
SnI2,2.4,consensus of 1 report,1,2.4,Zhuo 2018,1.592,-0.808,4,I-Sn,1.482,1.865
SnI4,2.38,consensus of 1 report,1,2.38,Zhuo 2018,1.784,-0.596,4,I-Sn,1.61,2.577
SnO,3.0,consensus of 1 report,1,3,Zhuo 2018,2.223,-0.777,0,O-Sn,0.507,1.06
SnO2,3.6,Borlido 2019,2,3.6; 3.6,Borlido 2019; Zhuo 2018,2.861,-0.739,0,O-Sn,0.845,2.423
SnPbS3,0.975,consensus of 2 reports,2,0.9; 1.05,Zhuo 2018,1.572,0.597,3,Pb-S-Sn,0.928,1.621
SnS,1.23,Borlido 2019,12,1.07; 1.08; 1.09; 1.1; 1.18; 1.2; 1.22; 1.23; 1.25; 1.26; 1.3; 1.42,Borlido 2019; Zhuo 2018,1.519,0.289,3,S-Sn,0.507,0.903
SnS2,2.48,Borlido 2019,2,2.43; 2.48,Borlido 2019; Zhuo 2018,2.083,-0.397,3,S-Sn,1.365,2.235
SnSe,0.9,Borlido 2019,10,0.88; 0.9; 0.9; 0.9; 0.91; 0.94; 0.95; 0.95; 1.2; 1.3,Borlido 2019; Zhuo 2018,0.79,-0.11,0,Se-Sn,0.302,0.798
SnSe2,0.97,Borlido 2019,2,0.97; 1.62,Borlido 2019; Zhuo 2018,1.387,0.417,0,Se-Sn,0.471,1.204
SnTe,0.36,Borlido 2019,4,0.3; 0.33; 0.36; 0.36,Borlido 2019; Zhuo 2018,0.28,-0.08,3,Sn-Te,0.185,0.377
Sr(CuO)2,3.3,Borlido 2019,1,3.3,Borlido 2019,2.587,-0.713,1,Cu-O-Sr,2.044,3.161
Sr(LaS2)2,2.85,consensus of 1 report,1,2.85,Zhuo 2018,2.715,-0.135,1,La-S-Sr,2.249,
Sr(NdS2)2,2.45,consensus of 1 report,1,2.45,Zhuo 2018,2.719,0.269,4,Nd-S-Sr,2.127,2.748
Sr(PrS2)2,2.7,consensus of 1 report,1,2.7,Zhuo 2018,2.934,0.234,2,Pr-S-Sr,2.123,2.818
Sr0.5Ta1O3,3.7,consensus of 1 report,1,3.7,Zhuo 2018,2.746,-0.954,2,O-Sr-Ta,,
Sr2Be2B2O7,8.0,consensus of 1 report,1,8,Zhuo 2018,5.673,-2.327,3,B-Be-O-Sr,4.172,
Sr2La2.58Bi5.42S14,1.0,consensus of 1 report,1,1,Zhuo 2018,1.27,0.27,2,Bi-La-S-Sr,,
Sr2La2Pt1O7.13,2.52,consensus of 1 report,1,2.52,Zhuo 2018,2.597,0.077,2,La-O-Pt-Sr,,
Sr2PbO4,1.75,Borlido 2019,1,1.75,Borlido 2019,2.879,1.129,4,O-Pb-Sr,1.387,2.392
Sr2Pr2Pt1O7.07,3.05,consensus of 1 report,1,3.05,Zhuo 2018,2.283,-0.767,1,O-Pr-Pt-Sr,,
Sr2ScSbO6,3.57,consensus of 1 report,1,3.57,Zhuo 2018,4.77,1.2,0,O-Sb-Sc-Sr,3.488,5.225
Sr2SmTaO6,3.38,consensus of 1 report,1,3.38,Zhuo 2018,3.768,0.388,2,O-Sm-Sr-Ta,3.811,
Sr2TiO4,3.41,Borlido 2019,2,3.41; 3.41,Borlido 2019; Zhuo 2018,3.238,-0.172,1,O-Sr-Ti,1.906,3.226
Sr2V2(SeO5)3,2.96,consensus of 1 report,1,2.96,Zhuo 2018,2.747,-0.213,3,O-Se-Sr-V,,
Sr2V3Se5O18,2.47,consensus of 1 report,1,2.47,Zhuo 2018,3.062,0.592,3,O-Se-Sr-V,,
Sr3Bi(PO4)3,4.0,consensus of 1 report,1,4,Zhuo 2018,4.11,0.11,1,Bi-O-P-Sr,,
Sr3BiN,0.89,Borlido 2019,1,0.89,Borlido 2019,0.978,0.088,4,Bi-N-Sr,0.273,0.898
Sr3Eu(PO4)3,3.99,consensus of 1 report,1,3.99,Zhuo 2018,5.105,1.115,3,Eu-O-P-Sr,,
Sr3Ge(SbSe4)2,0.75,consensus of 1 report,1,0.75,Zhuo 2018,1.676,0.926,0,Ge-Sb-Se-Sr,,
Sr3SbN,1.15,Borlido 2019,1,1.15,Borlido 2019,1.107,-0.043,3,N-Sb-Sr,0.267,0.844
Sr3Se3ClO8,4.4,consensus of 1 report,1,4.4,Zhuo 2018,3.163,-1.237,1,Cl-O-Se-Sr,,
Sr3Ti2O7,3.26,Borlido 2019,2,3.26; 3.26,Borlido 2019; Zhuo 2018,3.335,0.075,1,O-Sr-Ti,1.885,
Sr4Ga8Ge15,0.05,consensus of 1 report,1,0.05,Zhuo 2018,0.494,0.444,2,Ga-Ge-Sr,,
Sr4Te3(ClO2)4,4.0,consensus of 1 report,1,4,Zhuo 2018,3.544,-0.456,1,Cl-O-Sr-Te,,
Sr4V2(Se2O7)3,2.66,consensus of 1 report,1,2.66,Zhuo 2018,3.494,0.834,3,O-Se-Sr-V,,
Sr5V3O12F,4.5,consensus of 1 report,1,4.5,Zhuo 2018,3.971,-0.529,2,F-O-Sr-V,,
Sr8.007Ge2.043Bi7.949Se24,0.74,consensus of 1 report,1,0.74,Zhuo 2018,1.076,0.336,4,Bi-Ge-Se-Sr,,
SrB6,3.68,consensus of 1 report,1,3.68,Zhuo 2018,1.803,-1.877,4,B-Sr,0.016,0.365
SrBiClO2,3.52,Borlido 2019,2,3.52; 3.52,Borlido 2019; Zhuo 2018,3.631,0.111,3,Bi-Cl-O-Sr,3.45,4.861
SrCl2,7.5,Borlido 2019,1,7.5,Borlido 2019,7.874,0.374,0,Cl-Sr,5.498,7.626
SrCrO4,2.45,Borlido 2019,2,2.45; 2.45,Borlido 2019; Zhuo 2018,3.207,0.757,1,Cr-O-Sr,2.658,3.969
SrF2,9.6,Borlido 2019,1,9.6,Borlido 2019,10.383,0.783,3,F-Sr,7.072,9.069
SrGe2,0.82,Borlido 2019,2,0.82; 0.9,Borlido 2019; Zhuo 2018,0.634,-0.186,4,Ge-Sr,0.353,0.733
SrIn2(GeIr)4,0.25,consensus of 1 report,1,0.25,Zhuo 2018,0.274,0.024,0,Ge-In-Ir-Sr,,
SrLi4(BO3)2,6.67,consensus of 1 report,1,6.67,Zhuo 2018,5.171,-1.499,3,B-Li-O-Sr,,
SrMgSnSe4,2.0,consensus of 1 report,1,2,Zhuo 2018,1.894,-0.106,4,Mg-Se-Sn-Sr,,
SrMoO4,3.98,Borlido 2019,1,3.98,Borlido 2019,4.183,0.203,0,Mo-O-Sr,3.704,4.273
SrO,6.1,Borlido 2019,3,5.7; 5.77; 6.1,Borlido 2019; Zhuo 2018,7.236,1.136,1,O-Sr,3.281,4.771
SrPb3Br8,3.2,consensus of 1 report,1,3.2,Zhuo 2018,2.218,-0.982,4,Br-Pb-Sr,,
SrPbO3,1.78,Borlido 2019,2,1.78; 1.78,Borlido 2019; Zhuo 2018,2.491,0.711,4,O-Pb-Sr,0.78,0.665
SrS,4.32,Borlido 2019,3,4.32; 4.76; 4.8,Borlido 2019; Zhuo 2018,4.164,-0.156,3,S-Sr,2.509,3.459
SrSe,3.81,Borlido 2019,2,3.81; 4.42,Borlido 2019; Zhuo 2018,3.549,-0.261,1,Se-Sr,2.22,3.111
SrSeO4,4.75,Borlido 2019,2,4.75; 4.75,Borlido 2019; Zhuo 2018,4.565,-0.185,4,O-Se-Sr,3.751,5.163
SrSnO3,4.1,Borlido 2019,2,4.1; 4.1,Borlido 2019; Zhuo 2018,3.271,-0.829,1,O-Sn-Sr,1.782,3.101
SrTaNO2,1.99,Borlido 2019,2,1.99; 1.99,Borlido 2019; Zhuo 2018,2.169,0.179,0,N-O-Sr-Ta,1.101,1.87
SrTe,3.75,consensus of 2 reports,2,3.73; 3.77,Zhuo 2018,3.641,-0.109,0,Sr-Te,1.691,2.31
SrTiO3,3.25,Borlido 2019,5,3; 3.15; 3.25; 3.4; 4.1,Borlido 2019; Zhuo 2018,3.41,0.16,1,O-Sr-Ti,1.833,2.732
SrZnSO,3.1,consensus of 1 report,1,3.1,Zhuo 2018,3.617,0.517,3,O-S-Sr-Zn,,
SrZrS3,1.0,Borlido 2019,3,0.8; 1; 1,Borlido 2019; Zhuo 2018,2.128,1.128,3,S-Sr-Zr,1.217,1.677
Ta11(CuO15)2,2.59,consensus of 1 report,1,2.59,Zhuo 2018,2.214,-0.376,0,Cu-O-Ta,,
Ta11(CuO6)5,2.58,consensus of 1 report,1,2.58,Zhuo 2018,1.591,-0.989,0,Cu-O-Ta,,
Ta2Mn3O8,1.89,consensus of 1 report,1,1.89,Zhuo 2018,2.452,0.562,3,Mn-O-Ta,,
Ta2O5,4.2,consensus of 1 report,1,4.2,Zhuo 2018,3.188,-1.012,4,O-Ta,2.911,4.115
Ta2Tl4S11,1.26,consensus of 1 report,1,1.26,Zhuo 2018,1.718,0.458,3,S-Ta-Tl,0.977,0.795
Ta4Cu2O11,2.65,consensus of 2 reports,2,2.6; 2.7,Zhuo 2018,1.567,-1.083,0,Cu-O-Ta,,
Ta7Cu3O19,2.47,consensus of 1 report,1,2.47,Zhuo 2018,1.628,-0.842,0,Cu-O-Ta,,
TaCu3S4,3.0,consensus of 1 report,1,3,Zhuo 2018,2.409,-0.591,1,Cu-S-Ta,2.095,2.531
TaCuN2,1.5,Borlido 2019,1,1.5,Borlido 2019,1.744,0.244,2,Cu-N-Ta,0.64,1.186
TaGaS2,2.495,consensus of 6 reports,6,2.4; 2.45; 2.46; 2.53; 2.54; 2.56,Zhuo 2018,2.008,-0.487,2,Ga-S-Ta,,
TaGaSe2,2.15,consensus of 5 reports,5,2.03; 2.12; 2.15; 2.17; 2.23,Zhuo 2018,1.197,-0.953,0,Ga-Se-Ta,,
TaNO,2.4,Borlido 2019,3,2.4; 2.4; 2.8,Borlido 2019; Zhuo 2018,2.012,-0.388,0,N-O-Ta,2.087,3.128
TaTl3S4,2.44,consensus of 2 reports,2,2.18; 2.7,Zhuo 2018,2.034,-0.406,3,S-Ta-Tl,2.589,3.239
TaTlS3,0.78,Borlido 2019,2,0.78; 0.78,Borlido 2019; Zhuo 2018,1.262,0.482,3,S-Ta-Tl,0.493,1.002
Tb(CuSe)3,0.16,consensus of 1 report,1,0.16,Zhuo 2018,0.278,0.118,4,Cu-Se-Tb,1.019,
Tb(CuTe)3,0.46,consensus of 1 report,1,0.46,Zhuo 2018,0.362,-0.098,4,Cu-Tb-Te,,
Tb(InS2)3,1.2,consensus of 1 report,1,1.2,Zhuo 2018,1.278,0.078,4,In-S-Tb,,
Tb0.52Pr2.48Ga1.67S7,2.61,consensus of 1 report,1,2.61,Zhuo 2018,2.106,-0.504,3,Ga-Pr-S-Tb,,
Tb2(MoO4)3,1.505,consensus of 2 reports,2,1.41; 1.6,Zhuo 2018,2.583,1.078,3,Mo-O-Tb,,
Tb2EuSe4,2.0,consensus of 1 report,1,2,Zhuo 2018,1.579,-0.421,3,Eu-Se-Tb,,
Tb2GeS5,2.1,consensus of 1 report,1,2.1,Zhuo 2018,2.069,-0.031,3,Ge-S-Tb,,
Tb2O3,3.0,consensus of 1 report,1,3,Zhuo 2018,5.388,2.388,0,O-Tb,4.03,5.619
Tb4Al2O9,4.59,consensus of 1 report,1,4.59,Zhuo 2018,3.58,-1.01,4,Al-O-Tb,,
Tb4GaSbS9,2.44,consensus of 1 report,1,2.44,Zhuo 2018,2.267,-0.173,3,Ga-S-Sb-Tb,,
TbB(SbO4)2,3.53,consensus of 1 report,1,3.53,Zhuo 2018,3.39,-0.14,3,B-O-Sb-Tb,,
TbWClO4,4.24,consensus of 1 report,1,4.24,Zhuo 2018,2.886,-1.354,4,Cl-O-Tb-W,,
Te0.01Pb1Se0.99,0.26,consensus of 1 report,1,0.26,Zhuo 2018,0.225,-0.035,3,Pb-Se-Te,,
Te0.05Pb1Se0.95,0.26,consensus of 1 report,1,0.26,Zhuo 2018,0.204,-0.056,3,Pb-Se-Te,,
Te0.4Se0.6,1.2,consensus of 1 report,1,1.2,Zhuo 2018,1.09,-0.11,3,Se-Te,,
Te0.5Pb1Se0.5,0.29,consensus of 1 report,1,0.29,Zhuo 2018,0.19,-0.1,3,Pb-Se-Te,,
Te0.5Se0.5,1.0,consensus of 1 report,1,1,Zhuo 2018,1.057,0.057,3,Se-Te,,
Te0.6Se0.4,0.7,consensus of 1 report,1,0.7,Zhuo 2018,0.926,0.226,3,Se-Te,,
Te0.8Se0.2,0.4,consensus of 1 report,1,0.4,Zhuo 2018,0.818,0.418,3,Se-Te,,
Te0.99Pb1Se0.01,0.3,consensus of 1 report,1,0.3,Zhuo 2018,0.234,-0.066,3,Pb-Se-Te,,
Te2Mo,1.03,Borlido 2019,4,1.03; 1.08; 1.1; 1.2,Borlido 2019; Zhuo 2018,0.607,-0.423,4,Mo-Te,0.776,1.055
Te2Os,0.3,consensus of 1 report,1,0.3,Zhuo 2018,0.336,0.036,3,Os-Te,0.0,
Te2Pd,1.8,consensus of 1 report,1,1.8,Zhuo 2018,0.322,-1.478,4,Pd-Te,0.0,0.0
Te2Ru,0.49,Borlido 2019,2,0.25; 0.49,Borlido 2019; Zhuo 2018,0.548,0.058,3,Ru-Te,0.225,0.567
Te3As2,0.9,Borlido 2019,9,0.9; 1.59; 1.62; 1.63; 1.64; 1.68; 1.72; 1.75; 1.76,Borlido 2019; Zhuo 2018,0.871,-0.029,2,As-Te,0.328,0.503
TeAs,0.74,consensus of 1 report,1,0.74,Zhuo 2018,0.857,0.117,2,As-Te,0.0,
TeI,1.1,consensus of 1 report,1,1.1,Zhuo 2018,1.618,0.518,3,I-Te,0.732,1.41
TeI4,1.1,consensus of 1 report,1,1.1,Zhuo 2018,2.269,1.169,3,I-Te,1.719,2.533
TeO2,3.455,Borlido 2019,3,3; 3.41; 3.5,Borlido 2019; Zhuo 2018,3.852,0.397,1,O-Te,2.812,3.964
TePb,0.19,Borlido 2019,19,0.19; 0.19; 0.19; 0.19; 0.19; 0.19; 0.21; 0.22; 0.22; 0.25; 0.29; 0.3; 0.31; 0.31; 0.32; 0.33; 0.34; 0.36; 0.62,Borlido 2019; Zhuo 2018,0.212,0.022,4,Pb-Te,0.827,1.204
TePb3Cl4O3,3.79,consensus of 1 report,1,3.79,Zhuo 2018,2.721,-1.069,1,Cl-O-Pb-Te,,
TeSe,1.58,consensus of 1 report,1,1.58,Zhuo 2018,1.002,-0.578,3,Se-Te,0.413,1.059
TeSe3,1.87,consensus of 2 reports,3,1.4; 1.87; 1.87,Zhuo 2018,1.196,-0.674,3,Se-Te,,
Ti(Bi3O5)4,3.09,consensus of 1 report,1,3.09,Zhuo 2018,2.843,-0.247,2,Bi-O-Ti,2.281,3.34
Ti1C0.9,0.3,consensus of 1 report,1,0.3,Zhuo 2018,1.337,1.037,2,C-Ti,,
Ti6H2O13,3.4,consensus of 1 report,1,3.4,Zhuo 2018,3.415,0.015,4,H-O-Ti,2.786,4.088
TiBi25O39,3.1,consensus of 1 report,1,3.1,Zhuo 2018,2.325,-0.775,2,Bi-O-Ti,,
TiCoSb,0.95,consensus of 1 report,1,0.95,Zhuo 2018,0.562,-0.388,1,Co-Sb-Ti,1.01,1.235
TiFe2Si,0.4,consensus of 1 report,1,0.4,Zhuo 2018,0.468,0.068,4,Fe-Si-Ti,0.286,
TiNiSb,0.42,consensus of 1 report,1,0.42,Zhuo 2018,0.429,0.009,1,Ni-Sb-Ti,0.0,0.292
TiO2,3.165,Borlido 2019,3,3.03; 3.3; 3.3,Borlido 2019; Zhuo 2018,3.034,-0.131,0,O-Ti,2.233,3.017
TiS2,1.95,consensus of 1 report,1,1.95,Zhuo 2018,1.503,-0.447,0,S-Ti,0.0,0.084
TiS3,0.9,consensus of 1 report,1,0.9,Zhuo 2018,1.644,0.744,0,S-Ti,0.245,2.176
TiSe2,1.55,consensus of 1 report,1,1.55,Zhuo 2018,1.258,-0.292,0,Se-Ti,0.0,0.0
TiTe2,1.0,consensus of 1 report,1,1,Zhuo 2018,0.896,-0.104,2,Te-Ti,0.0,0.0
TiTlPS5,1.3,Borlido 2019,2,1.3; 1.3,Borlido 2019; Zhuo 2018,1.959,0.659,3,P-S-Ti-Tl,1.035,2.042
TiTlS2,1.0,consensus of 1 report,1,1,Zhuo 2018,1.372,0.372,0,S-Ti-Tl,,
TiTlSe2,0.56,consensus of 1 report,1,0.56,Zhuo 2018,1.005,0.445,3,Se-Ti-Tl,0.0,
Tl0.001Te1Pb0.999,0.3,consensus of 1 report,1,0.3,Zhuo 2018,0.44,0.14,1,Pb-Te-Tl,,
Tl0.005Te1Pb0.995,0.48,consensus of 1 report,1,0.48,Zhuo 2018,0.464,-0.016,1,Pb-Te-Tl,,
Tl0.01Te1Pb0.99,0.59,consensus of 1 report,1,0.59,Zhuo 2018,0.452,-0.138,1,Pb-Te-Tl,,
Tl0.04Te1Pb0.96,0.57,consensus of 1 report,1,0.57,Zhuo 2018,0.434,-0.136,1,Pb-Te-Tl,,
Tl0.07Te1Pb0.93,0.54,consensus of 1 report,1,0.54,Zhuo 2018,0.428,-0.112,1,Pb-Te-Tl,,
Tl2.35Sb8.65Se14,0.6,consensus of 1 report,1,0.6,Zhuo 2018,0.632,0.032,0,Sb-Se-Tl,,
Tl2BiP2S7,1.8,consensus of 1 report,1,1.8,Zhuo 2018,1.759,-0.041,3,Bi-P-S-Tl,,
Tl2Cu2SnS4,1.4,Borlido 2019,2,1.4; 1.4,Borlido 2019; Zhuo 2018,1.284,-0.116,4,Cu-S-Sn-Tl,0.489,1.111
Tl2GeTe3,0.365,consensus of 2 reports,2,0.36; 0.37,Zhuo 2018,0.692,0.327,4,Ge-Te-Tl,,
Tl2Hg3S4,2.05,consensus of 1 report,1,2.05,Zhuo 2018,1.577,-0.473,1,Hg-S-Tl,1.422,2.241
Tl2Hg3Se4,1.57,consensus of 1 report,1,1.57,Zhuo 2018,1.537,-0.033,0,Hg-Se-Tl,1.005,1.856
Tl2Hg3Te4,0.9,consensus of 1 report,1,0.9,Zhuo 2018,0.474,-0.426,3,Hg-Te-Tl,0.483,
Tl2InGaSe4,2.05,consensus of 1 report,1,2.05,Zhuo 2018,1.369,-0.681,4,Ga-In-Se-Tl,,
Tl2InGaTe4,0.88,consensus of 1 report,1,0.88,Zhuo 2018,0.954,0.074,1,Ga-In-Te-Tl,,
Tl2O3,2.25,consensus of 1 report,1,2.25,Zhuo 2018,2.599,0.349,4,O-Tl,0.0,1.409
Tl2PAuS4,2.2,Borlido 2019,2,2.2; 2.2,Borlido 2019; Zhuo 2018,2.221,0.021,2,Au-P-S-Tl,1.108,1.948
Tl2S,1.0,consensus of 1 report,1,1,Zhuo 2018,0.776,-0.224,2,S-Tl,0.974,1.081
Tl2Se,0.37,consensus of 1 report,1,0.37,Zhuo 2018,0.539,0.169,4,Se-Tl,0.0,0.0
Tl2Te3,0.6,consensus of 4 reports,4,0.48; 0.51; 0.69; 0.7,Zhuo 2018,0.603,0.003,1,Te-Tl,0.593,1.021
Tl2Te3As2Se,0.67,consensus of 1 report,1,0.67,Zhuo 2018,0.338,-0.332,3,As-Se-Te-Tl,,
Tl2TeBr6,2.06,Borlido 2019,2,2.06; 2.06,Borlido 2019; Zhuo 2018,2.891,0.831,4,Br-Te-Tl,2.095,2.686
Tl2TeI6,1.47,Borlido 2019,3,1.47; 1.47; 1.5,Borlido 2019; Zhuo 2018,1.92,0.45,4,I-Te-Tl,1.524,2.073
Tl2TeS3,1.6,Borlido 2019,2,1.6; 1.6,Borlido 2019; Zhuo 2018,1.505,-0.095,2,S-Te-Tl,1.254,1.883
Tl3AsSe3,1.3,Borlido 2019,2,1.3; 1.3,Borlido 2019; Zhuo 2018,0.59,-0.71,3,As-Se-Tl,0.688,1.297
Tl3VS4,1.76,consensus of 3 reports,3,1.7; 1.76; 1.97,Zhuo 2018,1.712,-0.048,2,S-Tl-V,2.011,2.255
Tl4CdI6,2.8,Borlido 2019,2,2.8; 2.8,Borlido 2019; Zhuo 2018,2.715,-0.085,3,Cd-I-Tl,2.012,2.764
Tl4CuTeO6,2.2,consensus of 1 report,1,2.2,Zhuo 2018,1.709,-0.491,3,Cu-O-Te-Tl,0.918,2.446
Tl4In3GaS8,2.63,consensus of 1 report,1,2.63,Zhuo 2018,2.153,-0.477,0,Ga-In-S-Tl,,
Tl6Cu(TeO5)2,2.3,consensus of 1 report,1,2.3,Zhuo 2018,2.461,0.161,3,Cu-O-Te-Tl,,
TlAgSe2,0.72,consensus of 1 report,1,0.72,Zhuo 2018,0.946,0.226,3,Ag-Se-Tl,,
TlAgTe2,0.1,consensus of 1 report,1,0.1,Zhuo 2018,0.692,0.592,4,Ag-Te-Tl,0.0,
TlAsS2,2.185,consensus of 2 reports,2,2.15; 2.22,Zhuo 2018,2.173,-0.012,1,As-S-Tl,1.558,2.213
TlAsSe2,1.375,consensus of 2 reports,2,1.35; 1.4,Zhuo 2018,0.729,-0.646,3,As-Se-Tl,,
TlBiTe2,0.12,consensus of 1 report,1,0.12,Zhuo 2018,0.271,0.151,0,Bi-Te-Tl,0.228,0.706
TlBiTe3,0.5,consensus of 1 report,1,0.5,Zhuo 2018,0.261,-0.239,0,Bi-Te-Tl,,
TlBr,2.66,Borlido 2019,17,2.63; 2.64; 2.64; 2.65; 2.66; 2.67; 3.01; 3.02; 3.02; 3.05; 3.07; 3.1; 3.12; 3.24; 3.3; 3.3; 3.4,Borlido 2019; Zhuo 2018,2.62,-0.04,2,Br-Tl,2.045,2.824
TlCdS2,1.5,consensus of 1 report,1,1.5,Zhuo 2018,1.69,0.19,2,Cd-S-Tl,0.0,0.0
TlCl,3.23,Borlido 2019,12,3.2; 3.2; 3.21; 3.23; 3.23; 3.23; 3.46; 3.47; 3.5; 3.56; 3.75; 3.8,Borlido 2019; Zhuo 2018,2.623,-0.607,3,Cl-Tl,2.442,3.281
TlCr5(Se3S)2,0.75,consensus of 1 report,1,0.75,Zhuo 2018,1.366,0.616,2,Cr-S-Se-Tl,,
TlCr5(SeS)4,0.85,consensus of 1 report,1,0.85,Zhuo 2018,1.462,0.612,2,Cr-S-Se-Tl,,
TlCr5(SeS3)2,0.94,consensus of 1 report,1,0.94,Zhuo 2018,1.607,0.667,2,Cr-S-Se-Tl,,
TlCr5S8,1.01,consensus of 1 report,1,1.01,Zhuo 2018,1.047,0.037,3,Cr-S-Tl,0.379,1.331
TlCr5Se3S5,0.89,consensus of 1 report,1,0.89,Zhuo 2018,1.602,0.712,2,Cr-S-Se-Tl,,
TlCr5Se5S3,0.8,consensus of 1 report,1,0.8,Zhuo 2018,1.349,0.549,2,Cr-S-Se-Tl,,
TlCr5Se7S,0.71,consensus of 1 report,1,0.71,Zhuo 2018,1.4,0.69,2,Cr-S-Se-Tl,,
TlCr5Se8,0.67,consensus of 1 report,1,0.67,Zhuo 2018,0.862,0.192,4,Cr-Se-Tl,0.01,1.029
TlCr5SeS7,0.97,consensus of 1 report,1,0.97,Zhuo 2018,1.531,0.561,2,Cr-S-Se-Tl,,
TlCuCl3,2.98,consensus of 1 report,1,2.98,Zhuo 2018,1.735,-1.245,2,Cl-Cu-Tl,0.0,0.87
TlCuSe2,1.07,consensus of 1 report,1,1.07,Zhuo 2018,0.949,-0.121,3,Cu-Se-Tl,0.0,
TlGaS2,3.4,consensus of 1 report,1,3.4,Zhuo 2018,2.774,-0.626,3,Ga-S-Tl,1.774,2.421
TlGaSe2,1.65,consensus of 1 report,1,1.65,Zhuo 2018,1.782,0.132,4,Ga-Se-Tl,0.88,1.522
TlGaTe2,1.2,Borlido 2019,2,1.2; 1.8,Borlido 2019; Zhuo 2018,0.877,-0.323,2,Ga-Te-Tl,0.503,0.993
TlHg6S4Br5,3.03,consensus of 1 report,1,3.03,Zhuo 2018,2.828,-0.202,2,Br-Hg-S-Tl,1.797,2.82
TlHg6Se4Br5,2.8,consensus of 1 report,1,2.8,Zhuo 2018,2.242,-0.558,1,Br-Hg-Se-Tl,1.602,2.573
TlI,2.87,Borlido 2019,3,2.1; 2.87; 2.92,Borlido 2019,1.95,-0.92,2,I-Tl,1.812,2.717
TlInGeS4,2.3,consensus of 1 report,1,2.3,Zhuo 2018,1.941,-0.359,0,Ge-In-S-Tl,,
TlInHgS3,1.74,consensus of 1 report,1,1.74,Zhuo 2018,2.235,0.495,2,Hg-In-S-Tl,1.411,2.171
TlInS2,2.275,consensus of 4 reports,4,2.2; 2.25; 2.3; 2.52,Zhuo 2018,1.976,-0.299,2,In-S-Tl,0.933,1.656
TlInSe2,1.19,Borlido 2019,12,1.07; 1.1; 1.12; 1.14; 1.18; 1.19; 1.19; 1.2; 1.21; 1.22; 1.4; 1.44,Borlido 2019; Zhuo 2018,1.463,0.273,3,In-Se-Tl,0.823,1.407
TlInTe2,0.96,Borlido 2019,4,0.62; 0.68; 0.7; 0.96,Borlido 2019; Zhuo 2018,0.571,-0.389,2,In-Te-Tl,0.54,1.042
TlN,1.4,consensus of 1 report,1,1.4,Zhuo 2018,1.153,-0.247,0,N-Tl,0.0,0.0
TlN3,3.58,consensus of 1 report,1,3.58,Zhuo 2018,2.283,-1.297,0,N-Tl,1.557,2.201
TlPS2,1.65,consensus of 2 reports,2,1.6; 1.7,Zhuo 2018,1.51,-0.14,4,P-S-Tl,0.174,
TlPSe2,0.55,consensus of 2 reports,2,0.5; 0.6,Zhuo 2018,1.359,0.809,1,P-Se-Tl,,
TlS,1.36,Borlido 2019,3,1.36; 1.36; 1.37,Borlido 2019; Zhuo 2018,1.11,-0.25,2,S-Tl,0.313,1.122
TlS2,1.8,consensus of 1 report,1,1.8,Zhuo 2018,1.612,-0.188,2,S-Tl,,
TlSbS2,1.71,consensus of 4 reports,4,1.42; 1.54; 1.88; 1.92,Zhuo 2018,1.38,-0.33,0,S-Sb-Tl,1.132,1.856
TlSbSe2,0.82,consensus of 1 report,1,0.82,Zhuo 2018,0.778,-0.042,0,Sb-Se-Tl,0.709,1.171
TlSbTe3,0.38,consensus of 1 report,1,0.38,Zhuo 2018,0.485,0.105,4,Sb-Te-Tl,,
TlSe,0.73,Borlido 2019,14,0.56; 0.57; 0.65; 0.67; 0.7; 0.71; 0.73; 0.73; 0.74; 0.75; 0.79; 0.8; 0.96; 1.3,Borlido 2019; Zhuo 2018,1.24,0.51,4,Se-Tl,0.128,0.647
TlSnAuSe3,1.2,consensus of 1 report,1,1.2,Zhuo 2018,0.814,-0.386,3,Au-Se-Sn-Tl,,
TlTeP,0.3,consensus of 1 report,1,0.3,Zhuo 2018,1.017,0.717,4,P-Te-Tl,,
Tm(CuTe)3,0.14,consensus of 1 report,1,0.14,Zhuo 2018,0.309,0.169,2,Cu-Te-Tm,0.395,
Tm2O3,4.53,consensus of 1 report,1,4.53,Zhuo 2018,4.514,-0.016,1,O-Tm,4.259,6.132
Tm4Sb2Se11.68,1.22,consensus of 1 report,1,1.22,Zhuo 2018,0.742,-0.478,1,Sb-Se-Tm,,
TmAs,1.18,consensus of 1 report,1,1.18,Zhuo 2018,0.801,-0.379,3,As-Tm,0.0,0.0
V2Bi4O11,2.0,consensus of 1 report,1,2,Zhuo 2018,2.483,0.483,3,Bi-O-V,2.275,
V2Cd2Te2O11,2.48,consensus of 1 report,1,2.48,Zhuo 2018,3.045,0.565,0,Cd-O-Te-V,,
V2O5,2.35,consensus of 6 reports,6,2.3; 2.32; 2.34; 2.36; 2.49; 2.54,Zhuo 2018,2.029,-0.321,4,O-V,1.642,2.243
V2Pb4(Se2O7)3,3.37,consensus of 1 report,1,3.37,Zhuo 2018,3.065,-0.305,0,O-Pb-Se-V,,
V2Zn3TeO10,2.96,consensus of 1 report,1,2.96,Zhuo 2018,2.58,-0.38,4,O-Te-V-Zn,,
V3As2O9,0.76,consensus of 1 report,1,0.76,Zhuo 2018,1.94,1.18,4,As-O-V,0.34,
V3Bi(PbO4)3,2.5,consensus of 1 report,1,2.5,Zhuo 2018,2.384,-0.116,3,Bi-O-Pb-V,,
V3Cd4(TeO5)3,2.66,consensus of 1 report,1,2.66,Zhuo 2018,2.471,-0.189,0,Cd-O-Te-V,,
V3Pb2Se5O18,3.14,consensus of 1 report,1,3.14,Zhuo 2018,2.496,-0.644,0,O-Pb-Se-V,,
VAg(IO4)2,2.24,consensus of 1 report,1,2.24,Zhuo 2018,2.547,0.307,0,Ag-I-O-V,,
VAg2I3O11,2.16,consensus of 1 report,1,2.16,Zhuo 2018,2.7,0.54,0,Ag-I-O-V,,
VBi(SeO4)2,2.2,consensus of 1 report,1,2.2,Zhuo 2018,2.804,0.604,1,Bi-O-Se-V,,
VBi24O41,3.25,consensus of 1 report,1,3.25,Zhuo 2018,3.122,-0.128,3,Bi-O-V,,
VCu3S4,1.0,consensus of 1 report,1,1,Zhuo 2018,2.105,1.105,3,Cu-S-V,1.272,1.59
VFeSb,0.46,consensus of 1 report,1,0.46,Zhuo 2018,0.504,0.044,0,Fe-Sb-V,0.514,
VGa(TeO4)2,3.0,consensus of 1 report,1,3,Zhuo 2018,2.498,-0.502,0,Ga-O-Te-V,,
VIn(NiO3)2,1.92,consensus of 1 report,1,1.92,Zhuo 2018,2.419,0.499,0,In-Ni-O-V,,
VO,0.3,consensus of 1 report,1,0.3,Zhuo 2018,1.855,1.555,4,O-V,0.0,2.599
VO2,0.65,consensus of 4 reports,5,0.4; 0.5; 0.65; 0.66; 0.66,Zhuo 2018,1.31,0.66,4,O-V,0.0,1.514
VTeHO5,2.51,consensus of 1 report,1,2.51,Zhuo 2018,3.357,0.847,1,H-O-Te-V,,
VZn2BiO6,2.4,consensus of 1 report,1,2.4,Zhuo 2018,2.962,0.562,0,Bi-O-V-Zn,2.831,3.708
WO3,2.8,consensus of 3 reports,3,2.7; 2.8; 2.9,Zhuo 2018,2.946,0.146,2,O-W,1.145,2.222
WS2,1.35,Borlido 2019,1,1.35,Borlido 2019,1.214,-0.136,3,S-W,0.803,1.574
WSe2,1.2,Borlido 2019,5,1.2; 1.35; 1.45; 1.49; 1.57,Borlido 2019; Zhuo 2018,1.128,-0.072,2,Se-W,1.126,1.587
Xe,9.29,Borlido 2019,1,9.29,Borlido 2019,12.58,3.29,0,Xe,6.147,8.381
Y(CuSe)3,0.88,consensus of 1 report,1,0.88,Zhuo 2018,0.59,-0.29,1,Cu-Se-Y,1.095,
Y(CuTe)3,0.72,consensus of 1 report,1,0.72,Zhuo 2018,0.623,-0.097,3,Cu-Te-Y,0.766,
Y2O3,5.6,consensus of 1 report,1,5.6,Zhuo 2018,5.911,0.311,3,O-Y,4.119,5.539
Y2S3,2.9,consensus of 1 report,1,2.9,Zhuo 2018,2.09,-0.81,2,S-Y,0.689,1.468
Y3GaS6,2.88,consensus of 1 report,1,2.88,Zhuo 2018,2.486,-0.394,3,Ga-S-Y,2.073,2.97
Y4GaSbS9,2.06,consensus of 1 report,1,2.06,Zhuo 2018,2.166,0.106,1,Ga-S-Sb-Y,,
Y6Zn(SiS7)2,2.38,consensus of 1 report,1,2.38,Zhuo 2018,2.482,0.102,2,S-Si-Y-Zn,2.192,2.846
YB66,0.8,consensus of 1 report,1,0.8,Zhuo 2018,0.947,0.147,4,B-Y,,
YCd4B3O10,3.78,consensus of 1 report,1,3.78,Zhuo 2018,3.216,-0.564,4,B-Cd-O-Y,,
YCuO2,3.5,consensus of 1 report,1,3.5,Zhuo 2018,2.853,-0.647,1,Cu-O-Y,2.877,2.885
YF3,12.5,Borlido 2019,1,12.5,Borlido 2019,9.39,-3.11,1,F-Y,7.745,9.205
YH2NO5,4.83,consensus of 1 report,1,4.83,Zhuo 2018,4.885,0.055,3,H-N-O-Y,,
YMoClO4,3.82,consensus of 1 report,1,3.82,Zhuo 2018,3.576,-0.244,1,Cl-Mo-O-Y,2.581,3.599
YMoO4F,3.78,consensus of 1 report,1,3.78,Zhuo 2018,5.068,1.288,2,F-Mo-O-Y,3.742,
YN,1.9,consensus of 1 report,1,1.9,Zhuo 2018,1.063,-0.837,4,N-Y,0.516,1.583
YNiSb,0.18,Borlido 2019,3,0.18; 0.18; 0.29,Borlido 2019; Zhuo 2018,0.241,0.061,0,Ni-Sb-Y,0.282,0.383
YSbPd,0.27,consensus of 1 report,1,0.27,Zhuo 2018,0.425,0.155,2,Pd-Sb-Y,,
YSbPt,0.16,Borlido 2019,2,0.16; 0.16,Borlido 2019; Zhuo 2018,0.381,0.221,2,Pt-Sb-Y,0.077,0.61
YV(BiO4)2,2.09,consensus of 1 report,1,2.09,Zhuo 2018,2.709,0.619,1,Bi-O-V-Y,,
YVSeO10,2.7,consensus of 1 report,1,2.7,Zhuo 2018,2.353,-0.347,3,O-Se-V-Y,,
YVTeO10,2.2,consensus of 1 report,1,2.2,Zhuo 2018,2.66,0.46,2,O-Te-V-Y,,
YZnBiO4,1.58,consensus of 1 report,1,1.58,Zhuo 2018,2.869,1.289,3,Bi-O-Y-Zn,,
Yb(CuS)3,1.56,consensus of 1 report,1,1.56,Zhuo 2018,1.446,-0.114,4,Cu-S-Yb,0.0,
Yb(CuSe)3,0.2,consensus of 1 report,1,0.2,Zhuo 2018,0.29,0.09,4,Cu-Se-Yb,0.0,
Yb(GaS2)2,2.3,consensus of 1 report,1,2.3,Zhuo 2018,2.74,0.44,0,Ga-S-Yb,2.571,
Yb(GaSe2)2,1.8,consensus of 1 report,1,1.8,Zhuo 2018,2.04,0.24,1,Ga-Se-Yb,1.577,
Yb(InS2)3,1.31,consensus of 1 report,1,1.31,Zhuo 2018,1.615,0.305,0,In-S-Yb,,
Yb(SbS2)2,1.12,consensus of 1 report,1,1.12,Zhuo 2018,1.374,0.254,0,S-Sb-Yb,0.974,
Yb(SbTe2)2,0.34,consensus of 1 report,1,0.34,Zhuo 2018,0.603,0.263,1,Sb-Te-Yb,0.605,
Yb2EuS4,1.6,consensus of 1 report,1,1.6,Zhuo 2018,1.317,-0.283,1,Eu-S-Yb,,
Yb2EuSe4,1.3,consensus of 1 report,1,1.3,Zhuo 2018,1.53,0.23,3,Eu-Se-Yb,,
Yb2O3,5.22,consensus of 1 report,1,5.22,Zhuo 2018,2.121,-3.099,1,O-Yb,0.0,
Yb4Sb2S11.25,1.71,consensus of 1 report,1,1.71,Zhuo 2018,2.119,0.409,0,S-Sb-Yb,,
YbAs,1.02,consensus of 1 report,1,1.02,Zhuo 2018,1.198,0.178,1,As-Yb,0.0,
YbB66,1.27,consensus of 1 report,1,1.27,Zhuo 2018,1.065,-0.205,3,B-Yb,,
YbCe2CuS5,1.37,consensus of 1 report,1,1.37,Zhuo 2018,1.608,0.238,3,Ce-Cu-S-Yb,,
YbCe2CuSe5,1.05,consensus of 1 report,1,1.05,Zhuo 2018,1.172,0.122,1,Ce-Cu-Se-Yb,,
YbNd2CuS5,1.35,consensus of 1 report,1,1.35,Zhuo 2018,1.243,-0.107,4,Cu-Nd-S-Yb,,
YbPr2CuS5,1.25,consensus of 1 report,1,1.25,Zhuo 2018,1.379,0.129,2,Cu-Pr-S-Yb,,
YbS,1.1,consensus of 3 reports,3,0.98; 1.1; 1.33,Zhuo 2018,2.632,1.532,0,S-Yb,2.207,3.458
YbSb,1.0,consensus of 1 report,1,1,Zhuo 2018,0.729,-0.271,3,Sb-Yb,0.0,0.0
YbSb4Te7,0.22,consensus of 1 report,1,0.22,Zhuo 2018,0.641,0.421,1,Sb-Te-Yb,,
YbSe,1.5,consensus of 1 report,1,1.5,Zhuo 2018,2.004,0.504,1,Se-Yb,2.052,3.496
YbSm2CuS5,1.28,consensus of 1 report,1,1.28,Zhuo 2018,1.781,0.501,1,Cu-S-Sm-Yb,,
YbSnTe2,0.75,consensus of 1 report,1,0.75,Zhuo 2018,0.476,-0.274,2,Sn-Te-Yb,,
YbTe,1.8,consensus of 1 report,1,1.8,Zhuo 2018,1.582,-0.218,0,Te-Yb,1.486,2.545
YbWClO4,4.23,consensus of 1 report,1,4.23,Zhuo 2018,2.963,-1.267,4,Cl-O-W-Yb,,
Zn(Bi19O29)2,2.88,consensus of 1 report,1,2.88,Zhuo 2018,3.195,0.315,0,Bi-O-Zn,,
Zn(GaSe2)2,2.18,Borlido 2019,2,1.72; 2.18,Borlido 2019; Zhuo 2018,2.302,0.122,2,Ga-Se-Zn,1.458,2.589
Zn(GaTe2)2,1.33,Borlido 2019,1,1.33,Borlido 2019,1.784,0.454,0,Ga-Te-Zn,1.038,1.731
Zn(InS2)2,2.75,consensus of 10 reports,10,2.5; 2.6; 2.65; 2.68; 2.7; 2.8; 2.85; 2.86; 2.9; 2.99,Zhuo 2018,1.776,-0.974,1,In-S-Zn,0.346,0.928
Zn(InSe2)2,1.975,consensus of 4 reports,4,1.82; 1.95; 2; 2.05,Zhuo 2018,1.914,-0.061,2,In-Se-Zn,0.809,2.098
Zn(InTe2)2,1.49,Borlido 2019,4,1.49; 1.8; 1.87; 1.95,Borlido 2019; Zhuo 2018,1.487,-0.003,0,In-Te-Zn,0.837,1.642
Zn0.01Cd0.99Se1,2.45,consensus of 2 reports,2,2.4; 2.5,Zhuo 2018,1.13,-1.32,3,Cd-Se-Zn,,
Zn0.01Ga0.99As0.99Se0.01,1.39,consensus of 1 report,1,1.39,Zhuo 2018,1.276,-0.114,3,As-Ga-Se-Zn,,
Zn0.01Ga0.99P0.99S0.01,2.25,consensus of 1 report,1,2.25,Zhuo 2018,2.287,0.037,3,Ga-P-S-Zn,,
Zn0.01Ga0.99P0.99Se0.01,2.24,consensus of 1 report,1,2.24,Zhuo 2018,2.321,0.081,4,Ga-P-Se-Zn,,
Zn0.01Ga0.99Sb0.99Te0.01,0.72,consensus of 1 report,1,0.72,Zhuo 2018,0.882,0.162,4,Ga-Sb-Te-Zn,,
Zn0.05Ga0.95Sb0.95Te0.05,0.85,consensus of 1 report,1,0.85,Zhuo 2018,0.868,0.018,4,Ga-Sb-Te-Zn,,
Zn0.15Cd0.85Se1,2.55,consensus of 2 reports,2,2.5; 2.6,Zhuo 2018,1.193,-1.357,3,Cd-Se-Zn,,
Zn0.15Ga0.85As0.85Se0.15,1.47,consensus of 1 report,1,1.47,Zhuo 2018,1.324,-0.146,3,As-Ga-Se-Zn,,
Zn0.1Ga0.9Sb0.9Te0.1,1.0,consensus of 1 report,1,1,Zhuo 2018,0.864,-0.136,4,Ga-Sb-Te-Zn,,
Zn0.25Ga0.75As0.75Se0.25,1.51,consensus of 1 report,1,1.51,Zhuo 2018,1.281,-0.229,3,As-Ga-Se-Zn,,
Zn0.25Ga0.75P0.75Se0.25,2.18,consensus of 1 report,1,2.18,Zhuo 2018,2.232,0.052,4,Ga-P-Se-Zn,,
Zn0.2Ga0.8Sb0.8Te0.2,1.15,consensus of 1 report,1,1.15,Zhuo 2018,0.853,-0.297,4,Ga-Sb-Te-Zn,,
Zn0.2Hg0.8Te1,0.075,consensus of 2 reports,2,0.07; 0.08,Zhuo 2018,0.652,0.577,3,Hg-Te-Zn,,
Zn0.3Ga0.7P0.7S0.3,2.3,consensus of 1 report,1,2.3,Zhuo 2018,2.235,-0.065,3,Ga-P-S-Zn,,
Zn0.42Ga0.58As0.58Se0.42,1.67,consensus of 1 report,1,1.67,Zhuo 2018,1.294,-0.376,3,As-Ga-Se-Zn,,
Zn0.43Cd0.57Se1,2.85,consensus of 2 reports,2,2.8; 2.9,Zhuo 2018,1.27,-1.58,3,Cd-Se-Zn,,
Zn0.4Hg0.6Se1,0.46,consensus of 2 reports,2,0.42; 0.5,Zhuo 2018,1.489,1.029,0,Hg-Se-Zn,,
Zn0.55Ga0.45P0.45S0.55,2.35,consensus of 2 reports,2,2.3; 2.4,Zhuo 2018,2.317,-0.033,3,Ga-P-S-Zn,,
Zn0.55Hg0.45Se1,0.8,consensus of 1 report,1,0.8,Zhuo 2018,1.581,0.781,0,Hg-Se-Zn,,
Zn0.5Cd0.5Se1,2.95,consensus of 2 reports,2,2.9; 3,Zhuo 2018,1.304,-1.646,3,Cd-Se-Zn,,
Zn0.5Ga0.5As0.5Se0.5,1.52,consensus of 1 report,1,1.52,Zhuo 2018,1.374,-0.146,3,As-Ga-Se-Zn,,
Zn0.5Ga0.5P0.5Se0.5,2.13,consensus of 1 report,1,2.13,Zhuo 2018,2.208,0.078,4,Ga-P-Se-Zn,,
Zn0.5Hg0.5Se1,0.675,consensus of 2 reports,2,0.6; 0.75,Zhuo 2018,1.628,0.953,0,Hg-Se-Zn,,
Zn0.65Hg0.35Se1,1.0,consensus of 1 report,1,1,Zhuo 2018,1.566,0.566,0,Hg-Se-Zn,,
Zn0.6Ga0.4As0.4Se0.6,1.8,consensus of 1 report,1,1.8,Zhuo 2018,1.249,-0.551,3,As-Ga-Se-Zn,,
Zn0.75Cd0.25Se1,3.25,consensus of 2 reports,2,3.2; 3.3,Zhuo 2018,1.496,-1.754,3,Cd-Se-Zn,,
Zn0.75Hg0.25Se1,1.4,consensus of 1 report,1,1.4,Zhuo 2018,1.671,0.271,0,Hg-Se-Zn,,
Zn0.75Hg0.25Te1,1.31,consensus of 2 reports,2,1.25; 1.37,Zhuo 2018,0.886,-0.424,3,Hg-Te-Zn,,
Zn0.7Ga0.3As0.3Se0.7,1.93,consensus of 1 report,1,1.93,Zhuo 2018,1.619,-0.311,3,As-Ga-Se-Zn,,
Zn0.7Ga0.3P0.3S0.7,2.45,consensus of 2 reports,2,2.4; 2.5,Zhuo 2018,2.402,-0.048,3,Ga-P-S-Zn,,
Zn0.7Ga0.3P0.3Se0.7,2.15,consensus of 1 report,1,2.15,Zhuo 2018,2.274,0.124,4,Ga-P-Se-Zn,,
Zn0.85Ga0.15As0.15Se0.85,2.25,consensus of 1 report,1,2.25,Zhuo 2018,1.81,-0.44,3,As-Ga-Se-Zn,,
Zn0.85Ga0.15P0.15S0.85,2.65,consensus of 2 reports,2,2.4; 2.9,Zhuo 2018,2.411,-0.239,3,Ga-P-S-Zn,,
Zn0.85Hg0.15Se1,1.8,consensus of 1 report,1,1.8,Zhuo 2018,1.81,0.01,0,Hg-Se-Zn,,
Zn0.86Hg0.14Te1,1.695,consensus of 2 reports,2,1.66; 1.73,Zhuo 2018,1.02,-0.675,3,Hg-Te-Zn,,
Zn0.8Hg0.2Se1,1.4,consensus of 1 report,1,1.4,Zhuo 2018,1.67,0.27,0,Hg-Se-Zn,,
Zn0.8Hg0.2Te1,1.43,consensus of 2 reports,2,1.4; 1.46,Zhuo 2018,0.9,-0.53,3,Hg-Te-Zn,,
Zn0.92Hg0.08Te1,1.9,consensus of 1 report,1,1.9,Zhuo 2018,1.356,-0.544,3,Hg-Te-Zn,,
Zn0.94Hg0.06Te1,2.075,consensus of 2 reports,2,2.03; 2.12,Zhuo 2018,1.481,-0.594,3,Hg-Te-Zn,,
Zn0.95Ga0.05P0.05S0.95,2.85,consensus of 2 reports,2,2.7; 3,Zhuo 2018,2.464,-0.386,3,Ga-P-S-Zn,,
Zn0.95Ga0.05P0.05Se0.95,2.4,consensus of 1 report,1,2.4,Zhuo 2018,2.493,0.093,4,Ga-P-Se-Zn,,
Zn0.99Cd0.01Se1,3.65,consensus of 2 reports,2,3.6; 3.7,Zhuo 2018,2.047,-1.603,3,Cd-Se-Zn,,
Zn0.99Ga0.01As0.01Se0.99,2.59,consensus of 1 report,1,2.59,Zhuo 2018,2.4,-0.19,3,As-Ga-Se-Zn,,
Zn0.99Ga0.01P0.01S0.99,3.7,consensus of 1 report,1,3.7,Zhuo 2018,2.49,-1.21,3,Ga-P-S-Zn,,
Zn0.99Ga0.01P0.01Se0.99,2.6,consensus of 1 report,1,2.6,Zhuo 2018,2.717,0.117,4,Ga-P-Se-Zn,,
Zn0.99Ga0.01Sb0.01Te0.99,2.1,consensus of 1 report,1,2.1,Zhuo 2018,1.714,-0.386,4,Ga-Sb-Te-Zn,,
Zn0.99Hg0.01Se1,2.6,consensus of 1 report,1,2.6,Zhuo 2018,2.129,-0.471,0,Hg-Se-Zn,,
Zn0.99Hg0.01Te1,2.235,consensus of 2 reports,2,2.17; 2.3,Zhuo 2018,1.556,-0.679,3,Hg-Te-Zn,,
Zn0.9Ga0.1As0.1Se0.9,2.34,consensus of 1 report,1,2.34,Zhuo 2018,2.149,-0.191,3,As-Ga-Se-Zn,,
Zn0.9Ga0.1P0.1S0.9,2.8,consensus of 1 report,1,2.8,Zhuo 2018,2.524,-0.276,3,Ga-P-S-Zn,,
Zn0.9Ga0.1P0.1Se0.9,2.3,consensus of 1 report,1,2.3,Zhuo 2018,2.162,-0.138,4,Ga-P-Se-Zn,,
Zn0.9Hg0.1Se1,1.75,consensus of 1 report,1,1.75,Zhuo 2018,1.816,0.066,0,Hg-Se-Zn,,
Zn0.9Hg0.1Te1,1.785,consensus of 2 reports,2,1.74; 1.83,Zhuo 2018,1.182,-0.603,3,Hg-Te-Zn,,
Zn2In2S5,2.68,consensus of 5 reports,5,2.5; 2.65; 2.68; 2.7; 2.95,Zhuo 2018,1.87,-0.81,1,In-S-Zn,0.145,0.726
Zn2InCuSe4,1.1,consensus of 1 report,1,1.1,Zhuo 2018,1.538,0.438,2,Cu-In-Se-Zn,0.131,0.865
Zn2InCuTe4,1.05,consensus of 1 report,1,1.05,Zhuo 2018,1.155,0.105,0,Cu-In-Te-Zn,,
Zn2MoSeO7,4.2,consensus of 1 report,1,4.2,Zhuo 2018,3.98,-0.22,0,Mo-O-Se-Zn,3.628,
Zn2TeMoO7,4.1,consensus of 1 report,1,4.1,Zhuo 2018,3.907,-0.193,0,Mo-O-Te-Zn,3.31,
Zn3(BO3)2,2.6,consensus of 1 report,1,2.6,Zhuo 2018,4.251,1.651,3,B-O-Zn,,
Zn3(InS3)2,2.925,consensus of 2 reports,2,2.8; 3.05,Zhuo 2018,1.833,-1.092,1,In-S-Zn,0.128,0.657
Zn3(PS4)2,3.07,consensus of 1 report,1,3.07,Zhuo 2018,3.048,-0.022,3,P-S-Zn,2.322,3.405
Zn3.5Ga1Sn0.5O6,2.99,consensus of 1 report,1,2.99,Zhuo 2018,3.618,0.628,2,Ga-O-Sn-Zn,,
Zn3As2,0.99,consensus of 8 reports,8,0.86; 0.93; 0.96; 0.98; 1; 1.09; 1.1; 1.11,Zhuo 2018,0.63,-0.36,0,As-Zn,0.131,0.561
Zn3P2,1.175,consensus of 2 reports,2,1.15; 1.2,Zhuo 2018,1.535,0.36,0,P-Zn,0.479,1.07
Zn3Sb2,0.2,consensus of 3 reports,3,0.11; 0.2; 0.22,Zhuo 2018,1.026,0.826,2,Sb-Zn,,
Zn4.5Ga1Sn0.5O7,3.0,consensus of 1 report,1,3,Zhuo 2018,3.584,0.584,2,Ga-O-Sn-Zn,,
Zn4Sb3,1.1,consensus of 2 reports,2,1; 1.2,Zhuo 2018,1.334,0.234,2,Sb-Zn,,
Zn5.5Ga1Sn0.5O8,2.99,consensus of 1 report,1,2.99,Zhuo 2018,3.659,0.669,2,Ga-O-Sn-Zn,,
Zn6S5Cl2,2.71,consensus of 1 report,1,2.71,Zhuo 2018,3.1,0.39,2,Cl-S-Zn,,
ZnAs,0.9,consensus of 1 report,1,0.9,Zhuo 2018,1.037,0.137,0,As-Zn,0.422,1.049
ZnAs2,0.97,Borlido 2019,7,0.9; 0.91; 0.92; 0.93; 0.97; 1.2; 1.3,Borlido 2019; Zhuo 2018,1.148,0.178,0,As-Zn,0.255,0.919
ZnB12(H5O12)2,4.6,consensus of 1 report,1,4.6,Zhuo 2018,5.79,1.19,0,B-H-O-Zn,,
ZnCu2GeS4,2.1,consensus of 1 report,1,2.1,Zhuo 2018,2.125,0.025,1,Cu-Ge-S-Zn,0.392,1.255
ZnCu2GeSe4,1.29,Borlido 2019,2,1.29; 1.63,Borlido 2019; Zhuo 2018,1.362,0.072,4,Cu-Ge-Se-Zn,0.0,0.536
ZnCu2SiS4,2.97,Borlido 2019,4,2.97; 3; 3.2; 3.25,Borlido 2019; Zhuo 2018,2.452,-0.518,4,Cu-S-Si-Zn,1.488,2.228
ZnCu2SiSe4,2.33,consensus of 1 report,1,2.33,Zhuo 2018,1.901,-0.429,0,Cu-Se-Si-Zn,0.663,1.817
ZnCu2SiTe4,1.47,consensus of 1 report,1,1.47,Zhuo 2018,0.893,-0.577,3,Cu-Si-Te-Zn,0.271,0.959
ZnCu2SnS4,1.51,Borlido 2019,1,1.51,Borlido 2019,1.46,-0.05,0,Cu-S-Sn-Zn,0.11,1.118
ZnCu2SnSe4,1.44,consensus of 1 report,1,1.44,Zhuo 2018,0.958,-0.482,0,Cu-Se-Sn-Zn,0.0,0.492
ZnCu2SnTe4,1.39,consensus of 1 report,1,1.39,Zhuo 2018,0.929,-0.461,3,Cu-Sn-Te-Zn,0.0,0.38
ZnGeAs2,1.15,Borlido 2019,4,1.05; 1.1; 1.15; 1.16,Borlido 2019; Zhuo 2018,1.037,-0.113,4,As-Ge-Zn,0.079,1.073
ZnGeN2,3.36,Borlido 2019,3,2.9; 3.2; 3.36,Borlido 2019; Zhuo 2018,3.642,0.282,4,Ge-N-Zn,1.866,2.913
ZnGeP2,2.02,Borlido 2019,5,2; 2.02; 2.1; 2.2; 2.34,Borlido 2019; Zhuo 2018,2.042,0.022,3,Ge-P-Zn,1.054,1.834
ZnHg3(SCl2)2,2.65,consensus of 1 report,1,2.65,Zhuo 2018,2.003,-0.647,4,Cl-Hg-S-Zn,0.045,0.556
ZnHg3(SeCl2)2,2.23,consensus of 1 report,1,2.23,Zhuo 2018,3.36,1.13,0,Cl-Hg-Se-Zn,,
ZnI2,4.53,consensus of 1 report,1,4.53,Zhuo 2018,3.331,-1.199,3,I-Zn,1.991,2.972
ZnO,3.44,Borlido 2019,23,3.2; 3.25; 3.26; 3.3; 3.31; 3.35; 3.35; 3.42; 3.44; 3.44; 3.44; 3.44; 3.44; 3.44; 3.44; 3.44; 3.45; 3.46; 3.48; 3.48; 3.48; 3.49; 3.51,Borlido 2019; Zhuo 2018,4.034,0.594,3,O-Zn,1.75,2.482
ZnP2,1.42,Borlido 2019,1,1.42,Borlido 2019,2.362,0.942,0,P-Zn,1.431,2.167
ZnS,3.815,Borlido 2019,22,3.54; 3.56; 3.58; 3.6; 3.63; 3.64; 3.66; 3.67; 3.68; 3.69; 3.7; 3.7; 3.72; 3.73; 3.74; 3.76; 3.78; 3.82; 3.85; 3.87; 3.88; 3.91,Borlido 2019; Zhuo 2018,3.996,0.181,1,S-Zn,2.705,3.5
ZnSb,0.5,Borlido 2019,4,0.5; 1.05; 1.09; 1.11,Borlido 2019; Zhuo 2018,0.885,0.385,2,Sb-Zn,0.12,0.63
ZnSb2MoO7,3.3,consensus of 1 report,1,3.3,Zhuo 2018,3.502,0.202,2,Mo-O-Sb-Zn,,
ZnSe,2.82,Borlido 2019,17,2.67; 2.68; 2.69; 2.7; 2.71; 2.76; 2.79; 2.8; 2.8; 2.81; 2.82; 2.82; 2.82; 2.82; 2.82; 2.83; 2.87,Borlido 2019; Zhuo 2018,3.451,0.631,2,Se-Zn,1.796,2.609
ZnSi(AgS2)2,3.28,consensus of 1 report,1,3.28,Zhuo 2018,2.896,-0.384,3,Ag-S-Si-Zn,1.721,2.919
ZnSiAs2,1.93,Borlido 2019,2,1.93; 2.12,Borlido 2019; Zhuo 2018,1.735,-0.195,1,As-Si-Zn,0.997,1.762
ZnSiP2,2.0,Borlido 2019,2,2; 2.07,Borlido 2019; Zhuo 2018,2.134,0.134,1,P-Si-Zn,1.37,1.975
ZnSnAs2,0.75,Borlido 2019,7,0.6; 0.65; 0.66; 0.67; 0.74; 0.75; 0.9,Borlido 2019; Zhuo 2018,0.941,0.191,2,As-Sn-Zn,0.001,0.558
ZnSnO3,3.9,Borlido 2019,2,3.9; 3.9,Borlido 2019; Zhuo 2018,3.507,-0.393,1,O-Sn-Zn,1.539,3.05
ZnSnP2,1.68,Borlido 2019,5,1.3; 1.45; 1.66; 1.68; 2.1,Borlido 2019; Zhuo 2018,1.557,-0.123,3,P-Sn-Zn,0.586,1.607
ZnSnSb2,0.4,Borlido 2019,3,0.3; 0.4; 0.4,Borlido 2019; Zhuo 2018,0.535,0.135,2,Sb-Sn-Zn,0.0,0.309
ZnTe,2.28,curated literature,19,2.1; 2.18; 2.2; 2.23; 2.24; 2.25; 2.26; 2.26; 2.28; 2.28; 2.29; 2.3; 2.34; 2.35; 2.37; 2.37; 2.39; 2.39; 2.4,Zhuo 2018; curated literature,2.118,-0.162,4,Te-Zn,1.057,2.198
Zr0.67Ta1.33N3.03O0.12,1.71,consensus of 1 report,1,1.71,Zhuo 2018,1.964,0.254,4,N-O-Ta-Zr,,
Zr1.33Ta0.67N1.63O1.89,2.48,consensus of 1 report,1,2.48,Zhuo 2018,2.408,-0.072,4,N-O-Ta-Zr,,
Zr1.33Ta0.67N1.97O1.38,2.31,consensus of 1 report,1,2.31,Zhuo 2018,2.506,0.196,4,N-O-Ta-Zr,,
Zr1.33Ta0.67N2.61O0.42,1.93,consensus of 1 report,1,1.93,Zhuo 2018,1.952,0.022,4,N-O-Ta-Zr,,
Zr1.86Cu1S4,1.26,consensus of 1 report,1,1.26,Zhuo 2018,1.658,0.398,0,Cu-S-Zr,,
Zr3O,0.2,consensus of 1 report,1,0.2,Zhuo 2018,0.788,0.588,2,O-Zr,0.0,0.0
Zr6O,0.18,consensus of 1 report,1,0.18,Zhuo 2018,1.122,0.942,2,O-Zr,,
ZrC,0.6,consensus of 1 report,1,0.6,Zhuo 2018,0.898,0.298,0,C-Zr,0.0,0.0
ZrHg4(AsCl3)2,2.48,consensus of 1 report,1,2.48,Zhuo 2018,2.418,-0.062,4,As-Cl-Hg-Zr,,
ZrHg4(PCl3)2,3.22,consensus of 1 report,1,3.22,Zhuo 2018,3.183,-0.037,0,Cl-Hg-P-Zr,,
ZrNiSb,0.55,consensus of 1 report,1,0.55,Zhuo 2018,0.206,-0.344,3,Ni-Sb-Zr,0.0,
ZrO2,4.99,consensus of 1 report,1,4.99,Zhuo 2018,4.807,-0.183,2,O-Zr,3.718,4.6
ZrS2,1.68,Borlido 2019,2,1.68; 2.75,Borlido 2019; Zhuo 2018,1.726,0.046,1,S-Zr,0.953,1.62
ZrS3,2.225,consensus of 2 reports,2,2.17; 2.28,Zhuo 2018,1.227,-0.998,1,S-Zr,1.206,1.561
ZrSe2,1.18,Borlido 2019,2,1.18; 2,Borlido 2019; Zhuo 2018,1.377,0.197,2,Se-Zr,0.275,0.52
ZrSe3,1.5,consensus of 3 reports,3,1.25; 1.5; 1.6,Zhuo 2018,1.168,-0.332,2,Se-Zr,0.301,0.89
ZrTaN3,1.72,consensus of 1 report,1,1.72,Zhuo 2018,1.885,0.165,1,N-Ta-Zr,,
